STRUCTURE,STRUCTURE_ID,ACTION,FREQ,CLIMATE_CHANGE_INDICATORS,GEO_PICT,TIME_PERIOD,OBS_VALUE,OBS_STATUS,UNIT_MEASURE,ERROR_TYPE,ERROR_VAL,REPORTING_TYPE,OBS_COMMENT
DATAFLOW,SPC:DF_CLIMATE_CHANGE(1.0),I,A,ST_ANOM,WF,1850,0,,CELSIUS,SE,0,N,
DATAFLOW,SPC:DF_CLIMATE_CHANGE(1.0),I,A,ST_ANOM,WF,1851,-0.4,,CELSIUS,SE,0,N,
DATAFLOW,SPC:DF_CLIMATE_CHANGE(1.0),I,A,ST_ANOM,WF,1852,-0.1,,CELSIUS,SE,0,N,
DATAFLOW,SPC:DF_CLIMATE_CHANGE(1.0),I,A,ST_ANOM,WF,1853,0.1,,CELSIUS,SE,0.1,N,
DATAFLOW,SPC:DF_CLIMATE_CHANGE(1.0),I,A,ST_ANOM,WF,1854,-0.1,,CELSIUS,SE,0.1,N,
DATAFLOW,SPC:DF_CLIMATE_CHANGE(1.0),I,A,ST_ANOM,WF,1855,-0.3,,CELSIUS,SE,0,N,
DATAFLOW,SPC:DF_CLIMATE_CHANGE(1.0),I,A,ST_ANOM,WF,1856,-0.3,,CELSIUS,SE,0.1,N,
DATAFLOW,SPC:DF_CLIMATE_CHANGE(1.0),I,A,ST_ANOM,WF,1857,-0.4,,CELSIUS,SE,0,N,
DATAFLOW,SPC:DF_CLIMATE_CHANGE(1.0),I,A,ST_ANOM,WF,1858,-0.2,,CELSIUS,SE,0,N,
DATAFLOW,SPC:DF_CLIMATE_CHANGE(1.0),I,A,ST_ANOM,WF,1859,0.1,,CELSIUS,SE,0,N,
DATAFLOW,SPC:DF_CLIMATE_CHANGE(1.0),I,A,ST_ANOM,WF,1860,-0.2,,CELSIUS,SE,0,N,
DATAFLOW,SPC:DF_CLIMATE_CHANGE(1.0),I,A,ST_ANOM,WF,1861,-0.5,,CELSIUS,SE,0.2,N,
DATAFLOW,SPC:DF_CLIMATE_CHANGE(1.0),I,A,ST_ANOM,WF,1862,-0.3,,CELSIUS,SE,0,N,
DATAFLOW,SPC:DF_CLIMATE_CHANGE(1.0),I,A,ST_ANOM,WF,1863,-0.3,,CELSIUS,SE,0,N,
DATAFLOW,SPC:DF_CLIMATE_CHANGE(1.0),I,A,ST_ANOM,WF,1864,-0.2,,CELSIUS,SE,0,N,
DATAFLOW,SPC:DF_CLIMATE_CHANGE(1.0),I,A,ST_ANOM,WF,1865,-0.2,,CELSIUS,SE,0,N,
DATAFLOW,SPC:DF_CLIMATE_CHANGE(1.0),I,A,ST_ANOM,WF,1866,-0.2,,CELSIUS,SE,0,N,
DATAFLOW,SPC:DF_CLIMATE_CHANGE(1.0),I,A,ST_ANOM,WF,1867,-0.1,,CELSIUS,SE,0.1,N,
DATAFLOW,SPC:DF_CLIMATE_CHANGE(1.0),I,A,ST_ANOM,WF,1868,-0.1,,CELSIUS,SE,0.1,N,
DATAFLOW,SPC:DF_CLIMATE_CHANGE(1.0),I,A,ST_ANOM,WF,1869,0,,CELSIUS,SE,0.1,N,
DATAFLOW,SPC:DF_CLIMATE_CHANGE(1.0),I,A,ST_ANOM,WF,1870,-0.2,,CELSIUS,SE,0,N,
DATAFLOW,SPC:DF_CLIMATE_CHANGE(1.0),I,A,ST_ANOM,WF,1871,0.1,,CELSIUS,SE,0.1,N,
DATAFLOW,SPC:DF_CLIMATE_CHANGE(1.0),I,A,ST_ANOM,WF,1872,0,,CELSIUS,SE,0.1,N,
DATAFLOW,SPC:DF_CLIMATE_CHANGE(1.0),I,A,ST_ANOM,WF,1873,-0.3,,CELSIUS,SE,0,N,
DATAFLOW,SPC:DF_CLIMATE_CHANGE(1.0),I,A,ST_ANOM,WF,1874,0,,CELSIUS,SE,0.1,N,
DATAFLOW,SPC:DF_CLIMATE_CHANGE(1.0),I,A,ST_ANOM,WF,1875,-0.2,,CELSIUS,SE,0.1,N,
DATAFLOW,SPC:DF_CLIMATE_CHANGE(1.0),I,A,ST_ANOM,WF,1876,-0.1,,CELSIUS,SE,0,N,
DATAFLOW,SPC:DF_CLIMATE_CHANGE(1.0),I,A,ST_ANOM,WF,1877,-0.2,,CELSIUS,SE,0.1,N,
DATAFLOW,SPC:DF_CLIMATE_CHANGE(1.0),I,A,ST_ANOM,WF,1878,-0.2,,CELSIUS,SE,0.1,N,
DATAFLOW,SPC:DF_CLIMATE_CHANGE(1.0),I,A,ST_ANOM,WF,1879,-0.2,,CELSIUS,SE,0,N,
DATAFLOW,SPC:DF_CLIMATE_CHANGE(1.0),I,A,ST_ANOM,WF,1880,-0.2,,CELSIUS,SE,0,N,
DATAFLOW,SPC:DF_CLIMATE_CHANGE(1.0),I,A,ST_ANOM,WF,1881,0.2,,CELSIUS,SE,0,N,
DATAFLOW,SPC:DF_CLIMATE_CHANGE(1.0),I,A,ST_ANOM,WF,1882,0.1,,CELSIUS,SE,0,N,
DATAFLOW,SPC:DF_CLIMATE_CHANGE(1.0),I,A,ST_ANOM,WF,1883,-0.3,,CELSIUS,SE,0,N,
DATAFLOW,SPC:DF_CLIMATE_CHANGE(1.0),I,A,ST_ANOM,WF,1884,-0.3,,CELSIUS,SE,0.1,N,
DATAFLOW,SPC:DF_CLIMATE_CHANGE(1.0),I,A,ST_ANOM,WF,1885,-0.5,,CELSIUS,SE,0.1,N,
DATAFLOW,SPC:DF_CLIMATE_CHANGE(1.0),I,A,ST_ANOM,WF,1886,-0.5,,CELSIUS,SE,0.1,N,
DATAFLOW,SPC:DF_CLIMATE_CHANGE(1.0),I,A,ST_ANOM,WF,1887,-0.3,,CELSIUS,SE,0.1,N,
DATAFLOW,SPC:DF_CLIMATE_CHANGE(1.0),I,A,ST_ANOM,WF,1888,-0.3,,CELSIUS,SE,0.1,N,
DATAFLOW,SPC:DF_CLIMATE_CHANGE(1.0),I,A,ST_ANOM,WF,1889,-0.3,,CELSIUS,SE,0.1,N,
DATAFLOW,SPC:DF_CLIMATE_CHANGE(1.0),I,A,ST_ANOM,WF,1890,-0.5,,CELSIUS,SE,0.1,N,
DATAFLOW,SPC:DF_CLIMATE_CHANGE(1.0),I,A,ST_ANOM,WF,1891,-0.4,,CELSIUS,SE,0.1,N,
DATAFLOW,SPC:DF_CLIMATE_CHANGE(1.0),I,A,ST_ANOM,WF,1892,-0.3,,CELSIUS,SE,0.1,N,
DATAFLOW,SPC:DF_CLIMATE_CHANGE(1.0),I,A,ST_ANOM,WF,1893,-0.6,,CELSIUS,SE,0.1,N,
DATAFLOW,SPC:DF_CLIMATE_CHANGE(1.0),I,A,ST_ANOM,WF,1894,-0.4,,CELSIUS,SE,0,N,
DATAFLOW,SPC:DF_CLIMATE_CHANGE(1.0),I,A,ST_ANOM,WF,1895,-0.2,,CELSIUS,SE,0.1,N,
DATAFLOW,SPC:DF_CLIMATE_CHANGE(1.0),I,A,ST_ANOM,WF,1896,-0.4,,CELSIUS,SE,0,N,
DATAFLOW,SPC:DF_CLIMATE_CHANGE(1.0),I,A,ST_ANOM,WF,1897,-0.3,,CELSIUS,SE,0.1,N,
DATAFLOW,SPC:DF_CLIMATE_CHANGE(1.0),I,A,ST_ANOM,WF,1898,-0.3,,CELSIUS,SE,0,N,
DATAFLOW,SPC:DF_CLIMATE_CHANGE(1.0),I,A,ST_ANOM,WF,1899,-0.2,,CELSIUS,SE,0.1,N,
DATAFLOW,SPC:DF_CLIMATE_CHANGE(1.0),I,A,ST_ANOM,WF,1900,-0.1,,CELSIUS,SE,0.1,N,
DATAFLOW,SPC:DF_CLIMATE_CHANGE(1.0),I,A,ST_ANOM,WF,1901,-0.1,,CELSIUS,SE,0,N,
DATAFLOW,SPC:DF_CLIMATE_CHANGE(1.0),I,A,ST_ANOM,WF,1902,-0.6,,CELSIUS,SE,0.1,N,
DATAFLOW,SPC:DF_CLIMATE_CHANGE(1.0),I,A,ST_ANOM,WF,1903,-0.4,,CELSIUS,SE,0.1,N,
DATAFLOW,SPC:DF_CLIMATE_CHANGE(1.0),I,A,ST_ANOM,WF,1904,-0.6,,CELSIUS,SE,0.1,N,
DATAFLOW,SPC:DF_CLIMATE_CHANGE(1.0),I,A,ST_ANOM,WF,1905,-0.5,,CELSIUS,SE,0,N,
DATAFLOW,SPC:DF_CLIMATE_CHANGE(1.0),I,A,ST_ANOM,WF,1906,-0.4,,CELSIUS,SE,0.1,N,
DATAFLOW,SPC:DF_CLIMATE_CHANGE(1.0),I,A,ST_ANOM,WF,1907,-0.5,,CELSIUS,SE,0.1,N,
DATAFLOW,SPC:DF_CLIMATE_CHANGE(1.0),I,A,ST_ANOM,WF,1908,-0.6,,CELSIUS,SE,0,N,
DATAFLOW,SPC:DF_CLIMATE_CHANGE(1.0),I,A,ST_ANOM,WF,1909,-0.7,,CELSIUS,SE,0.1,N,
DATAFLOW,SPC:DF_CLIMATE_CHANGE(1.0),I,A,ST_ANOM,WF,1910,-0.8,,CELSIUS,SE,0,N,
DATAFLOW,SPC:DF_CLIMATE_CHANGE(1.0),I,A,ST_ANOM,WF,1911,-0.6,,CELSIUS,SE,0,N,
DATAFLOW,SPC:DF_CLIMATE_CHANGE(1.0),I,A,ST_ANOM,WF,1912,-0.5,,CELSIUS,SE,0,N,
DATAFLOW,SPC:DF_CLIMATE_CHANGE(1.0),I,A,ST_ANOM,WF,1913,-0.6,,CELSIUS,SE,0,N,
DATAFLOW,SPC:DF_CLIMATE_CHANGE(1.0),I,A,ST_ANOM,WF,1914,-0.4,,CELSIUS,SE,0.1,N,
DATAFLOW,SPC:DF_CLIMATE_CHANGE(1.0),I,A,ST_ANOM,WF,1915,-0.3,,CELSIUS,SE,0,N,
DATAFLOW,SPC:DF_CLIMATE_CHANGE(1.0),I,A,ST_ANOM,WF,1916,-0.5,,CELSIUS,SE,0.1,N,
DATAFLOW,SPC:DF_CLIMATE_CHANGE(1.0),I,A,ST_ANOM,WF,1917,-0.9,,CELSIUS,SE,0.1,N,
DATAFLOW,SPC:DF_CLIMATE_CHANGE(1.0),I,A,ST_ANOM,WF,1918,-0.6,,CELSIUS,SE,0.1,N,
DATAFLOW,SPC:DF_CLIMATE_CHANGE(1.0),I,A,ST_ANOM,WF,1919,-1,,CELSIUS,SE,0.1,N,
DATAFLOW,SPC:DF_CLIMATE_CHANGE(1.0),I,A,ST_ANOM,WF,1920,-0.6,,CELSIUS,SE,0.1,N,
DATAFLOW,SPC:DF_CLIMATE_CHANGE(1.0),I,A,ST_ANOM,WF,1921,-0.5,,CELSIUS,SE,0.1,N,
DATAFLOW,SPC:DF_CLIMATE_CHANGE(1.0),I,A,ST_ANOM,WF,1922,-0.2,,CELSIUS,SE,0,N,
DATAFLOW,SPC:DF_CLIMATE_CHANGE(1.0),I,A,ST_ANOM,WF,1923,-0.4,,CELSIUS,SE,0,N,
DATAFLOW,SPC:DF_CLIMATE_CHANGE(1.0),I,A,ST_ANOM,WF,1924,-0.2,,CELSIUS,SE,0.1,N,
DATAFLOW,SPC:DF_CLIMATE_CHANGE(1.0),I,A,ST_ANOM,WF,1925,-0.3,,CELSIUS,SE,0.1,N,
DATAFLOW,SPC:DF_CLIMATE_CHANGE(1.0),I,A,ST_ANOM,WF,1926,-0.4,,CELSIUS,SE,0,N,
DATAFLOW,SPC:DF_CLIMATE_CHANGE(1.0),I,A,ST_ANOM,WF,1927,-0.4,,CELSIUS,SE,0.1,N,
DATAFLOW,SPC:DF_CLIMATE_CHANGE(1.0),I,A,ST_ANOM,WF,1928,-0.3,,CELSIUS,SE,0.1,N,
DATAFLOW,SPC:DF_CLIMATE_CHANGE(1.0),I,A,ST_ANOM,WF,1929,-0.3,,CELSIUS,SE,0,N,
DATAFLOW,SPC:DF_CLIMATE_CHANGE(1.0),I,A,ST_ANOM,WF,1930,-0.4,,CELSIUS,SE,0.1,N,
DATAFLOW,SPC:DF_CLIMATE_CHANGE(1.0),I,A,ST_ANOM,WF,1931,-0.4,,CELSIUS,SE,0,N,
DATAFLOW,SPC:DF_CLIMATE_CHANGE(1.0),I,A,ST_ANOM,WF,1932,-0.3,,CELSIUS,SE,0,N,
DATAFLOW,SPC:DF_CLIMATE_CHANGE(1.0),I,A,ST_ANOM,WF,1933,-0.6,,CELSIUS,SE,0.1,N,
DATAFLOW,SPC:DF_CLIMATE_CHANGE(1.0),I,A,ST_ANOM,WF,1934,-0.4,,CELSIUS,SE,0.1,N,
DATAFLOW,SPC:DF_CLIMATE_CHANGE(1.0),I,A,ST_ANOM,WF,1935,-0.4,,CELSIUS,SE,0,N,
DATAFLOW,SPC:DF_CLIMATE_CHANGE(1.0),I,A,ST_ANOM,WF,1936,-0.2,,CELSIUS,SE,0,N,
DATAFLOW,SPC:DF_CLIMATE_CHANGE(1.0),I,A,ST_ANOM,WF,1937,-0.3,,CELSIUS,SE,0,N,
DATAFLOW,SPC:DF_CLIMATE_CHANGE(1.0),I,A,ST_ANOM,WF,1938,-0.4,,CELSIUS,SE,0,N,
DATAFLOW,SPC:DF_CLIMATE_CHANGE(1.0),I,A,ST_ANOM,WF,1939,-0.5,,CELSIUS,SE,0,N,
DATAFLOW,SPC:DF_CLIMATE_CHANGE(1.0),I,A,ST_ANOM,WF,1940,-0.2,,CELSIUS,SE,0.1,N,
DATAFLOW,SPC:DF_CLIMATE_CHANGE(1.0),I,A,ST_ANOM,WF,1941,0,,CELSIUS,SE,0,N,
DATAFLOW,SPC:DF_CLIMATE_CHANGE(1.0),I,A,ST_ANOM,WF,1942,0,,CELSIUS,SE,0,N,
DATAFLOW,SPC:DF_CLIMATE_CHANGE(1.0),I,A,ST_ANOM,WF,1943,0,,CELSIUS,SE,0.1,N,
DATAFLOW,SPC:DF_CLIMATE_CHANGE(1.0),I,A,ST_ANOM,WF,1944,0.1,,CELSIUS,SE,0.1,N,
DATAFLOW,SPC:DF_CLIMATE_CHANGE(1.0),I,A,ST_ANOM,WF,1945,0,,CELSIUS,SE,0,N,
DATAFLOW,SPC:DF_CLIMATE_CHANGE(1.0),I,A,ST_ANOM,WF,1946,0.1,,CELSIUS,SE,0.1,N,
DATAFLOW,SPC:DF_CLIMATE_CHANGE(1.0),I,A,ST_ANOM,WF,1947,0.1,,CELSIUS,SE,0.1,N,
DATAFLOW,SPC:DF_CLIMATE_CHANGE(1.0),I,A,ST_ANOM,WF,1948,-0.2,,CELSIUS,SE,0.1,N,
DATAFLOW,SPC:DF_CLIMATE_CHANGE(1.0),I,A,ST_ANOM,WF,1949,-0.3,,CELSIUS,SE,0,N,
DATAFLOW,SPC:DF_CLIMATE_CHANGE(1.0),I,A,ST_ANOM,WF,1950,-0.3,,CELSIUS,SE,0.1,N,
DATAFLOW,SPC:DF_CLIMATE_CHANGE(1.0),I,A,ST_ANOM,WF,1951,-0.1,,CELSIUS,SE,0,N,
DATAFLOW,SPC:DF_CLIMATE_CHANGE(1.0),I,A,ST_ANOM,WF,1952,0,,CELSIUS,SE,0,N,
DATAFLOW,SPC:DF_CLIMATE_CHANGE(1.0),I,A,ST_ANOM,WF,1953,0,,CELSIUS,SE,0.1,N,
DATAFLOW,SPC:DF_CLIMATE_CHANGE(1.0),I,A,ST_ANOM,WF,1954,-0.2,,CELSIUS,SE,0.1,N,
DATAFLOW,SPC:DF_CLIMATE_CHANGE(1.0),I,A,ST_ANOM,WF,1955,-0.4,,CELSIUS,SE,0,N,
DATAFLOW,SPC:DF_CLIMATE_CHANGE(1.0),I,A,ST_ANOM,WF,1956,-0.3,,CELSIUS,SE,0.1,N,
DATAFLOW,SPC:DF_CLIMATE_CHANGE(1.0),I,A,ST_ANOM,WF,1957,-0.2,,CELSIUS,SE,0.1,N,
DATAFLOW,SPC:DF_CLIMATE_CHANGE(1.0),I,A,ST_ANOM,WF,1958,-0.1,,CELSIUS,SE,0,N,
DATAFLOW,SPC:DF_CLIMATE_CHANGE(1.0),I,A,ST_ANOM,WF,1959,-0.1,,CELSIUS,SE,0.1,N,
DATAFLOW,SPC:DF_CLIMATE_CHANGE(1.0),I,A,ST_ANOM,WF,1960,-0.1,,CELSIUS,SE,0.1,N,
DATAFLOW,SPC:DF_CLIMATE_CHANGE(1.0),I,A,ST_ANOM,WF,1961,-0.1,,CELSIUS,SE,0.1,N,
DATAFLOW,SPC:DF_CLIMATE_CHANGE(1.0),I,A,ST_ANOM,WF,1962,-0.1,,CELSIUS,SE,0,N,
DATAFLOW,SPC:DF_CLIMATE_CHANGE(1.0),I,A,ST_ANOM,WF,1963,-0.1,,CELSIUS,SE,0,N,
DATAFLOW,SPC:DF_CLIMATE_CHANGE(1.0),I,A,ST_ANOM,WF,1964,-0.2,,CELSIUS,SE,0.1,N,
DATAFLOW,SPC:DF_CLIMATE_CHANGE(1.0),I,A,ST_ANOM,WF,1965,-0.4,,CELSIUS,SE,0,N,
DATAFLOW,SPC:DF_CLIMATE_CHANGE(1.0),I,A,ST_ANOM,WF,1966,-0.1,,CELSIUS,SE,0,N,
DATAFLOW,SPC:DF_CLIMATE_CHANGE(1.0),I,A,ST_ANOM,WF,1967,-0.3,,CELSIUS,SE,0,N,
DATAFLOW,SPC:DF_CLIMATE_CHANGE(1.0),I,A,ST_ANOM,WF,1968,-0.1,,CELSIUS,SE,0.1,N,
DATAFLOW,SPC:DF_CLIMATE_CHANGE(1.0),I,A,ST_ANOM,WF,1969,0.2,,CELSIUS,SE,0,N,
DATAFLOW,SPC:DF_CLIMATE_CHANGE(1.0),I,A,ST_ANOM,WF,1970,0,,CELSIUS,SE,0.1,N,
DATAFLOW,SPC:DF_CLIMATE_CHANGE(1.0),I,A,ST_ANOM,WF,1971,-0.2,,CELSIUS,SE,0.1,N,
DATAFLOW,SPC:DF_CLIMATE_CHANGE(1.0),I,A,ST_ANOM,WF,1972,-0.1,,CELSIUS,SE,0,N,
DATAFLOW,SPC:DF_CLIMATE_CHANGE(1.0),I,A,ST_ANOM,WF,1973,0,,CELSIUS,SE,0.1,N,
DATAFLOW,SPC:DF_CLIMATE_CHANGE(1.0),I,A,ST_ANOM,WF,1974,-0.2,,CELSIUS,SE,0.1,N,
DATAFLOW,SPC:DF_CLIMATE_CHANGE(1.0),I,A,ST_ANOM,WF,1975,-0.3,,CELSIUS,SE,0.1,N,
DATAFLOW,SPC:DF_CLIMATE_CHANGE(1.0),I,A,ST_ANOM,WF,1976,-0.3,,CELSIUS,SE,0.1,N,
DATAFLOW,SPC:DF_CLIMATE_CHANGE(1.0),I,A,ST_ANOM,WF,1977,-0.1,,CELSIUS,SE,0,N,
DATAFLOW,SPC:DF_CLIMATE_CHANGE(1.0),I,A,ST_ANOM,WF,1978,0,,CELSIUS,SE,0.1,N,
DATAFLOW,SPC:DF_CLIMATE_CHANGE(1.0),I,A,ST_ANOM,WF,1979,0,,CELSIUS,SE,0,N,
DATAFLOW,SPC:DF_CLIMATE_CHANGE(1.0),I,A,ST_ANOM,WF,1980,0.1,,CELSIUS,SE,0,N,
DATAFLOW,SPC:DF_CLIMATE_CHANGE(1.0),I,A,ST_ANOM,WF,1981,-0.1,,CELSIUS,SE,0,N,
DATAFLOW,SPC:DF_CLIMATE_CHANGE(1.0),I,A,ST_ANOM,WF,1982,0,,CELSIUS,SE,0.1,N,
DATAFLOW,SPC:DF_CLIMATE_CHANGE(1.0),I,A,ST_ANOM,WF,1983,-0.3,,CELSIUS,SE,0,N,
DATAFLOW,SPC:DF_CLIMATE_CHANGE(1.0),I,A,ST_ANOM,WF,1984,0,,CELSIUS,SE,0.1,N,
DATAFLOW,SPC:DF_CLIMATE_CHANGE(1.0),I,A,ST_ANOM,WF,1985,-0.2,,CELSIUS,SE,0,N,
DATAFLOW,SPC:DF_CLIMATE_CHANGE(1.0),I,A,ST_ANOM,WF,1986,-0.1,,CELSIUS,SE,0,N,
DATAFLOW,SPC:DF_CLIMATE_CHANGE(1.0),I,A,ST_ANOM,WF,1987,-0.1,,CELSIUS,SE,0.1,N,
DATAFLOW,SPC:DF_CLIMATE_CHANGE(1.0),I,A,ST_ANOM,WF,1988,0,,CELSIUS,SE,0.1,N,
DATAFLOW,SPC:DF_CLIMATE_CHANGE(1.0),I,A,ST_ANOM,WF,1989,-0.1,,CELSIUS,SE,0.1,N,
DATAFLOW,SPC:DF_CLIMATE_CHANGE(1.0),I,A,ST_ANOM,WF,1990,0.1,,CELSIUS,SE,0.1,N,
DATAFLOW,SPC:DF_CLIMATE_CHANGE(1.0),I,A,ST_ANOM,WF,1991,0.3,,CELSIUS,SE,0,N,
DATAFLOW,SPC:DF_CLIMATE_CHANGE(1.0),I,A,ST_ANOM,WF,1992,0.1,,CELSIUS,SE,0.1,N,
DATAFLOW,SPC:DF_CLIMATE_CHANGE(1.0),I,A,ST_ANOM,WF,1993,0,,CELSIUS,SE,0,N,
DATAFLOW,SPC:DF_CLIMATE_CHANGE(1.0),I,A,ST_ANOM,WF,1994,0.2,,CELSIUS,SE,0,N,
DATAFLOW,SPC:DF_CLIMATE_CHANGE(1.0),I,A,ST_ANOM,WF,1995,0.3,,CELSIUS,SE,0,N,
DATAFLOW,SPC:DF_CLIMATE_CHANGE(1.0),I,A,ST_ANOM,WF,1996,0.1,,CELSIUS,SE,0,N,
DATAFLOW,SPC:DF_CLIMATE_CHANGE(1.0),I,A,ST_ANOM,WF,1997,0,,CELSIUS,SE,0.1,N,
DATAFLOW,SPC:DF_CLIMATE_CHANGE(1.0),I,A,ST_ANOM,WF,1998,-0.2,,CELSIUS,SE,0.1,N,
DATAFLOW,SPC:DF_CLIMATE_CHANGE(1.0),I,A,ST_ANOM,WF,1999,0.1,,CELSIUS,SE,0,N,
DATAFLOW,SPC:DF_CLIMATE_CHANGE(1.0),I,A,ST_ANOM,WF,2000,0.3,,CELSIUS,SE,0,N,
DATAFLOW,SPC:DF_CLIMATE_CHANGE(1.0),I,A,ST_ANOM,WF,2001,0.3,,CELSIUS,SE,0,N,
DATAFLOW,SPC:DF_CLIMATE_CHANGE(1.0),I,A,ST_ANOM,WF,2002,0.4,,CELSIUS,SE,0,N,
DATAFLOW,SPC:DF_CLIMATE_CHANGE(1.0),I,A,ST_ANOM,WF,2003,0.5,,CELSIUS,SE,0,N,
DATAFLOW,SPC:DF_CLIMATE_CHANGE(1.0),I,A,ST_ANOM,WF,2004,0.5,,CELSIUS,SE,0,N,
DATAFLOW,SPC:DF_CLIMATE_CHANGE(1.0),I,A,ST_ANOM,WF,2005,0.5,,CELSIUS,SE,0,N,
DATAFLOW,SPC:DF_CLIMATE_CHANGE(1.0),I,A,ST_ANOM,WF,2006,0.4,,CELSIUS,SE,0,N,
DATAFLOW,SPC:DF_CLIMATE_CHANGE(1.0),I,A,ST_ANOM,WF,2007,0.5,,CELSIUS,SE,0,N,
DATAFLOW,SPC:DF_CLIMATE_CHANGE(1.0),I,A,ST_ANOM,WF,2008,0.2,,CELSIUS,SE,0.1,N,
DATAFLOW,SPC:DF_CLIMATE_CHANGE(1.0),I,A,ST_ANOM,WF,2009,0.4,,CELSIUS,SE,0,N,
DATAFLOW,SPC:DF_CLIMATE_CHANGE(1.0),I,A,ST_ANOM,WF,2010,0.4,,CELSIUS,SE,0.1,N,
DATAFLOW,SPC:DF_CLIMATE_CHANGE(1.0),I,A,ST_ANOM,WF,2011,0.2,,CELSIUS,SE,0.1,N,
DATAFLOW,SPC:DF_CLIMATE_CHANGE(1.0),I,A,ST_ANOM,WF,2012,0.4,,CELSIUS,SE,0.1,N,
DATAFLOW,SPC:DF_CLIMATE_CHANGE(1.0),I,A,ST_ANOM,WF,2013,0.5,,CELSIUS,SE,0,N,
DATAFLOW,SPC:DF_CLIMATE_CHANGE(1.0),I,A,ST_ANOM,WF,2014,0.6,,CELSIUS,SE,0,N,
DATAFLOW,SPC:DF_CLIMATE_CHANGE(1.0),I,A,ST_ANOM,WF,2015,0.4,,CELSIUS,SE,0.1,N,
DATAFLOW,SPC:DF_CLIMATE_CHANGE(1.0),I,A,ST_ANOM,WF,2016,0.6,,CELSIUS,SE,0,N,
DATAFLOW,SPC:DF_CLIMATE_CHANGE(1.0),I,A,ST_ANOM,WF,2017,0.6,,CELSIUS,SE,0,N,
DATAFLOW,SPC:DF_CLIMATE_CHANGE(1.0),I,A,ST_ANOM,WF,2018,0.5,,CELSIUS,SE,0.1,N,
DATAFLOW,SPC:DF_CLIMATE_CHANGE(1.0),I,A,ST_ANOM,WF,2019,0.7,,CELSIUS,SE,0,N,
DATAFLOW,SPC:DF_CLIMATE_CHANGE(1.0),I,A,ST_ANOM,WF,2020,0.6,,CELSIUS,SE,0.1,N,
DATAFLOW,SPC:DF_CLIMATE_CHANGE(1.0),I,A,ST_ANOM,WF,2021,0.4,,CELSIUS,SE,0,N,
DATAFLOW,SPC:DF_CLIMATE_CHANGE(1.0),I,A,ST_ANOM,WF,2022,0.4,,CELSIUS,SE,0,N,
DATAFLOW,SPC:DF_CLIMATE_CHANGE(1.0),I,A,ST_ANOM,WF,2023,0.6,,CELSIUS,SE,0,N,
DATAFLOW,SPC:DF_CLIMATE_CHANGE(1.0),I,A,ST_ANOM,WF,2024,0.7,,CELSIUS,SE,0.1,N,
DATAFLOW,SPC:DF_CLIMATE_CHANGE(1.0),I,A,ST_ANOM,WF,2025,0.5,,CELSIUS,SE,0,N,
DATAFLOW,SPC:DF_CLIMATE_CHANGE(1.0),I,A,ST_ANOM,SB,1850,0.1,,CELSIUS,SE,0.1,N,
DATAFLOW,SPC:DF_CLIMATE_CHANGE(1.0),I,A,ST_ANOM,SB,1851,0.2,,CELSIUS,SE,0.1,N,
DATAFLOW,SPC:DF_CLIMATE_CHANGE(1.0),I,A,ST_ANOM,SB,1852,0.1,,CELSIUS,SE,0,N,
DATAFLOW,SPC:DF_CLIMATE_CHANGE(1.0),I,A,ST_ANOM,SB,1853,-0.2,,CELSIUS,SE,0.1,N,
DATAFLOW,SPC:DF_CLIMATE_CHANGE(1.0),I,A,ST_ANOM,SB,1854,-0.4,,CELSIUS,SE,0.1,N,
DATAFLOW,SPC:DF_CLIMATE_CHANGE(1.0),I,A,ST_ANOM,SB,1855,-0.4,,CELSIUS,SE,0.1,N,
DATAFLOW,SPC:DF_CLIMATE_CHANGE(1.0),I,A,ST_ANOM,SB,1856,-0.6,,CELSIUS,SE,0.1,N,
DATAFLOW,SPC:DF_CLIMATE_CHANGE(1.0),I,A,ST_ANOM,SB,1857,0.1,,CELSIUS,SE,0.1,N,
DATAFLOW,SPC:DF_CLIMATE_CHANGE(1.0),I,A,ST_ANOM,SB,1858,-0.2,,CELSIUS,SE,0.2,N,
DATAFLOW,SPC:DF_CLIMATE_CHANGE(1.0),I,A,ST_ANOM,SB,1859,0,,CELSIUS,SE,0.1,N,
DATAFLOW,SPC:DF_CLIMATE_CHANGE(1.0),I,A,ST_ANOM,SB,1860,-0.4,,CELSIUS,SE,0.1,N,
DATAFLOW,SPC:DF_CLIMATE_CHANGE(1.0),I,A,ST_ANOM,SB,1861,-1.1,,CELSIUS,SE,0.5,N,
DATAFLOW,SPC:DF_CLIMATE_CHANGE(1.0),I,A,ST_ANOM,SB,1862,-0.4,,CELSIUS,SE,0.1,N,
DATAFLOW,SPC:DF_CLIMATE_CHANGE(1.0),I,A,ST_ANOM,SB,1863,-0.3,,CELSIUS,SE,0,N,
DATAFLOW,SPC:DF_CLIMATE_CHANGE(1.0),I,A,ST_ANOM,SB,1864,-0.2,,CELSIUS,SE,0,N,
DATAFLOW,SPC:DF_CLIMATE_CHANGE(1.0),I,A,ST_ANOM,SB,1865,-0.2,,CELSIUS,SE,0,N,
DATAFLOW,SPC:DF_CLIMATE_CHANGE(1.0),I,A,ST_ANOM,SB,1866,0,,CELSIUS,SE,0,N,
DATAFLOW,SPC:DF_CLIMATE_CHANGE(1.0),I,A,ST_ANOM,SB,1867,-0.1,,CELSIUS,SE,0.1,N,
DATAFLOW,SPC:DF_CLIMATE_CHANGE(1.0),I,A,ST_ANOM,SB,1868,-0.2,,CELSIUS,SE,0,N,
DATAFLOW,SPC:DF_CLIMATE_CHANGE(1.0),I,A,ST_ANOM,SB,1869,0.2,,CELSIUS,SE,0.1,N,
DATAFLOW,SPC:DF_CLIMATE_CHANGE(1.0),I,A,ST_ANOM,SB,1870,-0.1,,CELSIUS,SE,0,N,
DATAFLOW,SPC:DF_CLIMATE_CHANGE(1.0),I,A,ST_ANOM,SB,1871,-0.2,,CELSIUS,SE,0,N,
DATAFLOW,SPC:DF_CLIMATE_CHANGE(1.0),I,A,ST_ANOM,SB,1872,-0.1,,CELSIUS,SE,0,N,
DATAFLOW,SPC:DF_CLIMATE_CHANGE(1.0),I,A,ST_ANOM,SB,1873,-0.1,,CELSIUS,SE,0.1,N,
DATAFLOW,SPC:DF_CLIMATE_CHANGE(1.0),I,A,ST_ANOM,SB,1874,0.1,,CELSIUS,SE,0.1,N,
DATAFLOW,SPC:DF_CLIMATE_CHANGE(1.0),I,A,ST_ANOM,SB,1875,-0.1,,CELSIUS,SE,0,N,
DATAFLOW,SPC:DF_CLIMATE_CHANGE(1.0),I,A,ST_ANOM,SB,1876,-0.2,,CELSIUS,SE,0.1,N,
DATAFLOW,SPC:DF_CLIMATE_CHANGE(1.0),I,A,ST_ANOM,SB,1877,-0.4,,CELSIUS,SE,0.1,N,
DATAFLOW,SPC:DF_CLIMATE_CHANGE(1.0),I,A,ST_ANOM,SB,1878,-0.1,,CELSIUS,SE,0.1,N,
DATAFLOW,SPC:DF_CLIMATE_CHANGE(1.0),I,A,ST_ANOM,SB,1879,-0.2,,CELSIUS,SE,0.1,N,
DATAFLOW,SPC:DF_CLIMATE_CHANGE(1.0),I,A,ST_ANOM,SB,1880,-0.4,,CELSIUS,SE,0,N,
DATAFLOW,SPC:DF_CLIMATE_CHANGE(1.0),I,A,ST_ANOM,SB,1881,0.3,,CELSIUS,SE,0.1,N,
DATAFLOW,SPC:DF_CLIMATE_CHANGE(1.0),I,A,ST_ANOM,SB,1882,0.2,,CELSIUS,SE,0.1,N,
DATAFLOW,SPC:DF_CLIMATE_CHANGE(1.0),I,A,ST_ANOM,SB,1883,-0.4,,CELSIUS,SE,0.1,N,
DATAFLOW,SPC:DF_CLIMATE_CHANGE(1.0),I,A,ST_ANOM,SB,1884,-0.6,,CELSIUS,SE,0.1,N,
DATAFLOW,SPC:DF_CLIMATE_CHANGE(1.0),I,A,ST_ANOM,SB,1885,-1,,CELSIUS,SE,0.1,N,
DATAFLOW,SPC:DF_CLIMATE_CHANGE(1.0),I,A,ST_ANOM,SB,1886,-0.7,,CELSIUS,SE,0.1,N,
DATAFLOW,SPC:DF_CLIMATE_CHANGE(1.0),I,A,ST_ANOM,SB,1887,-0.1,,CELSIUS,SE,0.1,N,
DATAFLOW,SPC:DF_CLIMATE_CHANGE(1.0),I,A,ST_ANOM,SB,1888,-0.4,,CELSIUS,SE,0.2,N,
DATAFLOW,SPC:DF_CLIMATE_CHANGE(1.0),I,A,ST_ANOM,SB,1889,-0.3,,CELSIUS,SE,0.1,N,
DATAFLOW,SPC:DF_CLIMATE_CHANGE(1.0),I,A,ST_ANOM,SB,1890,0,,CELSIUS,SE,0.1,N,
DATAFLOW,SPC:DF_CLIMATE_CHANGE(1.0),I,A,ST_ANOM,SB,1891,0.1,,CELSIUS,SE,0.2,N,
DATAFLOW,SPC:DF_CLIMATE_CHANGE(1.0),I,A,ST_ANOM,SB,1892,0,,CELSIUS,SE,0.1,N,
DATAFLOW,SPC:DF_CLIMATE_CHANGE(1.0),I,A,ST_ANOM,SB,1893,-0.1,,CELSIUS,SE,0,N,
DATAFLOW,SPC:DF_CLIMATE_CHANGE(1.0),I,A,ST_ANOM,SB,1894,-0.4,,CELSIUS,SE,0.1,N,
DATAFLOW,SPC:DF_CLIMATE_CHANGE(1.0),I,A,ST_ANOM,SB,1895,-0.3,,CELSIUS,SE,0.1,N,
DATAFLOW,SPC:DF_CLIMATE_CHANGE(1.0),I,A,ST_ANOM,SB,1896,-0.3,,CELSIUS,SE,0,N,
DATAFLOW,SPC:DF_CLIMATE_CHANGE(1.0),I,A,ST_ANOM,SB,1897,0,,CELSIUS,SE,0.1,N,
DATAFLOW,SPC:DF_CLIMATE_CHANGE(1.0),I,A,ST_ANOM,SB,1898,-0.3,,CELSIUS,SE,0.1,N,
DATAFLOW,SPC:DF_CLIMATE_CHANGE(1.0),I,A,ST_ANOM,SB,1899,-0.3,,CELSIUS,SE,0.1,N,
DATAFLOW,SPC:DF_CLIMATE_CHANGE(1.0),I,A,ST_ANOM,SB,1900,-0.1,,CELSIUS,SE,0.2,N,
DATAFLOW,SPC:DF_CLIMATE_CHANGE(1.0),I,A,ST_ANOM,SB,1901,-0.4,,CELSIUS,SE,0.1,N,
DATAFLOW,SPC:DF_CLIMATE_CHANGE(1.0),I,A,ST_ANOM,SB,1902,-1,,CELSIUS,SE,0.2,N,
DATAFLOW,SPC:DF_CLIMATE_CHANGE(1.0),I,A,ST_ANOM,SB,1903,-0.9,,CELSIUS,SE,0.1,N,
DATAFLOW,SPC:DF_CLIMATE_CHANGE(1.0),I,A,ST_ANOM,SB,1904,-0.7,,CELSIUS,SE,0.1,N,
DATAFLOW,SPC:DF_CLIMATE_CHANGE(1.0),I,A,ST_ANOM,SB,1905,-0.9,,CELSIUS,SE,0.1,N,
DATAFLOW,SPC:DF_CLIMATE_CHANGE(1.0),I,A,ST_ANOM,SB,1906,-0.7,,CELSIUS,SE,0.1,N,
DATAFLOW,SPC:DF_CLIMATE_CHANGE(1.0),I,A,ST_ANOM,SB,1907,-0.2,,CELSIUS,SE,0.1,N,
DATAFLOW,SPC:DF_CLIMATE_CHANGE(1.0),I,A,ST_ANOM,SB,1908,-0.3,,CELSIUS,SE,0.1,N,
DATAFLOW,SPC:DF_CLIMATE_CHANGE(1.0),I,A,ST_ANOM,SB,1909,-0.4,,CELSIUS,SE,0.1,N,
DATAFLOW,SPC:DF_CLIMATE_CHANGE(1.0),I,A,ST_ANOM,SB,1910,-0.3,,CELSIUS,SE,0.1,N,
DATAFLOW,SPC:DF_CLIMATE_CHANGE(1.0),I,A,ST_ANOM,SB,1911,-0.8,,CELSIUS,SE,0.1,N,
DATAFLOW,SPC:DF_CLIMATE_CHANGE(1.0),I,A,ST_ANOM,SB,1912,-0.7,,CELSIUS,SE,0.1,N,
DATAFLOW,SPC:DF_CLIMATE_CHANGE(1.0),I,A,ST_ANOM,SB,1913,-0.7,,CELSIUS,SE,0.1,N,
DATAFLOW,SPC:DF_CLIMATE_CHANGE(1.0),I,A,ST_ANOM,SB,1914,-0.8,,CELSIUS,SE,0.1,N,
DATAFLOW,SPC:DF_CLIMATE_CHANGE(1.0),I,A,ST_ANOM,SB,1915,-0.5,,CELSIUS,SE,0.2,N,
DATAFLOW,SPC:DF_CLIMATE_CHANGE(1.0),I,A,ST_ANOM,SB,1916,-0.3,,CELSIUS,SE,0.1,N,
DATAFLOW,SPC:DF_CLIMATE_CHANGE(1.0),I,A,ST_ANOM,SB,1917,-0.9,,CELSIUS,SE,0.1,N,
DATAFLOW,SPC:DF_CLIMATE_CHANGE(1.0),I,A,ST_ANOM,SB,1918,-0.9,,CELSIUS,SE,0.1,N,
DATAFLOW,SPC:DF_CLIMATE_CHANGE(1.0),I,A,ST_ANOM,SB,1919,-1.4,,CELSIUS,SE,0.2,N,
DATAFLOW,SPC:DF_CLIMATE_CHANGE(1.0),I,A,ST_ANOM,SB,1920,-0.9,,CELSIUS,SE,0.1,N,
DATAFLOW,SPC:DF_CLIMATE_CHANGE(1.0),I,A,ST_ANOM,SB,1921,-0.2,,CELSIUS,SE,0.1,N,
DATAFLOW,SPC:DF_CLIMATE_CHANGE(1.0),I,A,ST_ANOM,SB,1922,-0.1,,CELSIUS,SE,0.1,N,
DATAFLOW,SPC:DF_CLIMATE_CHANGE(1.0),I,A,ST_ANOM,SB,1923,-0.5,,CELSIUS,SE,0.1,N,
DATAFLOW,SPC:DF_CLIMATE_CHANGE(1.0),I,A,ST_ANOM,SB,1924,-0.3,,CELSIUS,SE,0.2,N,
DATAFLOW,SPC:DF_CLIMATE_CHANGE(1.0),I,A,ST_ANOM,SB,1925,-0.5,,CELSIUS,SE,0.1,N,
DATAFLOW,SPC:DF_CLIMATE_CHANGE(1.0),I,A,ST_ANOM,SB,1926,-0.6,,CELSIUS,SE,0.1,N,
DATAFLOW,SPC:DF_CLIMATE_CHANGE(1.0),I,A,ST_ANOM,SB,1927,-0.5,,CELSIUS,SE,0.1,N,
DATAFLOW,SPC:DF_CLIMATE_CHANGE(1.0),I,A,ST_ANOM,SB,1928,-0.4,,CELSIUS,SE,0.1,N,
DATAFLOW,SPC:DF_CLIMATE_CHANGE(1.0),I,A,ST_ANOM,SB,1929,-0.4,,CELSIUS,SE,0.1,N,
DATAFLOW,SPC:DF_CLIMATE_CHANGE(1.0),I,A,ST_ANOM,SB,1930,-0.6,,CELSIUS,SE,0.1,N,
DATAFLOW,SPC:DF_CLIMATE_CHANGE(1.0),I,A,ST_ANOM,SB,1931,-0.4,,CELSIUS,SE,0.1,N,
DATAFLOW,SPC:DF_CLIMATE_CHANGE(1.0),I,A,ST_ANOM,SB,1932,-0.5,,CELSIUS,SE,0.1,N,
DATAFLOW,SPC:DF_CLIMATE_CHANGE(1.0),I,A,ST_ANOM,SB,1933,-0.4,,CELSIUS,SE,0,N,
DATAFLOW,SPC:DF_CLIMATE_CHANGE(1.0),I,A,ST_ANOM,SB,1934,-0.4,,CELSIUS,SE,0,N,
DATAFLOW,SPC:DF_CLIMATE_CHANGE(1.0),I,A,ST_ANOM,SB,1935,-0.4,,CELSIUS,SE,0,N,
DATAFLOW,SPC:DF_CLIMATE_CHANGE(1.0),I,A,ST_ANOM,SB,1936,-0.3,,CELSIUS,SE,0.1,N,
DATAFLOW,SPC:DF_CLIMATE_CHANGE(1.0),I,A,ST_ANOM,SB,1937,-0.3,,CELSIUS,SE,0.1,N,
DATAFLOW,SPC:DF_CLIMATE_CHANGE(1.0),I,A,ST_ANOM,SB,1938,-0.2,,CELSIUS,SE,0.1,N,
DATAFLOW,SPC:DF_CLIMATE_CHANGE(1.0),I,A,ST_ANOM,SB,1939,-0.4,,CELSIUS,SE,0.1,N,
DATAFLOW,SPC:DF_CLIMATE_CHANGE(1.0),I,A,ST_ANOM,SB,1940,-0.6,,CELSIUS,SE,0.1,N,
DATAFLOW,SPC:DF_CLIMATE_CHANGE(1.0),I,A,ST_ANOM,SB,1941,-0.6,,CELSIUS,SE,0.1,N,
DATAFLOW,SPC:DF_CLIMATE_CHANGE(1.0),I,A,ST_ANOM,SB,1942,-0.2,,CELSIUS,SE,0.1,N,
DATAFLOW,SPC:DF_CLIMATE_CHANGE(1.0),I,A,ST_ANOM,SB,1943,0.6,,CELSIUS,SE,0.1,N,
DATAFLOW,SPC:DF_CLIMATE_CHANGE(1.0),I,A,ST_ANOM,SB,1944,0.3,,CELSIUS,SE,0.1,N,
DATAFLOW,SPC:DF_CLIMATE_CHANGE(1.0),I,A,ST_ANOM,SB,1945,0.3,,CELSIUS,SE,0.1,N,
DATAFLOW,SPC:DF_CLIMATE_CHANGE(1.0),I,A,ST_ANOM,SB,1946,-0.2,,CELSIUS,SE,0.2,N,
DATAFLOW,SPC:DF_CLIMATE_CHANGE(1.0),I,A,ST_ANOM,SB,1947,-0.3,,CELSIUS,SE,0.1,N,
DATAFLOW,SPC:DF_CLIMATE_CHANGE(1.0),I,A,ST_ANOM,SB,1948,-0.4,,CELSIUS,SE,0.1,N,
DATAFLOW,SPC:DF_CLIMATE_CHANGE(1.0),I,A,ST_ANOM,SB,1949,-0.7,,CELSIUS,SE,0.1,N,
DATAFLOW,SPC:DF_CLIMATE_CHANGE(1.0),I,A,ST_ANOM,SB,1950,-0.3,,CELSIUS,SE,0.2,N,
DATAFLOW,SPC:DF_CLIMATE_CHANGE(1.0),I,A,ST_ANOM,SB,1951,-0.4,,CELSIUS,SE,0.1,N,
DATAFLOW,SPC:DF_CLIMATE_CHANGE(1.0),I,A,ST_ANOM,SB,1952,-0.4,,CELSIUS,SE,0.1,N,
DATAFLOW,SPC:DF_CLIMATE_CHANGE(1.0),I,A,ST_ANOM,SB,1953,-0.5,,CELSIUS,SE,0,N,
DATAFLOW,SPC:DF_CLIMATE_CHANGE(1.0),I,A,ST_ANOM,SB,1954,-0.4,,CELSIUS,SE,0.1,N,
DATAFLOW,SPC:DF_CLIMATE_CHANGE(1.0),I,A,ST_ANOM,SB,1955,-0.4,,CELSIUS,SE,0.1,N,
DATAFLOW,SPC:DF_CLIMATE_CHANGE(1.0),I,A,ST_ANOM,SB,1956,-0.1,,CELSIUS,SE,0.1,N,
DATAFLOW,SPC:DF_CLIMATE_CHANGE(1.0),I,A,ST_ANOM,SB,1957,-0.5,,CELSIUS,SE,0.1,N,
DATAFLOW,SPC:DF_CLIMATE_CHANGE(1.0),I,A,ST_ANOM,SB,1958,-0.5,,CELSIUS,SE,0.1,N,
DATAFLOW,SPC:DF_CLIMATE_CHANGE(1.0),I,A,ST_ANOM,SB,1959,-0.5,,CELSIUS,SE,0.1,N,
DATAFLOW,SPC:DF_CLIMATE_CHANGE(1.0),I,A,ST_ANOM,SB,1960,-0.3,,CELSIUS,SE,0.1,N,
DATAFLOW,SPC:DF_CLIMATE_CHANGE(1.0),I,A,ST_ANOM,SB,1961,-0.3,,CELSIUS,SE,0,N,
DATAFLOW,SPC:DF_CLIMATE_CHANGE(1.0),I,A,ST_ANOM,SB,1962,0,,CELSIUS,SE,0,N,
DATAFLOW,SPC:DF_CLIMATE_CHANGE(1.0),I,A,ST_ANOM,SB,1963,-0.1,,CELSIUS,SE,0.1,N,
DATAFLOW,SPC:DF_CLIMATE_CHANGE(1.0),I,A,ST_ANOM,SB,1964,-0.3,,CELSIUS,SE,0.1,N,
DATAFLOW,SPC:DF_CLIMATE_CHANGE(1.0),I,A,ST_ANOM,SB,1965,-0.9,,CELSIUS,SE,0.1,N,
DATAFLOW,SPC:DF_CLIMATE_CHANGE(1.0),I,A,ST_ANOM,SB,1966,-0.6,,CELSIUS,SE,0,N,
DATAFLOW,SPC:DF_CLIMATE_CHANGE(1.0),I,A,ST_ANOM,SB,1967,-0.3,,CELSIUS,SE,0.1,N,
DATAFLOW,SPC:DF_CLIMATE_CHANGE(1.0),I,A,ST_ANOM,SB,1968,-0.1,,CELSIUS,SE,0.1,N,
DATAFLOW,SPC:DF_CLIMATE_CHANGE(1.0),I,A,ST_ANOM,SB,1969,0.1,,CELSIUS,SE,0,N,
DATAFLOW,SPC:DF_CLIMATE_CHANGE(1.0),I,A,ST_ANOM,SB,1970,0.1,,CELSIUS,SE,0,N,
DATAFLOW,SPC:DF_CLIMATE_CHANGE(1.0),I,A,ST_ANOM,SB,1971,-0.1,,CELSIUS,SE,0,N,
DATAFLOW,SPC:DF_CLIMATE_CHANGE(1.0),I,A,ST_ANOM,SB,1972,-0.5,,CELSIUS,SE,0.1,N,
DATAFLOW,SPC:DF_CLIMATE_CHANGE(1.0),I,A,ST_ANOM,SB,1973,0,,CELSIUS,SE,0,N,
DATAFLOW,SPC:DF_CLIMATE_CHANGE(1.0),I,A,ST_ANOM,SB,1974,0,,CELSIUS,SE,0.1,N,
DATAFLOW,SPC:DF_CLIMATE_CHANGE(1.0),I,A,ST_ANOM,SB,1975,-0.2,,CELSIUS,SE,0.1,N,
DATAFLOW,SPC:DF_CLIMATE_CHANGE(1.0),I,A,ST_ANOM,SB,1976,-0.3,,CELSIUS,SE,0,N,
DATAFLOW,SPC:DF_CLIMATE_CHANGE(1.0),I,A,ST_ANOM,SB,1977,-0.2,,CELSIUS,SE,0.1,N,
DATAFLOW,SPC:DF_CLIMATE_CHANGE(1.0),I,A,ST_ANOM,SB,1978,-0.1,,CELSIUS,SE,0.1,N,
DATAFLOW,SPC:DF_CLIMATE_CHANGE(1.0),I,A,ST_ANOM,SB,1979,-0.1,,CELSIUS,SE,0,N,
DATAFLOW,SPC:DF_CLIMATE_CHANGE(1.0),I,A,ST_ANOM,SB,1980,-0.1,,CELSIUS,SE,0.1,N,
DATAFLOW,SPC:DF_CLIMATE_CHANGE(1.0),I,A,ST_ANOM,SB,1981,0.1,,CELSIUS,SE,0,N,
DATAFLOW,SPC:DF_CLIMATE_CHANGE(1.0),I,A,ST_ANOM,SB,1982,-0.3,,CELSIUS,SE,0.1,N,
DATAFLOW,SPC:DF_CLIMATE_CHANGE(1.0),I,A,ST_ANOM,SB,1983,-0.3,,CELSIUS,SE,0.1,N,
DATAFLOW,SPC:DF_CLIMATE_CHANGE(1.0),I,A,ST_ANOM,SB,1984,0,,CELSIUS,SE,0.1,N,
DATAFLOW,SPC:DF_CLIMATE_CHANGE(1.0),I,A,ST_ANOM,SB,1985,0.1,,CELSIUS,SE,0.1,N,
DATAFLOW,SPC:DF_CLIMATE_CHANGE(1.0),I,A,ST_ANOM,SB,1986,-0.1,,CELSIUS,SE,0.1,N,
DATAFLOW,SPC:DF_CLIMATE_CHANGE(1.0),I,A,ST_ANOM,SB,1987,-0.3,,CELSIUS,SE,0.1,N,
DATAFLOW,SPC:DF_CLIMATE_CHANGE(1.0),I,A,ST_ANOM,SB,1988,0.2,,CELSIUS,SE,0,N,
DATAFLOW,SPC:DF_CLIMATE_CHANGE(1.0),I,A,ST_ANOM,SB,1989,0.2,,CELSIUS,SE,0.1,N,
DATAFLOW,SPC:DF_CLIMATE_CHANGE(1.0),I,A,ST_ANOM,SB,1990,0.1,,CELSIUS,SE,0,N,
DATAFLOW,SPC:DF_CLIMATE_CHANGE(1.0),I,A,ST_ANOM,SB,1991,0.1,,CELSIUS,SE,0.1,N,
DATAFLOW,SPC:DF_CLIMATE_CHANGE(1.0),I,A,ST_ANOM,SB,1992,-0.4,,CELSIUS,SE,0,N,
DATAFLOW,SPC:DF_CLIMATE_CHANGE(1.0),I,A,ST_ANOM,SB,1993,-0.7,,CELSIUS,SE,0.1,N,
DATAFLOW,SPC:DF_CLIMATE_CHANGE(1.0),I,A,ST_ANOM,SB,1994,-0.2,,CELSIUS,SE,0.1,N,
DATAFLOW,SPC:DF_CLIMATE_CHANGE(1.0),I,A,ST_ANOM,SB,1995,0.4,,CELSIUS,SE,0,N,
DATAFLOW,SPC:DF_CLIMATE_CHANGE(1.0),I,A,ST_ANOM,SB,1996,0.4,,CELSIUS,SE,0.1,N,
DATAFLOW,SPC:DF_CLIMATE_CHANGE(1.0),I,A,ST_ANOM,SB,1997,-0.2,,CELSIUS,SE,0.1,N,
DATAFLOW,SPC:DF_CLIMATE_CHANGE(1.0),I,A,ST_ANOM,SB,1998,0.3,,CELSIUS,SE,0.1,N,
DATAFLOW,SPC:DF_CLIMATE_CHANGE(1.0),I,A,ST_ANOM,SB,1999,0.3,,CELSIUS,SE,0.1,N,
DATAFLOW,SPC:DF_CLIMATE_CHANGE(1.0),I,A,ST_ANOM,SB,2000,0.4,,CELSIUS,SE,0.1,N,
DATAFLOW,SPC:DF_CLIMATE_CHANGE(1.0),I,A,ST_ANOM,SB,2001,0.4,,CELSIUS,SE,0,N,
DATAFLOW,SPC:DF_CLIMATE_CHANGE(1.0),I,A,ST_ANOM,SB,2002,0.3,,CELSIUS,SE,0.1,N,
DATAFLOW,SPC:DF_CLIMATE_CHANGE(1.0),I,A,ST_ANOM,SB,2003,0.5,,CELSIUS,SE,0.1,N,
DATAFLOW,SPC:DF_CLIMATE_CHANGE(1.0),I,A,ST_ANOM,SB,2004,0.3,,CELSIUS,SE,0.1,N,
DATAFLOW,SPC:DF_CLIMATE_CHANGE(1.0),I,A,ST_ANOM,SB,2005,0.5,,CELSIUS,SE,0,N,
DATAFLOW,SPC:DF_CLIMATE_CHANGE(1.0),I,A,ST_ANOM,SB,2006,0.3,,CELSIUS,SE,0.1,N,
DATAFLOW,SPC:DF_CLIMATE_CHANGE(1.0),I,A,ST_ANOM,SB,2007,0.6,,CELSIUS,SE,0,N,
DATAFLOW,SPC:DF_CLIMATE_CHANGE(1.0),I,A,ST_ANOM,SB,2008,0.3,,CELSIUS,SE,0.1,N,
DATAFLOW,SPC:DF_CLIMATE_CHANGE(1.0),I,A,ST_ANOM,SB,2009,0.4,,CELSIUS,SE,0.1,N,
DATAFLOW,SPC:DF_CLIMATE_CHANGE(1.0),I,A,ST_ANOM,SB,2010,0.5,,CELSIUS,SE,0.1,N,
DATAFLOW,SPC:DF_CLIMATE_CHANGE(1.0),I,A,ST_ANOM,SB,2011,0.5,,CELSIUS,SE,0,N,
DATAFLOW,SPC:DF_CLIMATE_CHANGE(1.0),I,A,ST_ANOM,SB,2012,0.3,,CELSIUS,SE,0.1,N,
DATAFLOW,SPC:DF_CLIMATE_CHANGE(1.0),I,A,ST_ANOM,SB,2013,0.4,,CELSIUS,SE,0,N,
DATAFLOW,SPC:DF_CLIMATE_CHANGE(1.0),I,A,ST_ANOM,SB,2014,0.5,,CELSIUS,SE,0,N,
DATAFLOW,SPC:DF_CLIMATE_CHANGE(1.0),I,A,ST_ANOM,SB,2015,0.1,,CELSIUS,SE,0.1,N,
DATAFLOW,SPC:DF_CLIMATE_CHANGE(1.0),I,A,ST_ANOM,SB,2016,0.7,,CELSIUS,SE,0.1,N,
DATAFLOW,SPC:DF_CLIMATE_CHANGE(1.0),I,A,ST_ANOM,SB,2017,0.8,,CELSIUS,SE,0,N,
DATAFLOW,SPC:DF_CLIMATE_CHANGE(1.0),I,A,ST_ANOM,SB,2018,0.6,,CELSIUS,SE,0,N,
DATAFLOW,SPC:DF_CLIMATE_CHANGE(1.0),I,A,ST_ANOM,SB,2019,0.5,,CELSIUS,SE,0,N,
DATAFLOW,SPC:DF_CLIMATE_CHANGE(1.0),I,A,ST_ANOM,SB,2020,0.8,,CELSIUS,SE,0.1,N,
DATAFLOW,SPC:DF_CLIMATE_CHANGE(1.0),I,A,ST_ANOM,SB,2021,0.6,,CELSIUS,SE,0.1,N,
DATAFLOW,SPC:DF_CLIMATE_CHANGE(1.0),I,A,ST_ANOM,SB,2022,0.8,,CELSIUS,SE,0,N,
DATAFLOW,SPC:DF_CLIMATE_CHANGE(1.0),I,A,ST_ANOM,SB,2023,0.6,,CELSIUS,SE,0.1,N,
DATAFLOW,SPC:DF_CLIMATE_CHANGE(1.0),I,A,ST_ANOM,SB,2024,0.9,,CELSIUS,SE,0,N,
DATAFLOW,SPC:DF_CLIMATE_CHANGE(1.0),I,A,ST_ANOM,SB,2025,1,,CELSIUS,SE,0,N,
DATAFLOW,SPC:DF_CLIMATE_CHANGE(1.0),I,A,ST_ANOM,CK,1850,-0.2,,CELSIUS,SE,0.1,N,
DATAFLOW,SPC:DF_CLIMATE_CHANGE(1.0),I,A,ST_ANOM,CK,1851,-0.3,,CELSIUS,SE,0.1,N,
DATAFLOW,SPC:DF_CLIMATE_CHANGE(1.0),I,A,ST_ANOM,CK,1852,-0.1,,CELSIUS,SE,0.1,N,
DATAFLOW,SPC:DF_CLIMATE_CHANGE(1.0),I,A,ST_ANOM,CK,1853,0.4,,CELSIUS,SE,0.1,N,
DATAFLOW,SPC:DF_CLIMATE_CHANGE(1.0),I,A,ST_ANOM,CK,1854,0.3,,CELSIUS,SE,0.1,N,
DATAFLOW,SPC:DF_CLIMATE_CHANGE(1.0),I,A,ST_ANOM,CK,1855,-0.2,,CELSIUS,SE,0,N,
DATAFLOW,SPC:DF_CLIMATE_CHANGE(1.0),I,A,ST_ANOM,CK,1856,-0.2,,CELSIUS,SE,0.1,N,
DATAFLOW,SPC:DF_CLIMATE_CHANGE(1.0),I,A,ST_ANOM,CK,1857,-0.6,,CELSIUS,SE,0.1,N,
DATAFLOW,SPC:DF_CLIMATE_CHANGE(1.0),I,A,ST_ANOM,CK,1858,-0.1,,CELSIUS,SE,0.1,N,
DATAFLOW,SPC:DF_CLIMATE_CHANGE(1.0),I,A,ST_ANOM,CK,1859,0.2,,CELSIUS,SE,0.1,N,
DATAFLOW,SPC:DF_CLIMATE_CHANGE(1.0),I,A,ST_ANOM,CK,1860,-0.1,,CELSIUS,SE,0.1,N,
DATAFLOW,SPC:DF_CLIMATE_CHANGE(1.0),I,A,ST_ANOM,CK,1861,-0.5,,CELSIUS,SE,0.1,N,
DATAFLOW,SPC:DF_CLIMATE_CHANGE(1.0),I,A,ST_ANOM,CK,1862,-0.4,,CELSIUS,SE,0,N,
DATAFLOW,SPC:DF_CLIMATE_CHANGE(1.0),I,A,ST_ANOM,CK,1863,-0.5,,CELSIUS,SE,0,N,
DATAFLOW,SPC:DF_CLIMATE_CHANGE(1.0),I,A,ST_ANOM,CK,1864,-0.2,,CELSIUS,SE,0,N,
DATAFLOW,SPC:DF_CLIMATE_CHANGE(1.0),I,A,ST_ANOM,CK,1865,-0.2,,CELSIUS,SE,0,N,
DATAFLOW,SPC:DF_CLIMATE_CHANGE(1.0),I,A,ST_ANOM,CK,1866,-0.2,,CELSIUS,SE,0,N,
DATAFLOW,SPC:DF_CLIMATE_CHANGE(1.0),I,A,ST_ANOM,CK,1867,-0.3,,CELSIUS,SE,0,N,
DATAFLOW,SPC:DF_CLIMATE_CHANGE(1.0),I,A,ST_ANOM,CK,1868,-0.1,,CELSIUS,SE,0.1,N,
DATAFLOW,SPC:DF_CLIMATE_CHANGE(1.0),I,A,ST_ANOM,CK,1869,-0.2,,CELSIUS,SE,0.1,N,
DATAFLOW,SPC:DF_CLIMATE_CHANGE(1.0),I,A,ST_ANOM,CK,1870,-0.3,,CELSIUS,SE,0.1,N,
DATAFLOW,SPC:DF_CLIMATE_CHANGE(1.0),I,A,ST_ANOM,CK,1871,0.1,,CELSIUS,SE,0,N,
DATAFLOW,SPC:DF_CLIMATE_CHANGE(1.0),I,A,ST_ANOM,CK,1872,0,,CELSIUS,SE,0.1,N,
DATAFLOW,SPC:DF_CLIMATE_CHANGE(1.0),I,A,ST_ANOM,CK,1873,-0.4,,CELSIUS,SE,0,N,
DATAFLOW,SPC:DF_CLIMATE_CHANGE(1.0),I,A,ST_ANOM,CK,1874,-0.1,,CELSIUS,SE,0.2,N,
DATAFLOW,SPC:DF_CLIMATE_CHANGE(1.0),I,A,ST_ANOM,CK,1875,-0.1,,CELSIUS,SE,0.1,N,
DATAFLOW,SPC:DF_CLIMATE_CHANGE(1.0),I,A,ST_ANOM,CK,1876,0,,CELSIUS,SE,0.1,N,
DATAFLOW,SPC:DF_CLIMATE_CHANGE(1.0),I,A,ST_ANOM,CK,1877,0,,CELSIUS,SE,0.1,N,
DATAFLOW,SPC:DF_CLIMATE_CHANGE(1.0),I,A,ST_ANOM,CK,1878,-0.1,,CELSIUS,SE,0.1,N,
DATAFLOW,SPC:DF_CLIMATE_CHANGE(1.0),I,A,ST_ANOM,CK,1879,-0.2,,CELSIUS,SE,0.1,N,
DATAFLOW,SPC:DF_CLIMATE_CHANGE(1.0),I,A,ST_ANOM,CK,1880,-0.2,,CELSIUS,SE,0,N,
DATAFLOW,SPC:DF_CLIMATE_CHANGE(1.0),I,A,ST_ANOM,CK,1881,0,,CELSIUS,SE,0.1,N,
DATAFLOW,SPC:DF_CLIMATE_CHANGE(1.0),I,A,ST_ANOM,CK,1882,0,,CELSIUS,SE,0,N,
DATAFLOW,SPC:DF_CLIMATE_CHANGE(1.0),I,A,ST_ANOM,CK,1883,-0.4,,CELSIUS,SE,0.1,N,
DATAFLOW,SPC:DF_CLIMATE_CHANGE(1.0),I,A,ST_ANOM,CK,1884,-0.6,,CELSIUS,SE,0.1,N,
DATAFLOW,SPC:DF_CLIMATE_CHANGE(1.0),I,A,ST_ANOM,CK,1885,-0.6,,CELSIUS,SE,0.1,N,
DATAFLOW,SPC:DF_CLIMATE_CHANGE(1.0),I,A,ST_ANOM,CK,1886,-0.6,,CELSIUS,SE,0.1,N,
DATAFLOW,SPC:DF_CLIMATE_CHANGE(1.0),I,A,ST_ANOM,CK,1887,-0.5,,CELSIUS,SE,0.1,N,
DATAFLOW,SPC:DF_CLIMATE_CHANGE(1.0),I,A,ST_ANOM,CK,1888,-0.3,,CELSIUS,SE,0,N,
DATAFLOW,SPC:DF_CLIMATE_CHANGE(1.0),I,A,ST_ANOM,CK,1889,0,,CELSIUS,SE,0.1,N,
DATAFLOW,SPC:DF_CLIMATE_CHANGE(1.0),I,A,ST_ANOM,CK,1890,-0.6,,CELSIUS,SE,0.1,N,
DATAFLOW,SPC:DF_CLIMATE_CHANGE(1.0),I,A,ST_ANOM,CK,1891,-0.4,,CELSIUS,SE,0.1,N,
DATAFLOW,SPC:DF_CLIMATE_CHANGE(1.0),I,A,ST_ANOM,CK,1892,-0.2,,CELSIUS,SE,0,N,
DATAFLOW,SPC:DF_CLIMATE_CHANGE(1.0),I,A,ST_ANOM,CK,1893,-0.6,,CELSIUS,SE,0.1,N,
DATAFLOW,SPC:DF_CLIMATE_CHANGE(1.0),I,A,ST_ANOM,CK,1894,-0.2,,CELSIUS,SE,0.1,N,
DATAFLOW,SPC:DF_CLIMATE_CHANGE(1.0),I,A,ST_ANOM,CK,1895,-0.1,,CELSIUS,SE,0.1,N,
DATAFLOW,SPC:DF_CLIMATE_CHANGE(1.0),I,A,ST_ANOM,CK,1896,-0.3,,CELSIUS,SE,0.1,N,
DATAFLOW,SPC:DF_CLIMATE_CHANGE(1.0),I,A,ST_ANOM,CK,1897,-0.1,,CELSIUS,SE,0.1,N,
DATAFLOW,SPC:DF_CLIMATE_CHANGE(1.0),I,A,ST_ANOM,CK,1898,-0.1,,CELSIUS,SE,0.1,N,
DATAFLOW,SPC:DF_CLIMATE_CHANGE(1.0),I,A,ST_ANOM,CK,1899,0,,CELSIUS,SE,0.1,N,
DATAFLOW,SPC:DF_CLIMATE_CHANGE(1.0),I,A,ST_ANOM,CK,1900,0.1,,CELSIUS,SE,0.1,N,
DATAFLOW,SPC:DF_CLIMATE_CHANGE(1.0),I,A,ST_ANOM,CK,1901,0.6,,CELSIUS,SE,0.1,N,
DATAFLOW,SPC:DF_CLIMATE_CHANGE(1.0),I,A,ST_ANOM,CK,1902,-0.2,,CELSIUS,SE,0.1,N,
DATAFLOW,SPC:DF_CLIMATE_CHANGE(1.0),I,A,ST_ANOM,CK,1903,0,,CELSIUS,SE,0.1,N,
DATAFLOW,SPC:DF_CLIMATE_CHANGE(1.0),I,A,ST_ANOM,CK,1904,-0.6,,CELSIUS,SE,0.1,N,
DATAFLOW,SPC:DF_CLIMATE_CHANGE(1.0),I,A,ST_ANOM,CK,1905,-0.4,,CELSIUS,SE,0.1,N,
DATAFLOW,SPC:DF_CLIMATE_CHANGE(1.0),I,A,ST_ANOM,CK,1906,0,,CELSIUS,SE,0.1,N,
DATAFLOW,SPC:DF_CLIMATE_CHANGE(1.0),I,A,ST_ANOM,CK,1907,-0.4,,CELSIUS,SE,0.1,N,
DATAFLOW,SPC:DF_CLIMATE_CHANGE(1.0),I,A,ST_ANOM,CK,1908,-0.4,,CELSIUS,SE,0,N,
DATAFLOW,SPC:DF_CLIMATE_CHANGE(1.0),I,A,ST_ANOM,CK,1909,-0.8,,CELSIUS,SE,0.1,N,
DATAFLOW,SPC:DF_CLIMATE_CHANGE(1.0),I,A,ST_ANOM,CK,1910,-0.7,,CELSIUS,SE,0.1,N,
DATAFLOW,SPC:DF_CLIMATE_CHANGE(1.0),I,A,ST_ANOM,CK,1911,-0.6,,CELSIUS,SE,0.1,N,
DATAFLOW,SPC:DF_CLIMATE_CHANGE(1.0),I,A,ST_ANOM,CK,1912,-0.3,,CELSIUS,SE,0,N,
DATAFLOW,SPC:DF_CLIMATE_CHANGE(1.0),I,A,ST_ANOM,CK,1913,-0.4,,CELSIUS,SE,0.1,N,
DATAFLOW,SPC:DF_CLIMATE_CHANGE(1.0),I,A,ST_ANOM,CK,1914,-0.3,,CELSIUS,SE,0.1,N,
DATAFLOW,SPC:DF_CLIMATE_CHANGE(1.0),I,A,ST_ANOM,CK,1915,0,,CELSIUS,SE,0.1,N,
DATAFLOW,SPC:DF_CLIMATE_CHANGE(1.0),I,A,ST_ANOM,CK,1916,-0.1,,CELSIUS,SE,0.1,N,
DATAFLOW,SPC:DF_CLIMATE_CHANGE(1.0),I,A,ST_ANOM,CK,1917,-0.8,,CELSIUS,SE,0.1,N,
DATAFLOW,SPC:DF_CLIMATE_CHANGE(1.0),I,A,ST_ANOM,CK,1918,-0.4,,CELSIUS,SE,0,N,
DATAFLOW,SPC:DF_CLIMATE_CHANGE(1.0),I,A,ST_ANOM,CK,1919,-0.6,,CELSIUS,SE,0.1,N,
DATAFLOW,SPC:DF_CLIMATE_CHANGE(1.0),I,A,ST_ANOM,CK,1920,-0.2,,CELSIUS,SE,0.1,N,
DATAFLOW,SPC:DF_CLIMATE_CHANGE(1.0),I,A,ST_ANOM,CK,1921,-0.4,,CELSIUS,SE,0.2,N,
DATAFLOW,SPC:DF_CLIMATE_CHANGE(1.0),I,A,ST_ANOM,CK,1922,-0.1,,CELSIUS,SE,0.1,N,
DATAFLOW,SPC:DF_CLIMATE_CHANGE(1.0),I,A,ST_ANOM,CK,1923,-0.4,,CELSIUS,SE,0.1,N,
DATAFLOW,SPC:DF_CLIMATE_CHANGE(1.0),I,A,ST_ANOM,CK,1924,-0.2,,CELSIUS,SE,0.1,N,
DATAFLOW,SPC:DF_CLIMATE_CHANGE(1.0),I,A,ST_ANOM,CK,1925,-0.4,,CELSIUS,SE,0.1,N,
DATAFLOW,SPC:DF_CLIMATE_CHANGE(1.0),I,A,ST_ANOM,CK,1926,-0.2,,CELSIUS,SE,0.1,N,
DATAFLOW,SPC:DF_CLIMATE_CHANGE(1.0),I,A,ST_ANOM,CK,1927,-0.2,,CELSIUS,SE,0,N,
DATAFLOW,SPC:DF_CLIMATE_CHANGE(1.0),I,A,ST_ANOM,CK,1928,-0.2,,CELSIUS,SE,0.1,N,
DATAFLOW,SPC:DF_CLIMATE_CHANGE(1.0),I,A,ST_ANOM,CK,1929,-0.3,,CELSIUS,SE,0,N,
DATAFLOW,SPC:DF_CLIMATE_CHANGE(1.0),I,A,ST_ANOM,CK,1930,-0.3,,CELSIUS,SE,0.1,N,
DATAFLOW,SPC:DF_CLIMATE_CHANGE(1.0),I,A,ST_ANOM,CK,1931,-0.2,,CELSIUS,SE,0,N,
DATAFLOW,SPC:DF_CLIMATE_CHANGE(1.0),I,A,ST_ANOM,CK,1932,-0.1,,CELSIUS,SE,0,N,
DATAFLOW,SPC:DF_CLIMATE_CHANGE(1.0),I,A,ST_ANOM,CK,1933,-0.6,,CELSIUS,SE,0.1,N,
DATAFLOW,SPC:DF_CLIMATE_CHANGE(1.0),I,A,ST_ANOM,CK,1934,-0.4,,CELSIUS,SE,0,N,
DATAFLOW,SPC:DF_CLIMATE_CHANGE(1.0),I,A,ST_ANOM,CK,1935,-0.4,,CELSIUS,SE,0.1,N,
DATAFLOW,SPC:DF_CLIMATE_CHANGE(1.0),I,A,ST_ANOM,CK,1936,-0.4,,CELSIUS,SE,0,N,
DATAFLOW,SPC:DF_CLIMATE_CHANGE(1.0),I,A,ST_ANOM,CK,1937,-0.3,,CELSIUS,SE,0,N,
DATAFLOW,SPC:DF_CLIMATE_CHANGE(1.0),I,A,ST_ANOM,CK,1938,-0.5,,CELSIUS,SE,0,N,
DATAFLOW,SPC:DF_CLIMATE_CHANGE(1.0),I,A,ST_ANOM,CK,1939,-0.5,,CELSIUS,SE,0.1,N,
DATAFLOW,SPC:DF_CLIMATE_CHANGE(1.0),I,A,ST_ANOM,CK,1940,0,,CELSIUS,SE,0.1,N,
DATAFLOW,SPC:DF_CLIMATE_CHANGE(1.0),I,A,ST_ANOM,CK,1941,0.1,,CELSIUS,SE,0.1,N,
DATAFLOW,SPC:DF_CLIMATE_CHANGE(1.0),I,A,ST_ANOM,CK,1942,0.2,,CELSIUS,SE,0.1,N,
DATAFLOW,SPC:DF_CLIMATE_CHANGE(1.0),I,A,ST_ANOM,CK,1943,0.1,,CELSIUS,SE,0.1,N,
DATAFLOW,SPC:DF_CLIMATE_CHANGE(1.0),I,A,ST_ANOM,CK,1944,0.3,,CELSIUS,SE,0.1,N,
DATAFLOW,SPC:DF_CLIMATE_CHANGE(1.0),I,A,ST_ANOM,CK,1945,0.2,,CELSIUS,SE,0.1,N,
DATAFLOW,SPC:DF_CLIMATE_CHANGE(1.0),I,A,ST_ANOM,CK,1946,0.2,,CELSIUS,SE,0.1,N,
DATAFLOW,SPC:DF_CLIMATE_CHANGE(1.0),I,A,ST_ANOM,CK,1947,0.1,,CELSIUS,SE,0.1,N,
DATAFLOW,SPC:DF_CLIMATE_CHANGE(1.0),I,A,ST_ANOM,CK,1948,-0.2,,CELSIUS,SE,0.1,N,
DATAFLOW,SPC:DF_CLIMATE_CHANGE(1.0),I,A,ST_ANOM,CK,1949,0,,CELSIUS,SE,0.1,N,
DATAFLOW,SPC:DF_CLIMATE_CHANGE(1.0),I,A,ST_ANOM,CK,1950,-0.2,,CELSIUS,SE,0,N,
DATAFLOW,SPC:DF_CLIMATE_CHANGE(1.0),I,A,ST_ANOM,CK,1951,0,,CELSIUS,SE,0,N,
DATAFLOW,SPC:DF_CLIMATE_CHANGE(1.0),I,A,ST_ANOM,CK,1952,0.3,,CELSIUS,SE,0.1,N,
DATAFLOW,SPC:DF_CLIMATE_CHANGE(1.0),I,A,ST_ANOM,CK,1953,0.2,,CELSIUS,SE,0.1,N,
DATAFLOW,SPC:DF_CLIMATE_CHANGE(1.0),I,A,ST_ANOM,CK,1954,0,,CELSIUS,SE,0.1,N,
DATAFLOW,SPC:DF_CLIMATE_CHANGE(1.0),I,A,ST_ANOM,CK,1955,-0.3,,CELSIUS,SE,0,N,
DATAFLOW,SPC:DF_CLIMATE_CHANGE(1.0),I,A,ST_ANOM,CK,1956,-0.4,,CELSIUS,SE,0.1,N,
DATAFLOW,SPC:DF_CLIMATE_CHANGE(1.0),I,A,ST_ANOM,CK,1957,-0.1,,CELSIUS,SE,0.1,N,
DATAFLOW,SPC:DF_CLIMATE_CHANGE(1.0),I,A,ST_ANOM,CK,1958,0,,CELSIUS,SE,0.1,N,
DATAFLOW,SPC:DF_CLIMATE_CHANGE(1.0),I,A,ST_ANOM,CK,1959,0.1,,CELSIUS,SE,0.1,N,
DATAFLOW,SPC:DF_CLIMATE_CHANGE(1.0),I,A,ST_ANOM,CK,1960,0,,CELSIUS,SE,0.1,N,
DATAFLOW,SPC:DF_CLIMATE_CHANGE(1.0),I,A,ST_ANOM,CK,1961,0,,CELSIUS,SE,0.1,N,
DATAFLOW,SPC:DF_CLIMATE_CHANGE(1.0),I,A,ST_ANOM,CK,1962,-0.3,,CELSIUS,SE,0,N,
DATAFLOW,SPC:DF_CLIMATE_CHANGE(1.0),I,A,ST_ANOM,CK,1963,0,,CELSIUS,SE,0,N,
DATAFLOW,SPC:DF_CLIMATE_CHANGE(1.0),I,A,ST_ANOM,CK,1964,-0.1,,CELSIUS,SE,0.1,N,
DATAFLOW,SPC:DF_CLIMATE_CHANGE(1.0),I,A,ST_ANOM,CK,1965,-0.2,,CELSIUS,SE,0.1,N,
DATAFLOW,SPC:DF_CLIMATE_CHANGE(1.0),I,A,ST_ANOM,CK,1966,0,,CELSIUS,SE,0.1,N,
DATAFLOW,SPC:DF_CLIMATE_CHANGE(1.0),I,A,ST_ANOM,CK,1967,-0.2,,CELSIUS,SE,0.1,N,
DATAFLOW,SPC:DF_CLIMATE_CHANGE(1.0),I,A,ST_ANOM,CK,1968,-0.1,,CELSIUS,SE,0.1,N,
DATAFLOW,SPC:DF_CLIMATE_CHANGE(1.0),I,A,ST_ANOM,CK,1969,0.2,,CELSIUS,SE,0.1,N,
DATAFLOW,SPC:DF_CLIMATE_CHANGE(1.0),I,A,ST_ANOM,CK,1970,0.1,,CELSIUS,SE,0.1,N,
DATAFLOW,SPC:DF_CLIMATE_CHANGE(1.0),I,A,ST_ANOM,CK,1971,-0.3,,CELSIUS,SE,0.1,N,
DATAFLOW,SPC:DF_CLIMATE_CHANGE(1.0),I,A,ST_ANOM,CK,1972,-0.1,,CELSIUS,SE,0.1,N,
DATAFLOW,SPC:DF_CLIMATE_CHANGE(1.0),I,A,ST_ANOM,CK,1973,0.3,,CELSIUS,SE,0.1,N,
DATAFLOW,SPC:DF_CLIMATE_CHANGE(1.0),I,A,ST_ANOM,CK,1974,-0.3,,CELSIUS,SE,0.1,N,
DATAFLOW,SPC:DF_CLIMATE_CHANGE(1.0),I,A,ST_ANOM,CK,1975,-0.4,,CELSIUS,SE,0,N,
DATAFLOW,SPC:DF_CLIMATE_CHANGE(1.0),I,A,ST_ANOM,CK,1976,-0.4,,CELSIUS,SE,0.1,N,
DATAFLOW,SPC:DF_CLIMATE_CHANGE(1.0),I,A,ST_ANOM,CK,1977,-0.1,,CELSIUS,SE,0.1,N,
DATAFLOW,SPC:DF_CLIMATE_CHANGE(1.0),I,A,ST_ANOM,CK,1978,-0.2,,CELSIUS,SE,0.1,N,
DATAFLOW,SPC:DF_CLIMATE_CHANGE(1.0),I,A,ST_ANOM,CK,1979,-0.3,,CELSIUS,SE,0.1,N,
DATAFLOW,SPC:DF_CLIMATE_CHANGE(1.0),I,A,ST_ANOM,CK,1980,0,,CELSIUS,SE,0.1,N,
DATAFLOW,SPC:DF_CLIMATE_CHANGE(1.0),I,A,ST_ANOM,CK,1981,-0.2,,CELSIUS,SE,0.1,N,
DATAFLOW,SPC:DF_CLIMATE_CHANGE(1.0),I,A,ST_ANOM,CK,1982,0,,CELSIUS,SE,0.1,N,
DATAFLOW,SPC:DF_CLIMATE_CHANGE(1.0),I,A,ST_ANOM,CK,1983,-0.3,,CELSIUS,SE,0.1,N,
DATAFLOW,SPC:DF_CLIMATE_CHANGE(1.0),I,A,ST_ANOM,CK,1984,-0.1,,CELSIUS,SE,0.1,N,
DATAFLOW,SPC:DF_CLIMATE_CHANGE(1.0),I,A,ST_ANOM,CK,1985,-0.3,,CELSIUS,SE,0,N,
DATAFLOW,SPC:DF_CLIMATE_CHANGE(1.0),I,A,ST_ANOM,CK,1986,-0.2,,CELSIUS,SE,0.1,N,
DATAFLOW,SPC:DF_CLIMATE_CHANGE(1.0),I,A,ST_ANOM,CK,1987,0,,CELSIUS,SE,0,N,
DATAFLOW,SPC:DF_CLIMATE_CHANGE(1.0),I,A,ST_ANOM,CK,1988,0.2,,CELSIUS,SE,0.1,N,
DATAFLOW,SPC:DF_CLIMATE_CHANGE(1.0),I,A,ST_ANOM,CK,1989,-0.1,,CELSIUS,SE,0.1,N,
DATAFLOW,SPC:DF_CLIMATE_CHANGE(1.0),I,A,ST_ANOM,CK,1990,-0.1,,CELSIUS,SE,0.1,N,
DATAFLOW,SPC:DF_CLIMATE_CHANGE(1.0),I,A,ST_ANOM,CK,1991,0.3,,CELSIUS,SE,0,N,
DATAFLOW,SPC:DF_CLIMATE_CHANGE(1.0),I,A,ST_ANOM,CK,1992,0.3,,CELSIUS,SE,0.1,N,
DATAFLOW,SPC:DF_CLIMATE_CHANGE(1.0),I,A,ST_ANOM,CK,1993,0.1,,CELSIUS,SE,0,N,
DATAFLOW,SPC:DF_CLIMATE_CHANGE(1.0),I,A,ST_ANOM,CK,1994,0.2,,CELSIUS,SE,0.1,N,
DATAFLOW,SPC:DF_CLIMATE_CHANGE(1.0),I,A,ST_ANOM,CK,1995,0.2,,CELSIUS,SE,0.1,N,
DATAFLOW,SPC:DF_CLIMATE_CHANGE(1.0),I,A,ST_ANOM,CK,1996,0.1,,CELSIUS,SE,0,N,
DATAFLOW,SPC:DF_CLIMATE_CHANGE(1.0),I,A,ST_ANOM,CK,1997,0,,CELSIUS,SE,0.1,N,
DATAFLOW,SPC:DF_CLIMATE_CHANGE(1.0),I,A,ST_ANOM,CK,1998,0,,CELSIUS,SE,0.1,N,
DATAFLOW,SPC:DF_CLIMATE_CHANGE(1.0),I,A,ST_ANOM,CK,1999,0.2,,CELSIUS,SE,0,N,
DATAFLOW,SPC:DF_CLIMATE_CHANGE(1.0),I,A,ST_ANOM,CK,2000,0.2,,CELSIUS,SE,0.1,N,
DATAFLOW,SPC:DF_CLIMATE_CHANGE(1.0),I,A,ST_ANOM,CK,2001,0.2,,CELSIUS,SE,0.1,N,
DATAFLOW,SPC:DF_CLIMATE_CHANGE(1.0),I,A,ST_ANOM,CK,2002,0.4,,CELSIUS,SE,0,N,
DATAFLOW,SPC:DF_CLIMATE_CHANGE(1.0),I,A,ST_ANOM,CK,2003,0.5,,CELSIUS,SE,0,N,
DATAFLOW,SPC:DF_CLIMATE_CHANGE(1.0),I,A,ST_ANOM,CK,2004,0.6,,CELSIUS,SE,0,N,
DATAFLOW,SPC:DF_CLIMATE_CHANGE(1.0),I,A,ST_ANOM,CK,2005,0.5,,CELSIUS,SE,0.1,N,
DATAFLOW,SPC:DF_CLIMATE_CHANGE(1.0),I,A,ST_ANOM,CK,2006,0.5,,CELSIUS,SE,0,N,
DATAFLOW,SPC:DF_CLIMATE_CHANGE(1.0),I,A,ST_ANOM,CK,2007,0.5,,CELSIUS,SE,0.1,N,
DATAFLOW,SPC:DF_CLIMATE_CHANGE(1.0),I,A,ST_ANOM,CK,2008,0.2,,CELSIUS,SE,0.1,N,
DATAFLOW,SPC:DF_CLIMATE_CHANGE(1.0),I,A,ST_ANOM,CK,2009,0.5,,CELSIUS,SE,0,N,
DATAFLOW,SPC:DF_CLIMATE_CHANGE(1.0),I,A,ST_ANOM,CK,2010,0.6,,CELSIUS,SE,0.1,N,
DATAFLOW,SPC:DF_CLIMATE_CHANGE(1.0),I,A,ST_ANOM,CK,2011,0.1,,CELSIUS,SE,0.1,N,
DATAFLOW,SPC:DF_CLIMATE_CHANGE(1.0),I,A,ST_ANOM,CK,2012,0.3,,CELSIUS,SE,0.1,N,
DATAFLOW,SPC:DF_CLIMATE_CHANGE(1.0),I,A,ST_ANOM,CK,2013,0.4,,CELSIUS,SE,0.1,N,
DATAFLOW,SPC:DF_CLIMATE_CHANGE(1.0),I,A,ST_ANOM,CK,2014,0.5,,CELSIUS,SE,0,N,
DATAFLOW,SPC:DF_CLIMATE_CHANGE(1.0),I,A,ST_ANOM,CK,2015,0.4,,CELSIUS,SE,0,N,
DATAFLOW,SPC:DF_CLIMATE_CHANGE(1.0),I,A,ST_ANOM,CK,2016,0.6,,CELSIUS,SE,0.1,N,
DATAFLOW,SPC:DF_CLIMATE_CHANGE(1.0),I,A,ST_ANOM,CK,2017,0.6,,CELSIUS,SE,0.1,N,
DATAFLOW,SPC:DF_CLIMATE_CHANGE(1.0),I,A,ST_ANOM,CK,2018,0.4,,CELSIUS,SE,0.1,N,
DATAFLOW,SPC:DF_CLIMATE_CHANGE(1.0),I,A,ST_ANOM,CK,2019,0.6,,CELSIUS,SE,0,N,
DATAFLOW,SPC:DF_CLIMATE_CHANGE(1.0),I,A,ST_ANOM,CK,2020,0.6,,CELSIUS,SE,0.1,N,
DATAFLOW,SPC:DF_CLIMATE_CHANGE(1.0),I,A,ST_ANOM,CK,2021,0.5,,CELSIUS,SE,0,N,
DATAFLOW,SPC:DF_CLIMATE_CHANGE(1.0),I,A,ST_ANOM,CK,2022,0.2,,CELSIUS,SE,0,N,
DATAFLOW,SPC:DF_CLIMATE_CHANGE(1.0),I,A,ST_ANOM,CK,2023,0.5,,CELSIUS,SE,0.1,N,
DATAFLOW,SPC:DF_CLIMATE_CHANGE(1.0),I,A,ST_ANOM,CK,2024,0.6,,CELSIUS,SE,0.1,N,
DATAFLOW,SPC:DF_CLIMATE_CHANGE(1.0),I,A,ST_ANOM,CK,2025,0.5,,CELSIUS,SE,0,N,
DATAFLOW,SPC:DF_CLIMATE_CHANGE(1.0),I,A,ST_ANOM,TK,1850,0,,CELSIUS,SE,0.1,N,
DATAFLOW,SPC:DF_CLIMATE_CHANGE(1.0),I,A,ST_ANOM,TK,1851,-0.3,,CELSIUS,SE,0.1,N,
DATAFLOW,SPC:DF_CLIMATE_CHANGE(1.0),I,A,ST_ANOM,TK,1852,-0.1,,CELSIUS,SE,0.1,N,
DATAFLOW,SPC:DF_CLIMATE_CHANGE(1.0),I,A,ST_ANOM,TK,1853,0,,CELSIUS,SE,0.1,N,
DATAFLOW,SPC:DF_CLIMATE_CHANGE(1.0),I,A,ST_ANOM,TK,1854,0,,CELSIUS,SE,0,N,
DATAFLOW,SPC:DF_CLIMATE_CHANGE(1.0),I,A,ST_ANOM,TK,1855,-0.1,,CELSIUS,SE,0.1,N,
DATAFLOW,SPC:DF_CLIMATE_CHANGE(1.0),I,A,ST_ANOM,TK,1856,-0.3,,CELSIUS,SE,0.1,N,
DATAFLOW,SPC:DF_CLIMATE_CHANGE(1.0),I,A,ST_ANOM,TK,1857,-0.7,,CELSIUS,SE,0.1,N,
DATAFLOW,SPC:DF_CLIMATE_CHANGE(1.0),I,A,ST_ANOM,TK,1858,-0.2,,CELSIUS,SE,0.1,N,
DATAFLOW,SPC:DF_CLIMATE_CHANGE(1.0),I,A,ST_ANOM,TK,1859,0.1,,CELSIUS,SE,0,N,
DATAFLOW,SPC:DF_CLIMATE_CHANGE(1.0),I,A,ST_ANOM,TK,1860,-0.4,,CELSIUS,SE,0.1,N,
DATAFLOW,SPC:DF_CLIMATE_CHANGE(1.0),I,A,ST_ANOM,TK,1861,-0.6,,CELSIUS,SE,0.1,N,
DATAFLOW,SPC:DF_CLIMATE_CHANGE(1.0),I,A,ST_ANOM,TK,1862,-0.6,,CELSIUS,SE,0,N,
DATAFLOW,SPC:DF_CLIMATE_CHANGE(1.0),I,A,ST_ANOM,TK,1863,-0.5,,CELSIUS,SE,0,N,
DATAFLOW,SPC:DF_CLIMATE_CHANGE(1.0),I,A,ST_ANOM,TK,1864,-0.4,,CELSIUS,SE,0,N,
DATAFLOW,SPC:DF_CLIMATE_CHANGE(1.0),I,A,ST_ANOM,TK,1865,-0.4,,CELSIUS,SE,0,N,
DATAFLOW,SPC:DF_CLIMATE_CHANGE(1.0),I,A,ST_ANOM,TK,1866,-0.4,,CELSIUS,SE,0,N,
DATAFLOW,SPC:DF_CLIMATE_CHANGE(1.0),I,A,ST_ANOM,TK,1867,-0.4,,CELSIUS,SE,0,N,
DATAFLOW,SPC:DF_CLIMATE_CHANGE(1.0),I,A,ST_ANOM,TK,1868,-0.4,,CELSIUS,SE,0,N,
DATAFLOW,SPC:DF_CLIMATE_CHANGE(1.0),I,A,ST_ANOM,TK,1869,-0.4,,CELSIUS,SE,0,N,
DATAFLOW,SPC:DF_CLIMATE_CHANGE(1.0),I,A,ST_ANOM,TK,1870,-0.7,,CELSIUS,SE,0.1,N,
DATAFLOW,SPC:DF_CLIMATE_CHANGE(1.0),I,A,ST_ANOM,TK,1871,-0.4,,CELSIUS,SE,0,N,
DATAFLOW,SPC:DF_CLIMATE_CHANGE(1.0),I,A,ST_ANOM,TK,1872,-0.3,,CELSIUS,SE,0.1,N,
DATAFLOW,SPC:DF_CLIMATE_CHANGE(1.0),I,A,ST_ANOM,TK,1873,-0.6,,CELSIUS,SE,0.1,N,
DATAFLOW,SPC:DF_CLIMATE_CHANGE(1.0),I,A,ST_ANOM,TK,1874,-0.4,,CELSIUS,SE,0.1,N,
DATAFLOW,SPC:DF_CLIMATE_CHANGE(1.0),I,A,ST_ANOM,TK,1875,-0.5,,CELSIUS,SE,0.1,N,
DATAFLOW,SPC:DF_CLIMATE_CHANGE(1.0),I,A,ST_ANOM,TK,1876,-0.3,,CELSIUS,SE,0,N,
DATAFLOW,SPC:DF_CLIMATE_CHANGE(1.0),I,A,ST_ANOM,TK,1877,0.1,,CELSIUS,SE,0.1,N,
DATAFLOW,SPC:DF_CLIMATE_CHANGE(1.0),I,A,ST_ANOM,TK,1878,-0.1,,CELSIUS,SE,0.1,N,
DATAFLOW,SPC:DF_CLIMATE_CHANGE(1.0),I,A,ST_ANOM,TK,1879,-0.6,,CELSIUS,SE,0.1,N,
DATAFLOW,SPC:DF_CLIMATE_CHANGE(1.0),I,A,ST_ANOM,TK,1880,-0.5,,CELSIUS,SE,0.1,N,
DATAFLOW,SPC:DF_CLIMATE_CHANGE(1.0),I,A,ST_ANOM,TK,1881,0,,CELSIUS,SE,0.1,N,
DATAFLOW,SPC:DF_CLIMATE_CHANGE(1.0),I,A,ST_ANOM,TK,1882,-0.1,,CELSIUS,SE,0.1,N,
DATAFLOW,SPC:DF_CLIMATE_CHANGE(1.0),I,A,ST_ANOM,TK,1883,-0.4,,CELSIUS,SE,0,N,
DATAFLOW,SPC:DF_CLIMATE_CHANGE(1.0),I,A,ST_ANOM,TK,1884,-0.3,,CELSIUS,SE,0,N,
DATAFLOW,SPC:DF_CLIMATE_CHANGE(1.0),I,A,ST_ANOM,TK,1885,-0.3,,CELSIUS,SE,0.1,N,
DATAFLOW,SPC:DF_CLIMATE_CHANGE(1.0),I,A,ST_ANOM,TK,1886,-0.6,,CELSIUS,SE,0.1,N,
DATAFLOW,SPC:DF_CLIMATE_CHANGE(1.0),I,A,ST_ANOM,TK,1887,-0.8,,CELSIUS,SE,0.2,N,
DATAFLOW,SPC:DF_CLIMATE_CHANGE(1.0),I,A,ST_ANOM,TK,1888,0.1,,CELSIUS,SE,0.1,N,
DATAFLOW,SPC:DF_CLIMATE_CHANGE(1.0),I,A,ST_ANOM,TK,1889,-0.1,,CELSIUS,SE,0.1,N,
DATAFLOW,SPC:DF_CLIMATE_CHANGE(1.0),I,A,ST_ANOM,TK,1890,-0.9,,CELSIUS,SE,0.1,N,
DATAFLOW,SPC:DF_CLIMATE_CHANGE(1.0),I,A,ST_ANOM,TK,1891,-0.5,,CELSIUS,SE,0.1,N,
DATAFLOW,SPC:DF_CLIMATE_CHANGE(1.0),I,A,ST_ANOM,TK,1892,-0.4,,CELSIUS,SE,0.1,N,
DATAFLOW,SPC:DF_CLIMATE_CHANGE(1.0),I,A,ST_ANOM,TK,1893,-0.8,,CELSIUS,SE,0,N,
DATAFLOW,SPC:DF_CLIMATE_CHANGE(1.0),I,A,ST_ANOM,TK,1894,-0.5,,CELSIUS,SE,0,N,
DATAFLOW,SPC:DF_CLIMATE_CHANGE(1.0),I,A,ST_ANOM,TK,1895,-0.3,,CELSIUS,SE,0.1,N,
DATAFLOW,SPC:DF_CLIMATE_CHANGE(1.0),I,A,ST_ANOM,TK,1896,-0.1,,CELSIUS,SE,0.1,N,
DATAFLOW,SPC:DF_CLIMATE_CHANGE(1.0),I,A,ST_ANOM,TK,1897,0,,CELSIUS,SE,0.1,N,
DATAFLOW,SPC:DF_CLIMATE_CHANGE(1.0),I,A,ST_ANOM,TK,1898,-0.5,,CELSIUS,SE,0.1,N,
DATAFLOW,SPC:DF_CLIMATE_CHANGE(1.0),I,A,ST_ANOM,TK,1899,-0.3,,CELSIUS,SE,0.1,N,
DATAFLOW,SPC:DF_CLIMATE_CHANGE(1.0),I,A,ST_ANOM,TK,1900,0.4,,CELSIUS,SE,0,N,
DATAFLOW,SPC:DF_CLIMATE_CHANGE(1.0),I,A,ST_ANOM,TK,1901,0.1,,CELSIUS,SE,0.1,N,
DATAFLOW,SPC:DF_CLIMATE_CHANGE(1.0),I,A,ST_ANOM,TK,1902,0,,CELSIUS,SE,0.1,N,
DATAFLOW,SPC:DF_CLIMATE_CHANGE(1.0),I,A,ST_ANOM,TK,1903,-0.1,,CELSIUS,SE,0.2,N,
DATAFLOW,SPC:DF_CLIMATE_CHANGE(1.0),I,A,ST_ANOM,TK,1904,-0.8,,CELSIUS,SE,0.1,N,
DATAFLOW,SPC:DF_CLIMATE_CHANGE(1.0),I,A,ST_ANOM,TK,1905,0,,CELSIUS,SE,0,N,
DATAFLOW,SPC:DF_CLIMATE_CHANGE(1.0),I,A,ST_ANOM,TK,1906,-0.3,,CELSIUS,SE,0,N,
DATAFLOW,SPC:DF_CLIMATE_CHANGE(1.0),I,A,ST_ANOM,TK,1907,-0.4,,CELSIUS,SE,0.1,N,
DATAFLOW,SPC:DF_CLIMATE_CHANGE(1.0),I,A,ST_ANOM,TK,1908,-0.6,,CELSIUS,SE,0.1,N,
DATAFLOW,SPC:DF_CLIMATE_CHANGE(1.0),I,A,ST_ANOM,TK,1909,-1,,CELSIUS,SE,0,N,
DATAFLOW,SPC:DF_CLIMATE_CHANGE(1.0),I,A,ST_ANOM,TK,1910,-1.1,,CELSIUS,SE,0.1,N,
DATAFLOW,SPC:DF_CLIMATE_CHANGE(1.0),I,A,ST_ANOM,TK,1911,-0.7,,CELSIUS,SE,0.1,N,
DATAFLOW,SPC:DF_CLIMATE_CHANGE(1.0),I,A,ST_ANOM,TK,1912,-0.2,,CELSIUS,SE,0.1,N,
DATAFLOW,SPC:DF_CLIMATE_CHANGE(1.0),I,A,ST_ANOM,TK,1913,-0.5,,CELSIUS,SE,0.1,N,
DATAFLOW,SPC:DF_CLIMATE_CHANGE(1.0),I,A,ST_ANOM,TK,1914,-0.2,,CELSIUS,SE,0.1,N,
DATAFLOW,SPC:DF_CLIMATE_CHANGE(1.0),I,A,ST_ANOM,TK,1915,-0.1,,CELSIUS,SE,0.1,N,
DATAFLOW,SPC:DF_CLIMATE_CHANGE(1.0),I,A,ST_ANOM,TK,1916,-0.9,,CELSIUS,SE,0.2,N,
DATAFLOW,SPC:DF_CLIMATE_CHANGE(1.0),I,A,ST_ANOM,TK,1917,-1.7,,CELSIUS,SE,0.1,N,
DATAFLOW,SPC:DF_CLIMATE_CHANGE(1.0),I,A,ST_ANOM,TK,1918,-0.5,,CELSIUS,SE,0.1,N,
DATAFLOW,SPC:DF_CLIMATE_CHANGE(1.0),I,A,ST_ANOM,TK,1919,-0.6,,CELSIUS,SE,0.1,N,
DATAFLOW,SPC:DF_CLIMATE_CHANGE(1.0),I,A,ST_ANOM,TK,1920,-0.3,,CELSIUS,SE,0.1,N,
DATAFLOW,SPC:DF_CLIMATE_CHANGE(1.0),I,A,ST_ANOM,TK,1921,-0.7,,CELSIUS,SE,0.1,N,
DATAFLOW,SPC:DF_CLIMATE_CHANGE(1.0),I,A,ST_ANOM,TK,1922,-0.4,,CELSIUS,SE,0.1,N,
DATAFLOW,SPC:DF_CLIMATE_CHANGE(1.0),I,A,ST_ANOM,TK,1923,-0.4,,CELSIUS,SE,0.1,N,
DATAFLOW,SPC:DF_CLIMATE_CHANGE(1.0),I,A,ST_ANOM,TK,1924,-0.4,,CELSIUS,SE,0.1,N,
DATAFLOW,SPC:DF_CLIMATE_CHANGE(1.0),I,A,ST_ANOM,TK,1925,-0.5,,CELSIUS,SE,0.1,N,
DATAFLOW,SPC:DF_CLIMATE_CHANGE(1.0),I,A,ST_ANOM,TK,1926,0,,CELSIUS,SE,0.1,N,
DATAFLOW,SPC:DF_CLIMATE_CHANGE(1.0),I,A,ST_ANOM,TK,1927,-0.5,,CELSIUS,SE,0.1,N,
DATAFLOW,SPC:DF_CLIMATE_CHANGE(1.0),I,A,ST_ANOM,TK,1928,-0.3,,CELSIUS,SE,0,N,
DATAFLOW,SPC:DF_CLIMATE_CHANGE(1.0),I,A,ST_ANOM,TK,1929,-0.3,,CELSIUS,SE,0,N,
DATAFLOW,SPC:DF_CLIMATE_CHANGE(1.0),I,A,ST_ANOM,TK,1930,-0.1,,CELSIUS,SE,0.1,N,
DATAFLOW,SPC:DF_CLIMATE_CHANGE(1.0),I,A,ST_ANOM,TK,1931,-0.1,,CELSIUS,SE,0,N,
DATAFLOW,SPC:DF_CLIMATE_CHANGE(1.0),I,A,ST_ANOM,TK,1932,-0.3,,CELSIUS,SE,0.1,N,
DATAFLOW,SPC:DF_CLIMATE_CHANGE(1.0),I,A,ST_ANOM,TK,1933,-0.7,,CELSIUS,SE,0.1,N,
DATAFLOW,SPC:DF_CLIMATE_CHANGE(1.0),I,A,ST_ANOM,TK,1934,-0.6,,CELSIUS,SE,0.1,N,
DATAFLOW,SPC:DF_CLIMATE_CHANGE(1.0),I,A,ST_ANOM,TK,1935,-0.5,,CELSIUS,SE,0,N,
DATAFLOW,SPC:DF_CLIMATE_CHANGE(1.0),I,A,ST_ANOM,TK,1936,-0.4,,CELSIUS,SE,0,N,
DATAFLOW,SPC:DF_CLIMATE_CHANGE(1.0),I,A,ST_ANOM,TK,1937,-0.4,,CELSIUS,SE,0.1,N,
DATAFLOW,SPC:DF_CLIMATE_CHANGE(1.0),I,A,ST_ANOM,TK,1938,-0.8,,CELSIUS,SE,0.1,N,
DATAFLOW,SPC:DF_CLIMATE_CHANGE(1.0),I,A,ST_ANOM,TK,1939,-0.7,,CELSIUS,SE,0.1,N,
DATAFLOW,SPC:DF_CLIMATE_CHANGE(1.0),I,A,ST_ANOM,TK,1940,0.3,,CELSIUS,SE,0.1,N,
DATAFLOW,SPC:DF_CLIMATE_CHANGE(1.0),I,A,ST_ANOM,TK,1941,0.5,,CELSIUS,SE,0,N,
DATAFLOW,SPC:DF_CLIMATE_CHANGE(1.0),I,A,ST_ANOM,TK,1942,0,,CELSIUS,SE,0.1,N,
DATAFLOW,SPC:DF_CLIMATE_CHANGE(1.0),I,A,ST_ANOM,TK,1943,-0.4,,CELSIUS,SE,0.1,N,
DATAFLOW,SPC:DF_CLIMATE_CHANGE(1.0),I,A,ST_ANOM,TK,1944,0,,CELSIUS,SE,0,N,
DATAFLOW,SPC:DF_CLIMATE_CHANGE(1.0),I,A,ST_ANOM,TK,1945,-0.2,,CELSIUS,SE,0,N,
DATAFLOW,SPC:DF_CLIMATE_CHANGE(1.0),I,A,ST_ANOM,TK,1946,0,,CELSIUS,SE,0.1,N,
DATAFLOW,SPC:DF_CLIMATE_CHANGE(1.0),I,A,ST_ANOM,TK,1947,0,,CELSIUS,SE,0.1,N,
DATAFLOW,SPC:DF_CLIMATE_CHANGE(1.0),I,A,ST_ANOM,TK,1948,-0.3,,CELSIUS,SE,0.1,N,
DATAFLOW,SPC:DF_CLIMATE_CHANGE(1.0),I,A,ST_ANOM,TK,1949,-0.3,,CELSIUS,SE,0.1,N,
DATAFLOW,SPC:DF_CLIMATE_CHANGE(1.0),I,A,ST_ANOM,TK,1950,-0.8,,CELSIUS,SE,0,N,
DATAFLOW,SPC:DF_CLIMATE_CHANGE(1.0),I,A,ST_ANOM,TK,1951,-0.2,,CELSIUS,SE,0.1,N,
DATAFLOW,SPC:DF_CLIMATE_CHANGE(1.0),I,A,ST_ANOM,TK,1952,0,,CELSIUS,SE,0,N,
DATAFLOW,SPC:DF_CLIMATE_CHANGE(1.0),I,A,ST_ANOM,TK,1953,0.1,,CELSIUS,SE,0,N,
DATAFLOW,SPC:DF_CLIMATE_CHANGE(1.0),I,A,ST_ANOM,TK,1954,-0.3,,CELSIUS,SE,0.1,N,
DATAFLOW,SPC:DF_CLIMATE_CHANGE(1.0),I,A,ST_ANOM,TK,1955,-0.8,,CELSIUS,SE,0.1,N,
DATAFLOW,SPC:DF_CLIMATE_CHANGE(1.0),I,A,ST_ANOM,TK,1956,-0.8,,CELSIUS,SE,0,N,
DATAFLOW,SPC:DF_CLIMATE_CHANGE(1.0),I,A,ST_ANOM,TK,1957,-0.1,,CELSIUS,SE,0.1,N,
DATAFLOW,SPC:DF_CLIMATE_CHANGE(1.0),I,A,ST_ANOM,TK,1958,0.3,,CELSIUS,SE,0.1,N,
DATAFLOW,SPC:DF_CLIMATE_CHANGE(1.0),I,A,ST_ANOM,TK,1959,0.1,,CELSIUS,SE,0,N,
DATAFLOW,SPC:DF_CLIMATE_CHANGE(1.0),I,A,ST_ANOM,TK,1960,-0.2,,CELSIUS,SE,0,N,
DATAFLOW,SPC:DF_CLIMATE_CHANGE(1.0),I,A,ST_ANOM,TK,1961,-0.3,,CELSIUS,SE,0,N,
DATAFLOW,SPC:DF_CLIMATE_CHANGE(1.0),I,A,ST_ANOM,TK,1962,-0.3,,CELSIUS,SE,0,N,
DATAFLOW,SPC:DF_CLIMATE_CHANGE(1.0),I,A,ST_ANOM,TK,1963,-0.1,,CELSIUS,SE,0.1,N,
DATAFLOW,SPC:DF_CLIMATE_CHANGE(1.0),I,A,ST_ANOM,TK,1964,-0.4,,CELSIUS,SE,0.1,N,
DATAFLOW,SPC:DF_CLIMATE_CHANGE(1.0),I,A,ST_ANOM,TK,1965,-0.1,,CELSIUS,SE,0.1,N,
DATAFLOW,SPC:DF_CLIMATE_CHANGE(1.0),I,A,ST_ANOM,TK,1966,0.2,,CELSIUS,SE,0,N,
DATAFLOW,SPC:DF_CLIMATE_CHANGE(1.0),I,A,ST_ANOM,TK,1967,-0.3,,CELSIUS,SE,0,N,
DATAFLOW,SPC:DF_CLIMATE_CHANGE(1.0),I,A,ST_ANOM,TK,1968,-0.1,,CELSIUS,SE,0.1,N,
DATAFLOW,SPC:DF_CLIMATE_CHANGE(1.0),I,A,ST_ANOM,TK,1969,0.4,,CELSIUS,SE,0.1,N,
DATAFLOW,SPC:DF_CLIMATE_CHANGE(1.0),I,A,ST_ANOM,TK,1970,-0.1,,CELSIUS,SE,0.1,N,
DATAFLOW,SPC:DF_CLIMATE_CHANGE(1.0),I,A,ST_ANOM,TK,1971,-0.7,,CELSIUS,SE,0,N,
DATAFLOW,SPC:DF_CLIMATE_CHANGE(1.0),I,A,ST_ANOM,TK,1972,0,,CELSIUS,SE,0.1,N,
DATAFLOW,SPC:DF_CLIMATE_CHANGE(1.0),I,A,ST_ANOM,TK,1973,-0.1,,CELSIUS,SE,0.1,N,
DATAFLOW,SPC:DF_CLIMATE_CHANGE(1.0),I,A,ST_ANOM,TK,1974,-0.8,,CELSIUS,SE,0.1,N,
DATAFLOW,SPC:DF_CLIMATE_CHANGE(1.0),I,A,ST_ANOM,TK,1975,-0.7,,CELSIUS,SE,0.1,N,
DATAFLOW,SPC:DF_CLIMATE_CHANGE(1.0),I,A,ST_ANOM,TK,1976,-0.5,,CELSIUS,SE,0.1,N,
DATAFLOW,SPC:DF_CLIMATE_CHANGE(1.0),I,A,ST_ANOM,TK,1977,0.2,,CELSIUS,SE,0,N,
DATAFLOW,SPC:DF_CLIMATE_CHANGE(1.0),I,A,ST_ANOM,TK,1978,0,,CELSIUS,SE,0,N,
DATAFLOW,SPC:DF_CLIMATE_CHANGE(1.0),I,A,ST_ANOM,TK,1979,0,,CELSIUS,SE,0,N,
DATAFLOW,SPC:DF_CLIMATE_CHANGE(1.0),I,A,ST_ANOM,TK,1980,0.2,,CELSIUS,SE,0,N,
DATAFLOW,SPC:DF_CLIMATE_CHANGE(1.0),I,A,ST_ANOM,TK,1981,-0.2,,CELSIUS,SE,0,N,
DATAFLOW,SPC:DF_CLIMATE_CHANGE(1.0),I,A,ST_ANOM,TK,1982,0.2,,CELSIUS,SE,0,N,
DATAFLOW,SPC:DF_CLIMATE_CHANGE(1.0),I,A,ST_ANOM,TK,1983,-0.1,,CELSIUS,SE,0,N,
DATAFLOW,SPC:DF_CLIMATE_CHANGE(1.0),I,A,ST_ANOM,TK,1984,-0.2,,CELSIUS,SE,0,N,
DATAFLOW,SPC:DF_CLIMATE_CHANGE(1.0),I,A,ST_ANOM,TK,1985,-0.3,,CELSIUS,SE,0,N,
DATAFLOW,SPC:DF_CLIMATE_CHANGE(1.0),I,A,ST_ANOM,TK,1986,0.1,,CELSIUS,SE,0.1,N,
DATAFLOW,SPC:DF_CLIMATE_CHANGE(1.0),I,A,ST_ANOM,TK,1987,0.5,,CELSIUS,SE,0,N,
DATAFLOW,SPC:DF_CLIMATE_CHANGE(1.0),I,A,ST_ANOM,TK,1988,0,,CELSIUS,SE,0.1,N,
DATAFLOW,SPC:DF_CLIMATE_CHANGE(1.0),I,A,ST_ANOM,TK,1989,-0.4,,CELSIUS,SE,0.1,N,
DATAFLOW,SPC:DF_CLIMATE_CHANGE(1.0),I,A,ST_ANOM,TK,1990,0.2,,CELSIUS,SE,0,N,
DATAFLOW,SPC:DF_CLIMATE_CHANGE(1.0),I,A,ST_ANOM,TK,1991,0.5,,CELSIUS,SE,0,N,
DATAFLOW,SPC:DF_CLIMATE_CHANGE(1.0),I,A,ST_ANOM,TK,1992,0.4,,CELSIUS,SE,0,N,
DATAFLOW,SPC:DF_CLIMATE_CHANGE(1.0),I,A,ST_ANOM,TK,1993,0.3,,CELSIUS,SE,0,N,
DATAFLOW,SPC:DF_CLIMATE_CHANGE(1.0),I,A,ST_ANOM,TK,1994,0.5,,CELSIUS,SE,0,N,
DATAFLOW,SPC:DF_CLIMATE_CHANGE(1.0),I,A,ST_ANOM,TK,1995,0.4,,CELSIUS,SE,0.1,N,
DATAFLOW,SPC:DF_CLIMATE_CHANGE(1.0),I,A,ST_ANOM,TK,1996,0,,CELSIUS,SE,0,N,
DATAFLOW,SPC:DF_CLIMATE_CHANGE(1.0),I,A,ST_ANOM,TK,1997,0.2,,CELSIUS,SE,0,N,
DATAFLOW,SPC:DF_CLIMATE_CHANGE(1.0),I,A,ST_ANOM,TK,1998,-0.1,,CELSIUS,SE,0.1,N,
DATAFLOW,SPC:DF_CLIMATE_CHANGE(1.0),I,A,ST_ANOM,TK,1999,-0.4,,CELSIUS,SE,0,N,
DATAFLOW,SPC:DF_CLIMATE_CHANGE(1.0),I,A,ST_ANOM,TK,2000,-0.3,,CELSIUS,SE,0,N,
DATAFLOW,SPC:DF_CLIMATE_CHANGE(1.0),I,A,ST_ANOM,TK,2001,0.1,,CELSIUS,SE,0.1,N,
DATAFLOW,SPC:DF_CLIMATE_CHANGE(1.0),I,A,ST_ANOM,TK,2002,0.5,,CELSIUS,SE,0,N,
DATAFLOW,SPC:DF_CLIMATE_CHANGE(1.0),I,A,ST_ANOM,TK,2003,0.6,,CELSIUS,SE,0.1,N,
DATAFLOW,SPC:DF_CLIMATE_CHANGE(1.0),I,A,ST_ANOM,TK,2004,0.5,,CELSIUS,SE,0.1,N,
DATAFLOW,SPC:DF_CLIMATE_CHANGE(1.0),I,A,ST_ANOM,TK,2005,0.4,,CELSIUS,SE,0,N,
DATAFLOW,SPC:DF_CLIMATE_CHANGE(1.0),I,A,ST_ANOM,TK,2006,0.4,,CELSIUS,SE,0.1,N,
DATAFLOW,SPC:DF_CLIMATE_CHANGE(1.0),I,A,ST_ANOM,TK,2007,0.3,,CELSIUS,SE,0.1,N,
DATAFLOW,SPC:DF_CLIMATE_CHANGE(1.0),I,A,ST_ANOM,TK,2008,-0.3,,CELSIUS,SE,0.1,N,
DATAFLOW,SPC:DF_CLIMATE_CHANGE(1.0),I,A,ST_ANOM,TK,2009,0.5,,CELSIUS,SE,0.1,N,
DATAFLOW,SPC:DF_CLIMATE_CHANGE(1.0),I,A,ST_ANOM,TK,2010,0.2,,CELSIUS,SE,0.2,N,
DATAFLOW,SPC:DF_CLIMATE_CHANGE(1.0),I,A,ST_ANOM,TK,2011,-0.4,,CELSIUS,SE,0.1,N,
DATAFLOW,SPC:DF_CLIMATE_CHANGE(1.0),I,A,ST_ANOM,TK,2012,0.2,,CELSIUS,SE,0.1,N,
DATAFLOW,SPC:DF_CLIMATE_CHANGE(1.0),I,A,ST_ANOM,TK,2013,0.3,,CELSIUS,SE,0,N,
DATAFLOW,SPC:DF_CLIMATE_CHANGE(1.0),I,A,ST_ANOM,TK,2014,0.5,,CELSIUS,SE,0,N,
DATAFLOW,SPC:DF_CLIMATE_CHANGE(1.0),I,A,ST_ANOM,TK,2015,0.9,,CELSIUS,SE,0,N,
DATAFLOW,SPC:DF_CLIMATE_CHANGE(1.0),I,A,ST_ANOM,TK,2016,0.7,,CELSIUS,SE,0.1,N,
DATAFLOW,SPC:DF_CLIMATE_CHANGE(1.0),I,A,ST_ANOM,TK,2017,0.5,,CELSIUS,SE,0,N,
DATAFLOW,SPC:DF_CLIMATE_CHANGE(1.0),I,A,ST_ANOM,TK,2018,0.5,,CELSIUS,SE,0.1,N,
DATAFLOW,SPC:DF_CLIMATE_CHANGE(1.0),I,A,ST_ANOM,TK,2019,0.8,,CELSIUS,SE,0,N,
DATAFLOW,SPC:DF_CLIMATE_CHANGE(1.0),I,A,ST_ANOM,TK,2020,0.5,,CELSIUS,SE,0.1,N,
DATAFLOW,SPC:DF_CLIMATE_CHANGE(1.0),I,A,ST_ANOM,TK,2021,0,,CELSIUS,SE,0,N,
DATAFLOW,SPC:DF_CLIMATE_CHANGE(1.0),I,A,ST_ANOM,TK,2022,-0.2,,CELSIUS,SE,0,N,
DATAFLOW,SPC:DF_CLIMATE_CHANGE(1.0),I,A,ST_ANOM,TK,2023,0.6,,CELSIUS,SE,0.1,N,
DATAFLOW,SPC:DF_CLIMATE_CHANGE(1.0),I,A,ST_ANOM,TK,2024,0.8,,CELSIUS,SE,0.1,N,
DATAFLOW,SPC:DF_CLIMATE_CHANGE(1.0),I,A,ST_ANOM,TK,2025,0.4,,CELSIUS,SE,0,N,
DATAFLOW,SPC:DF_CLIMATE_CHANGE(1.0),I,A,ST_ANOM,FJ,1850,-0.1,,CELSIUS,SE,0,N,
DATAFLOW,SPC:DF_CLIMATE_CHANGE(1.0),I,A,ST_ANOM,FJ,1851,-0.2,,CELSIUS,SE,0,N,
DATAFLOW,SPC:DF_CLIMATE_CHANGE(1.0),I,A,ST_ANOM,FJ,1852,-0.2,,CELSIUS,SE,0,N,
DATAFLOW,SPC:DF_CLIMATE_CHANGE(1.0),I,A,ST_ANOM,FJ,1853,-0.1,,CELSIUS,SE,0.2,N,
DATAFLOW,SPC:DF_CLIMATE_CHANGE(1.0),I,A,ST_ANOM,FJ,1854,-0.4,,CELSIUS,SE,0.1,N,
DATAFLOW,SPC:DF_CLIMATE_CHANGE(1.0),I,A,ST_ANOM,FJ,1855,-0.4,,CELSIUS,SE,0.1,N,
DATAFLOW,SPC:DF_CLIMATE_CHANGE(1.0),I,A,ST_ANOM,FJ,1856,-0.5,,CELSIUS,SE,0.1,N,
DATAFLOW,SPC:DF_CLIMATE_CHANGE(1.0),I,A,ST_ANOM,FJ,1857,0.1,,CELSIUS,SE,0.1,N,
DATAFLOW,SPC:DF_CLIMATE_CHANGE(1.0),I,A,ST_ANOM,FJ,1858,-0.2,,CELSIUS,SE,0,N,
DATAFLOW,SPC:DF_CLIMATE_CHANGE(1.0),I,A,ST_ANOM,FJ,1859,0,,CELSIUS,SE,0,N,
DATAFLOW,SPC:DF_CLIMATE_CHANGE(1.0),I,A,ST_ANOM,FJ,1860,0,,CELSIUS,SE,0,N,
DATAFLOW,SPC:DF_CLIMATE_CHANGE(1.0),I,A,ST_ANOM,FJ,1861,-0.1,,CELSIUS,SE,0.1,N,
DATAFLOW,SPC:DF_CLIMATE_CHANGE(1.0),I,A,ST_ANOM,FJ,1862,-0.1,,CELSIUS,SE,0.1,N,
DATAFLOW,SPC:DF_CLIMATE_CHANGE(1.0),I,A,ST_ANOM,FJ,1863,0,,CELSIUS,SE,0.1,N,
DATAFLOW,SPC:DF_CLIMATE_CHANGE(1.0),I,A,ST_ANOM,FJ,1864,0,,CELSIUS,SE,0.1,N,
DATAFLOW,SPC:DF_CLIMATE_CHANGE(1.0),I,A,ST_ANOM,FJ,1865,-0.1,,CELSIUS,SE,0,N,
DATAFLOW,SPC:DF_CLIMATE_CHANGE(1.0),I,A,ST_ANOM,FJ,1866,0,,CELSIUS,SE,0,N,
DATAFLOW,SPC:DF_CLIMATE_CHANGE(1.0),I,A,ST_ANOM,FJ,1867,0.1,,CELSIUS,SE,0.1,N,
DATAFLOW,SPC:DF_CLIMATE_CHANGE(1.0),I,A,ST_ANOM,FJ,1868,0,,CELSIUS,SE,0.1,N,
DATAFLOW,SPC:DF_CLIMATE_CHANGE(1.0),I,A,ST_ANOM,FJ,1869,0,,CELSIUS,SE,0.1,N,
DATAFLOW,SPC:DF_CLIMATE_CHANGE(1.0),I,A,ST_ANOM,FJ,1870,0.1,,CELSIUS,SE,0.1,N,
DATAFLOW,SPC:DF_CLIMATE_CHANGE(1.0),I,A,ST_ANOM,FJ,1871,0.1,,CELSIUS,SE,0.1,N,
DATAFLOW,SPC:DF_CLIMATE_CHANGE(1.0),I,A,ST_ANOM,FJ,1872,0.2,,CELSIUS,SE,0.1,N,
DATAFLOW,SPC:DF_CLIMATE_CHANGE(1.0),I,A,ST_ANOM,FJ,1873,0.1,,CELSIUS,SE,0.1,N,
DATAFLOW,SPC:DF_CLIMATE_CHANGE(1.0),I,A,ST_ANOM,FJ,1874,0.1,,CELSIUS,SE,0.2,N,
DATAFLOW,SPC:DF_CLIMATE_CHANGE(1.0),I,A,ST_ANOM,FJ,1875,0,,CELSIUS,SE,0.1,N,
DATAFLOW,SPC:DF_CLIMATE_CHANGE(1.0),I,A,ST_ANOM,FJ,1876,-0.1,,CELSIUS,SE,0,N,
DATAFLOW,SPC:DF_CLIMATE_CHANGE(1.0),I,A,ST_ANOM,FJ,1877,-0.5,,CELSIUS,SE,0.1,N,
DATAFLOW,SPC:DF_CLIMATE_CHANGE(1.0),I,A,ST_ANOM,FJ,1878,-0.3,,CELSIUS,SE,0.1,N,
DATAFLOW,SPC:DF_CLIMATE_CHANGE(1.0),I,A,ST_ANOM,FJ,1879,0.2,,CELSIUS,SE,0.1,N,
DATAFLOW,SPC:DF_CLIMATE_CHANGE(1.0),I,A,ST_ANOM,FJ,1880,0,,CELSIUS,SE,0.1,N,
DATAFLOW,SPC:DF_CLIMATE_CHANGE(1.0),I,A,ST_ANOM,FJ,1881,-0.1,,CELSIUS,SE,0.1,N,
DATAFLOW,SPC:DF_CLIMATE_CHANGE(1.0),I,A,ST_ANOM,FJ,1882,0,,CELSIUS,SE,0.1,N,
DATAFLOW,SPC:DF_CLIMATE_CHANGE(1.0),I,A,ST_ANOM,FJ,1883,-0.5,,CELSIUS,SE,0.1,N,
DATAFLOW,SPC:DF_CLIMATE_CHANGE(1.0),I,A,ST_ANOM,FJ,1884,-0.8,,CELSIUS,SE,0.1,N,
DATAFLOW,SPC:DF_CLIMATE_CHANGE(1.0),I,A,ST_ANOM,FJ,1885,-1.1,,CELSIUS,SE,0.1,N,
DATAFLOW,SPC:DF_CLIMATE_CHANGE(1.0),I,A,ST_ANOM,FJ,1886,-0.7,,CELSIUS,SE,0.1,N,
DATAFLOW,SPC:DF_CLIMATE_CHANGE(1.0),I,A,ST_ANOM,FJ,1887,-0.5,,CELSIUS,SE,0.1,N,
DATAFLOW,SPC:DF_CLIMATE_CHANGE(1.0),I,A,ST_ANOM,FJ,1888,-0.8,,CELSIUS,SE,0.1,N,
DATAFLOW,SPC:DF_CLIMATE_CHANGE(1.0),I,A,ST_ANOM,FJ,1889,-0.4,,CELSIUS,SE,0.1,N,
DATAFLOW,SPC:DF_CLIMATE_CHANGE(1.0),I,A,ST_ANOM,FJ,1890,-0.3,,CELSIUS,SE,0.1,N,
DATAFLOW,SPC:DF_CLIMATE_CHANGE(1.0),I,A,ST_ANOM,FJ,1891,-0.3,,CELSIUS,SE,0.1,N,
DATAFLOW,SPC:DF_CLIMATE_CHANGE(1.0),I,A,ST_ANOM,FJ,1892,-0.4,,CELSIUS,SE,0.1,N,
DATAFLOW,SPC:DF_CLIMATE_CHANGE(1.0),I,A,ST_ANOM,FJ,1893,0,,CELSIUS,SE,0.1,N,
DATAFLOW,SPC:DF_CLIMATE_CHANGE(1.0),I,A,ST_ANOM,FJ,1894,-0.5,,CELSIUS,SE,0.1,N,
DATAFLOW,SPC:DF_CLIMATE_CHANGE(1.0),I,A,ST_ANOM,FJ,1895,-0.4,,CELSIUS,SE,0.1,N,
DATAFLOW,SPC:DF_CLIMATE_CHANGE(1.0),I,A,ST_ANOM,FJ,1896,-0.5,,CELSIUS,SE,0.1,N,
DATAFLOW,SPC:DF_CLIMATE_CHANGE(1.0),I,A,ST_ANOM,FJ,1897,-0.5,,CELSIUS,SE,0.1,N,
DATAFLOW,SPC:DF_CLIMATE_CHANGE(1.0),I,A,ST_ANOM,FJ,1898,-0.1,,CELSIUS,SE,0,N,
DATAFLOW,SPC:DF_CLIMATE_CHANGE(1.0),I,A,ST_ANOM,FJ,1899,-0.2,,CELSIUS,SE,0.1,N,
DATAFLOW,SPC:DF_CLIMATE_CHANGE(1.0),I,A,ST_ANOM,FJ,1900,-0.7,,CELSIUS,SE,0.1,N,
DATAFLOW,SPC:DF_CLIMATE_CHANGE(1.0),I,A,ST_ANOM,FJ,1901,-0.4,,CELSIUS,SE,0.1,N,
DATAFLOW,SPC:DF_CLIMATE_CHANGE(1.0),I,A,ST_ANOM,FJ,1902,-1,,CELSIUS,SE,0.1,N,
DATAFLOW,SPC:DF_CLIMATE_CHANGE(1.0),I,A,ST_ANOM,FJ,1903,-0.8,,CELSIUS,SE,0.1,N,
DATAFLOW,SPC:DF_CLIMATE_CHANGE(1.0),I,A,ST_ANOM,FJ,1904,-0.6,,CELSIUS,SE,0.1,N,
DATAFLOW,SPC:DF_CLIMATE_CHANGE(1.0),I,A,ST_ANOM,FJ,1905,-1.1,,CELSIUS,SE,0.1,N,
DATAFLOW,SPC:DF_CLIMATE_CHANGE(1.0),I,A,ST_ANOM,FJ,1906,-0.6,,CELSIUS,SE,0.1,N,
DATAFLOW,SPC:DF_CLIMATE_CHANGE(1.0),I,A,ST_ANOM,FJ,1907,-0.6,,CELSIUS,SE,0,N,
DATAFLOW,SPC:DF_CLIMATE_CHANGE(1.0),I,A,ST_ANOM,FJ,1908,-0.5,,CELSIUS,SE,0,N,
DATAFLOW,SPC:DF_CLIMATE_CHANGE(1.0),I,A,ST_ANOM,FJ,1909,-0.5,,CELSIUS,SE,0.1,N,
DATAFLOW,SPC:DF_CLIMATE_CHANGE(1.0),I,A,ST_ANOM,FJ,1910,-0.3,,CELSIUS,SE,0.1,N,
DATAFLOW,SPC:DF_CLIMATE_CHANGE(1.0),I,A,ST_ANOM,FJ,1911,-0.5,,CELSIUS,SE,0,N,
DATAFLOW,SPC:DF_CLIMATE_CHANGE(1.0),I,A,ST_ANOM,FJ,1912,-0.7,,CELSIUS,SE,0,N,
DATAFLOW,SPC:DF_CLIMATE_CHANGE(1.0),I,A,ST_ANOM,FJ,1913,-0.8,,CELSIUS,SE,0.1,N,
DATAFLOW,SPC:DF_CLIMATE_CHANGE(1.0),I,A,ST_ANOM,FJ,1914,-0.8,,CELSIUS,SE,0.1,N,
DATAFLOW,SPC:DF_CLIMATE_CHANGE(1.0),I,A,ST_ANOM,FJ,1915,-0.5,,CELSIUS,SE,0.1,N,
DATAFLOW,SPC:DF_CLIMATE_CHANGE(1.0),I,A,ST_ANOM,FJ,1916,0,,CELSIUS,SE,0.1,N,
DATAFLOW,SPC:DF_CLIMATE_CHANGE(1.0),I,A,ST_ANOM,FJ,1917,-0.1,,CELSIUS,SE,0.1,N,
DATAFLOW,SPC:DF_CLIMATE_CHANGE(1.0),I,A,ST_ANOM,FJ,1918,-0.5,,CELSIUS,SE,0,N,
DATAFLOW,SPC:DF_CLIMATE_CHANGE(1.0),I,A,ST_ANOM,FJ,1919,-0.9,,CELSIUS,SE,0.1,N,
DATAFLOW,SPC:DF_CLIMATE_CHANGE(1.0),I,A,ST_ANOM,FJ,1920,-0.5,,CELSIUS,SE,0.1,N,
DATAFLOW,SPC:DF_CLIMATE_CHANGE(1.0),I,A,ST_ANOM,FJ,1921,-0.6,,CELSIUS,SE,0.1,N,
DATAFLOW,SPC:DF_CLIMATE_CHANGE(1.0),I,A,ST_ANOM,FJ,1922,-0.2,,CELSIUS,SE,0,N,
DATAFLOW,SPC:DF_CLIMATE_CHANGE(1.0),I,A,ST_ANOM,FJ,1923,-0.5,,CELSIUS,SE,0.1,N,
DATAFLOW,SPC:DF_CLIMATE_CHANGE(1.0),I,A,ST_ANOM,FJ,1924,-0.1,,CELSIUS,SE,0.1,N,
DATAFLOW,SPC:DF_CLIMATE_CHANGE(1.0),I,A,ST_ANOM,FJ,1925,-0.4,,CELSIUS,SE,0.1,N,
DATAFLOW,SPC:DF_CLIMATE_CHANGE(1.0),I,A,ST_ANOM,FJ,1926,-0.7,,CELSIUS,SE,0.1,N,
DATAFLOW,SPC:DF_CLIMATE_CHANGE(1.0),I,A,ST_ANOM,FJ,1927,-0.2,,CELSIUS,SE,0.1,N,
DATAFLOW,SPC:DF_CLIMATE_CHANGE(1.0),I,A,ST_ANOM,FJ,1928,-0.5,,CELSIUS,SE,0.1,N,
DATAFLOW,SPC:DF_CLIMATE_CHANGE(1.0),I,A,ST_ANOM,FJ,1929,-0.5,,CELSIUS,SE,0.1,N,
DATAFLOW,SPC:DF_CLIMATE_CHANGE(1.0),I,A,ST_ANOM,FJ,1930,-0.8,,CELSIUS,SE,0.1,N,
DATAFLOW,SPC:DF_CLIMATE_CHANGE(1.0),I,A,ST_ANOM,FJ,1931,-0.7,,CELSIUS,SE,0.1,N,
DATAFLOW,SPC:DF_CLIMATE_CHANGE(1.0),I,A,ST_ANOM,FJ,1932,-0.4,,CELSIUS,SE,0,N,
DATAFLOW,SPC:DF_CLIMATE_CHANGE(1.0),I,A,ST_ANOM,FJ,1933,-0.4,,CELSIUS,SE,0.1,N,
DATAFLOW,SPC:DF_CLIMATE_CHANGE(1.0),I,A,ST_ANOM,FJ,1934,-0.5,,CELSIUS,SE,0,N,
DATAFLOW,SPC:DF_CLIMATE_CHANGE(1.0),I,A,ST_ANOM,FJ,1935,-0.3,,CELSIUS,SE,0.1,N,
DATAFLOW,SPC:DF_CLIMATE_CHANGE(1.0),I,A,ST_ANOM,FJ,1936,-0.3,,CELSIUS,SE,0.1,N,
DATAFLOW,SPC:DF_CLIMATE_CHANGE(1.0),I,A,ST_ANOM,FJ,1937,-0.2,,CELSIUS,SE,0.1,N,
DATAFLOW,SPC:DF_CLIMATE_CHANGE(1.0),I,A,ST_ANOM,FJ,1938,-0.2,,CELSIUS,SE,0.1,N,
DATAFLOW,SPC:DF_CLIMATE_CHANGE(1.0),I,A,ST_ANOM,FJ,1939,-0.5,,CELSIUS,SE,0.1,N,
DATAFLOW,SPC:DF_CLIMATE_CHANGE(1.0),I,A,ST_ANOM,FJ,1940,-0.7,,CELSIUS,SE,0,N,
DATAFLOW,SPC:DF_CLIMATE_CHANGE(1.0),I,A,ST_ANOM,FJ,1941,-0.6,,CELSIUS,SE,0,N,
DATAFLOW,SPC:DF_CLIMATE_CHANGE(1.0),I,A,ST_ANOM,FJ,1942,-0.3,,CELSIUS,SE,0.1,N,
DATAFLOW,SPC:DF_CLIMATE_CHANGE(1.0),I,A,ST_ANOM,FJ,1943,0.3,,CELSIUS,SE,0.1,N,
DATAFLOW,SPC:DF_CLIMATE_CHANGE(1.0),I,A,ST_ANOM,FJ,1944,0.1,,CELSIUS,SE,0.1,N,
DATAFLOW,SPC:DF_CLIMATE_CHANGE(1.0),I,A,ST_ANOM,FJ,1945,0,,CELSIUS,SE,0.1,N,
DATAFLOW,SPC:DF_CLIMATE_CHANGE(1.0),I,A,ST_ANOM,FJ,1946,-0.3,,CELSIUS,SE,0.1,N,
DATAFLOW,SPC:DF_CLIMATE_CHANGE(1.0),I,A,ST_ANOM,FJ,1947,-0.1,,CELSIUS,SE,0.1,N,
DATAFLOW,SPC:DF_CLIMATE_CHANGE(1.0),I,A,ST_ANOM,FJ,1948,-0.2,,CELSIUS,SE,0.1,N,
DATAFLOW,SPC:DF_CLIMATE_CHANGE(1.0),I,A,ST_ANOM,FJ,1949,-0.1,,CELSIUS,SE,0,N,
DATAFLOW,SPC:DF_CLIMATE_CHANGE(1.0),I,A,ST_ANOM,FJ,1950,0,,CELSIUS,SE,0.1,N,
DATAFLOW,SPC:DF_CLIMATE_CHANGE(1.0),I,A,ST_ANOM,FJ,1951,-0.1,,CELSIUS,SE,0.1,N,
DATAFLOW,SPC:DF_CLIMATE_CHANGE(1.0),I,A,ST_ANOM,FJ,1952,0,,CELSIUS,SE,0.1,N,
DATAFLOW,SPC:DF_CLIMATE_CHANGE(1.0),I,A,ST_ANOM,FJ,1953,-0.1,,CELSIUS,SE,0.1,N,
DATAFLOW,SPC:DF_CLIMATE_CHANGE(1.0),I,A,ST_ANOM,FJ,1954,-0.2,,CELSIUS,SE,0.1,N,
DATAFLOW,SPC:DF_CLIMATE_CHANGE(1.0),I,A,ST_ANOM,FJ,1955,-0.1,,CELSIUS,SE,0.1,N,
DATAFLOW,SPC:DF_CLIMATE_CHANGE(1.0),I,A,ST_ANOM,FJ,1956,0.2,,CELSIUS,SE,0.1,N,
DATAFLOW,SPC:DF_CLIMATE_CHANGE(1.0),I,A,ST_ANOM,FJ,1957,-0.3,,CELSIUS,SE,0.1,N,
DATAFLOW,SPC:DF_CLIMATE_CHANGE(1.0),I,A,ST_ANOM,FJ,1958,-0.4,,CELSIUS,SE,0.1,N,
DATAFLOW,SPC:DF_CLIMATE_CHANGE(1.0),I,A,ST_ANOM,FJ,1959,-0.3,,CELSIUS,SE,0.1,N,
DATAFLOW,SPC:DF_CLIMATE_CHANGE(1.0),I,A,ST_ANOM,FJ,1960,-0.1,,CELSIUS,SE,0.1,N,
DATAFLOW,SPC:DF_CLIMATE_CHANGE(1.0),I,A,ST_ANOM,FJ,1961,0,,CELSIUS,SE,0.1,N,
DATAFLOW,SPC:DF_CLIMATE_CHANGE(1.0),I,A,ST_ANOM,FJ,1962,-0.1,,CELSIUS,SE,0.1,N,
DATAFLOW,SPC:DF_CLIMATE_CHANGE(1.0),I,A,ST_ANOM,FJ,1963,-0.2,,CELSIUS,SE,0.1,N,
DATAFLOW,SPC:DF_CLIMATE_CHANGE(1.0),I,A,ST_ANOM,FJ,1964,-0.1,,CELSIUS,SE,0.1,N,
DATAFLOW,SPC:DF_CLIMATE_CHANGE(1.0),I,A,ST_ANOM,FJ,1965,-0.6,,CELSIUS,SE,0.1,N,
DATAFLOW,SPC:DF_CLIMATE_CHANGE(1.0),I,A,ST_ANOM,FJ,1966,-0.4,,CELSIUS,SE,0.1,N,
DATAFLOW,SPC:DF_CLIMATE_CHANGE(1.0),I,A,ST_ANOM,FJ,1967,-0.2,,CELSIUS,SE,0.1,N,
DATAFLOW,SPC:DF_CLIMATE_CHANGE(1.0),I,A,ST_ANOM,FJ,1968,-0.1,,CELSIUS,SE,0.1,N,
DATAFLOW,SPC:DF_CLIMATE_CHANGE(1.0),I,A,ST_ANOM,FJ,1969,-0.3,,CELSIUS,SE,0.1,N,
DATAFLOW,SPC:DF_CLIMATE_CHANGE(1.0),I,A,ST_ANOM,FJ,1970,0.1,,CELSIUS,SE,0.1,N,
DATAFLOW,SPC:DF_CLIMATE_CHANGE(1.0),I,A,ST_ANOM,FJ,1971,0.1,,CELSIUS,SE,0.1,N,
DATAFLOW,SPC:DF_CLIMATE_CHANGE(1.0),I,A,ST_ANOM,FJ,1972,-0.2,,CELSIUS,SE,0,N,
DATAFLOW,SPC:DF_CLIMATE_CHANGE(1.0),I,A,ST_ANOM,FJ,1973,0.2,,CELSIUS,SE,0.1,N,
DATAFLOW,SPC:DF_CLIMATE_CHANGE(1.0),I,A,ST_ANOM,FJ,1974,0.3,,CELSIUS,SE,0.1,N,
DATAFLOW,SPC:DF_CLIMATE_CHANGE(1.0),I,A,ST_ANOM,FJ,1975,0.2,,CELSIUS,SE,0.1,N,
DATAFLOW,SPC:DF_CLIMATE_CHANGE(1.0),I,A,ST_ANOM,FJ,1976,0,,CELSIUS,SE,0,N,
DATAFLOW,SPC:DF_CLIMATE_CHANGE(1.0),I,A,ST_ANOM,FJ,1977,-0.4,,CELSIUS,SE,0.1,N,
DATAFLOW,SPC:DF_CLIMATE_CHANGE(1.0),I,A,ST_ANOM,FJ,1978,-0.3,,CELSIUS,SE,0.1,N,
DATAFLOW,SPC:DF_CLIMATE_CHANGE(1.0),I,A,ST_ANOM,FJ,1979,-0.1,,CELSIUS,SE,0.1,N,
DATAFLOW,SPC:DF_CLIMATE_CHANGE(1.0),I,A,ST_ANOM,FJ,1980,-0.1,,CELSIUS,SE,0.1,N,
DATAFLOW,SPC:DF_CLIMATE_CHANGE(1.0),I,A,ST_ANOM,FJ,1981,-0.1,,CELSIUS,SE,0.1,N,
DATAFLOW,SPC:DF_CLIMATE_CHANGE(1.0),I,A,ST_ANOM,FJ,1982,-0.3,,CELSIUS,SE,0.1,N,
DATAFLOW,SPC:DF_CLIMATE_CHANGE(1.0),I,A,ST_ANOM,FJ,1983,-0.4,,CELSIUS,SE,0.1,N,
DATAFLOW,SPC:DF_CLIMATE_CHANGE(1.0),I,A,ST_ANOM,FJ,1984,0.2,,CELSIUS,SE,0.1,N,
DATAFLOW,SPC:DF_CLIMATE_CHANGE(1.0),I,A,ST_ANOM,FJ,1985,0,,CELSIUS,SE,0.1,N,
DATAFLOW,SPC:DF_CLIMATE_CHANGE(1.0),I,A,ST_ANOM,FJ,1986,-0.4,,CELSIUS,SE,0.1,N,
DATAFLOW,SPC:DF_CLIMATE_CHANGE(1.0),I,A,ST_ANOM,FJ,1987,-0.4,,CELSIUS,SE,0.1,N,
DATAFLOW,SPC:DF_CLIMATE_CHANGE(1.0),I,A,ST_ANOM,FJ,1988,0.3,,CELSIUS,SE,0.1,N,
DATAFLOW,SPC:DF_CLIMATE_CHANGE(1.0),I,A,ST_ANOM,FJ,1989,0.2,,CELSIUS,SE,0.1,N,
DATAFLOW,SPC:DF_CLIMATE_CHANGE(1.0),I,A,ST_ANOM,FJ,1990,0.1,,CELSIUS,SE,0.1,N,
DATAFLOW,SPC:DF_CLIMATE_CHANGE(1.0),I,A,ST_ANOM,FJ,1991,-0.1,,CELSIUS,SE,0.1,N,
DATAFLOW,SPC:DF_CLIMATE_CHANGE(1.0),I,A,ST_ANOM,FJ,1992,-0.2,,CELSIUS,SE,0.1,N,
DATAFLOW,SPC:DF_CLIMATE_CHANGE(1.0),I,A,ST_ANOM,FJ,1993,-0.5,,CELSIUS,SE,0.1,N,
DATAFLOW,SPC:DF_CLIMATE_CHANGE(1.0),I,A,ST_ANOM,FJ,1994,-0.4,,CELSIUS,SE,0.1,N,
DATAFLOW,SPC:DF_CLIMATE_CHANGE(1.0),I,A,ST_ANOM,FJ,1995,0.2,,CELSIUS,SE,0.1,N,
DATAFLOW,SPC:DF_CLIMATE_CHANGE(1.0),I,A,ST_ANOM,FJ,1996,0.3,,CELSIUS,SE,0.1,N,
DATAFLOW,SPC:DF_CLIMATE_CHANGE(1.0),I,A,ST_ANOM,FJ,1997,-0.2,,CELSIUS,SE,0.1,N,
DATAFLOW,SPC:DF_CLIMATE_CHANGE(1.0),I,A,ST_ANOM,FJ,1998,0,,CELSIUS,SE,0.1,N,
DATAFLOW,SPC:DF_CLIMATE_CHANGE(1.0),I,A,ST_ANOM,FJ,1999,0.4,,CELSIUS,SE,0,N,
DATAFLOW,SPC:DF_CLIMATE_CHANGE(1.0),I,A,ST_ANOM,FJ,2000,0.5,,CELSIUS,SE,0,N,
DATAFLOW,SPC:DF_CLIMATE_CHANGE(1.0),I,A,ST_ANOM,FJ,2001,0.4,,CELSIUS,SE,0,N,
DATAFLOW,SPC:DF_CLIMATE_CHANGE(1.0),I,A,ST_ANOM,FJ,2002,0.3,,CELSIUS,SE,0.1,N,
DATAFLOW,SPC:DF_CLIMATE_CHANGE(1.0),I,A,ST_ANOM,FJ,2003,0.2,,CELSIUS,SE,0.1,N,
DATAFLOW,SPC:DF_CLIMATE_CHANGE(1.0),I,A,ST_ANOM,FJ,2004,0.2,,CELSIUS,SE,0,N,
DATAFLOW,SPC:DF_CLIMATE_CHANGE(1.0),I,A,ST_ANOM,FJ,2005,0.3,,CELSIUS,SE,0.1,N,
DATAFLOW,SPC:DF_CLIMATE_CHANGE(1.0),I,A,ST_ANOM,FJ,2006,0.2,,CELSIUS,SE,0.1,N,
DATAFLOW,SPC:DF_CLIMATE_CHANGE(1.0),I,A,ST_ANOM,FJ,2007,0.4,,CELSIUS,SE,0.1,N,
DATAFLOW,SPC:DF_CLIMATE_CHANGE(1.0),I,A,ST_ANOM,FJ,2008,0.6,,CELSIUS,SE,0.1,N,
DATAFLOW,SPC:DF_CLIMATE_CHANGE(1.0),I,A,ST_ANOM,FJ,2009,0.1,,CELSIUS,SE,0.1,N,
DATAFLOW,SPC:DF_CLIMATE_CHANGE(1.0),I,A,ST_ANOM,FJ,2010,0.4,,CELSIUS,SE,0.1,N,
DATAFLOW,SPC:DF_CLIMATE_CHANGE(1.0),I,A,ST_ANOM,FJ,2011,0.6,,CELSIUS,SE,0.1,N,
DATAFLOW,SPC:DF_CLIMATE_CHANGE(1.0),I,A,ST_ANOM,FJ,2012,0.4,,CELSIUS,SE,0.1,N,
DATAFLOW,SPC:DF_CLIMATE_CHANGE(1.0),I,A,ST_ANOM,FJ,2013,0.6,,CELSIUS,SE,0.1,N,
DATAFLOW,SPC:DF_CLIMATE_CHANGE(1.0),I,A,ST_ANOM,FJ,2014,0.4,,CELSIUS,SE,0.1,N,
DATAFLOW,SPC:DF_CLIMATE_CHANGE(1.0),I,A,ST_ANOM,FJ,2015,-0.2,,CELSIUS,SE,0.1,N,
DATAFLOW,SPC:DF_CLIMATE_CHANGE(1.0),I,A,ST_ANOM,FJ,2016,0.4,,CELSIUS,SE,0.1,N,
DATAFLOW,SPC:DF_CLIMATE_CHANGE(1.0),I,A,ST_ANOM,FJ,2017,0.5,,CELSIUS,SE,0.1,N,
DATAFLOW,SPC:DF_CLIMATE_CHANGE(1.0),I,A,ST_ANOM,FJ,2018,0.5,,CELSIUS,SE,0,N,
DATAFLOW,SPC:DF_CLIMATE_CHANGE(1.0),I,A,ST_ANOM,FJ,2019,0.4,,CELSIUS,SE,0.1,N,
DATAFLOW,SPC:DF_CLIMATE_CHANGE(1.0),I,A,ST_ANOM,FJ,2020,0.6,,CELSIUS,SE,0.1,N,
DATAFLOW,SPC:DF_CLIMATE_CHANGE(1.0),I,A,ST_ANOM,FJ,2021,0.7,,CELSIUS,SE,0.1,N,
DATAFLOW,SPC:DF_CLIMATE_CHANGE(1.0),I,A,ST_ANOM,FJ,2022,1.1,,CELSIUS,SE,0.1,N,
DATAFLOW,SPC:DF_CLIMATE_CHANGE(1.0),I,A,ST_ANOM,FJ,2023,0.6,,CELSIUS,SE,0.1,N,
DATAFLOW,SPC:DF_CLIMATE_CHANGE(1.0),I,A,ST_ANOM,FJ,2024,0.6,,CELSIUS,SE,0,N,
DATAFLOW,SPC:DF_CLIMATE_CHANGE(1.0),I,A,ST_ANOM,FJ,2025,0.7,,CELSIUS,SE,0.1,N,
DATAFLOW,SPC:DF_CLIMATE_CHANGE(1.0),I,A,ST_ANOM,NC,1850,-0.6,,CELSIUS,SE,0,N,
DATAFLOW,SPC:DF_CLIMATE_CHANGE(1.0),I,A,ST_ANOM,NC,1851,0.2,,CELSIUS,SE,0.1,N,
DATAFLOW,SPC:DF_CLIMATE_CHANGE(1.0),I,A,ST_ANOM,NC,1852,-0.4,,CELSIUS,SE,0.1,N,
DATAFLOW,SPC:DF_CLIMATE_CHANGE(1.0),I,A,ST_ANOM,NC,1853,-0.6,,CELSIUS,SE,0.2,N,
DATAFLOW,SPC:DF_CLIMATE_CHANGE(1.0),I,A,ST_ANOM,NC,1854,-0.9,,CELSIUS,SE,0.2,N,
DATAFLOW,SPC:DF_CLIMATE_CHANGE(1.0),I,A,ST_ANOM,NC,1855,-0.8,,CELSIUS,SE,0.1,N,
DATAFLOW,SPC:DF_CLIMATE_CHANGE(1.0),I,A,ST_ANOM,NC,1856,-1.1,,CELSIUS,SE,0.2,N,
DATAFLOW,SPC:DF_CLIMATE_CHANGE(1.0),I,A,ST_ANOM,NC,1857,-0.3,,CELSIUS,SE,0.2,N,
DATAFLOW,SPC:DF_CLIMATE_CHANGE(1.0),I,A,ST_ANOM,NC,1858,-0.7,,CELSIUS,SE,0.1,N,
DATAFLOW,SPC:DF_CLIMATE_CHANGE(1.0),I,A,ST_ANOM,NC,1859,-0.2,,CELSIUS,SE,0.1,N,
DATAFLOW,SPC:DF_CLIMATE_CHANGE(1.0),I,A,ST_ANOM,NC,1860,-0.4,,CELSIUS,SE,0.1,N,
DATAFLOW,SPC:DF_CLIMATE_CHANGE(1.0),I,A,ST_ANOM,NC,1861,-0.6,,CELSIUS,SE,0.2,N,
DATAFLOW,SPC:DF_CLIMATE_CHANGE(1.0),I,A,ST_ANOM,NC,1862,-0.5,,CELSIUS,SE,0.1,N,
DATAFLOW,SPC:DF_CLIMATE_CHANGE(1.0),I,A,ST_ANOM,NC,1863,0.1,,CELSIUS,SE,0.2,N,
DATAFLOW,SPC:DF_CLIMATE_CHANGE(1.0),I,A,ST_ANOM,NC,1864,0.4,,CELSIUS,SE,0.2,N,
DATAFLOW,SPC:DF_CLIMATE_CHANGE(1.0),I,A,ST_ANOM,NC,1865,0.1,,CELSIUS,SE,0.1,N,
DATAFLOW,SPC:DF_CLIMATE_CHANGE(1.0),I,A,ST_ANOM,NC,1866,0,,CELSIUS,SE,0.2,N,
DATAFLOW,SPC:DF_CLIMATE_CHANGE(1.0),I,A,ST_ANOM,NC,1867,-0.1,,CELSIUS,SE,0.2,N,
DATAFLOW,SPC:DF_CLIMATE_CHANGE(1.0),I,A,ST_ANOM,NC,1868,-0.4,,CELSIUS,SE,0.2,N,
DATAFLOW,SPC:DF_CLIMATE_CHANGE(1.0),I,A,ST_ANOM,NC,1869,-0.1,,CELSIUS,SE,0.1,N,
DATAFLOW,SPC:DF_CLIMATE_CHANGE(1.0),I,A,ST_ANOM,NC,1870,0.1,,CELSIUS,SE,0.1,N,
DATAFLOW,SPC:DF_CLIMATE_CHANGE(1.0),I,A,ST_ANOM,NC,1871,-0.2,,CELSIUS,SE,0.1,N,
DATAFLOW,SPC:DF_CLIMATE_CHANGE(1.0),I,A,ST_ANOM,NC,1872,-0.1,,CELSIUS,SE,0.1,N,
DATAFLOW,SPC:DF_CLIMATE_CHANGE(1.0),I,A,ST_ANOM,NC,1873,-0.1,,CELSIUS,SE,0.1,N,
DATAFLOW,SPC:DF_CLIMATE_CHANGE(1.0),I,A,ST_ANOM,NC,1874,0,,CELSIUS,SE,0.1,N,
DATAFLOW,SPC:DF_CLIMATE_CHANGE(1.0),I,A,ST_ANOM,NC,1875,0,,CELSIUS,SE,0.2,N,
DATAFLOW,SPC:DF_CLIMATE_CHANGE(1.0),I,A,ST_ANOM,NC,1876,-0.1,,CELSIUS,SE,0.1,N,
DATAFLOW,SPC:DF_CLIMATE_CHANGE(1.0),I,A,ST_ANOM,NC,1877,-0.3,,CELSIUS,SE,0.1,N,
DATAFLOW,SPC:DF_CLIMATE_CHANGE(1.0),I,A,ST_ANOM,NC,1878,0.1,,CELSIUS,SE,0.1,N,
DATAFLOW,SPC:DF_CLIMATE_CHANGE(1.0),I,A,ST_ANOM,NC,1879,0.2,,CELSIUS,SE,0.1,N,
DATAFLOW,SPC:DF_CLIMATE_CHANGE(1.0),I,A,ST_ANOM,NC,1880,-0.2,,CELSIUS,SE,0.1,N,
DATAFLOW,SPC:DF_CLIMATE_CHANGE(1.0),I,A,ST_ANOM,NC,1881,-0.6,,CELSIUS,SE,0.1,N,
DATAFLOW,SPC:DF_CLIMATE_CHANGE(1.0),I,A,ST_ANOM,NC,1882,-0.3,,CELSIUS,SE,0.1,N,
DATAFLOW,SPC:DF_CLIMATE_CHANGE(1.0),I,A,ST_ANOM,NC,1883,-0.6,,CELSIUS,SE,0.1,N,
DATAFLOW,SPC:DF_CLIMATE_CHANGE(1.0),I,A,ST_ANOM,NC,1884,-1.1,,CELSIUS,SE,0.1,N,
DATAFLOW,SPC:DF_CLIMATE_CHANGE(1.0),I,A,ST_ANOM,NC,1885,-1.1,,CELSIUS,SE,0.1,N,
DATAFLOW,SPC:DF_CLIMATE_CHANGE(1.0),I,A,ST_ANOM,NC,1886,-0.5,,CELSIUS,SE,0.1,N,
DATAFLOW,SPC:DF_CLIMATE_CHANGE(1.0),I,A,ST_ANOM,NC,1887,-0.7,,CELSIUS,SE,0.1,N,
DATAFLOW,SPC:DF_CLIMATE_CHANGE(1.0),I,A,ST_ANOM,NC,1888,-1,,CELSIUS,SE,0.1,N,
DATAFLOW,SPC:DF_CLIMATE_CHANGE(1.0),I,A,ST_ANOM,NC,1889,-0.3,,CELSIUS,SE,0.1,N,
DATAFLOW,SPC:DF_CLIMATE_CHANGE(1.0),I,A,ST_ANOM,NC,1890,-0.2,,CELSIUS,SE,0.1,N,
DATAFLOW,SPC:DF_CLIMATE_CHANGE(1.0),I,A,ST_ANOM,NC,1891,-0.3,,CELSIUS,SE,0.1,N,
DATAFLOW,SPC:DF_CLIMATE_CHANGE(1.0),I,A,ST_ANOM,NC,1892,-0.4,,CELSIUS,SE,0.2,N,
DATAFLOW,SPC:DF_CLIMATE_CHANGE(1.0),I,A,ST_ANOM,NC,1893,0.6,,CELSIUS,SE,0.1,N,
DATAFLOW,SPC:DF_CLIMATE_CHANGE(1.0),I,A,ST_ANOM,NC,1894,-0.3,,CELSIUS,SE,0.1,N,
DATAFLOW,SPC:DF_CLIMATE_CHANGE(1.0),I,A,ST_ANOM,NC,1895,-0.5,,CELSIUS,SE,0.2,N,
DATAFLOW,SPC:DF_CLIMATE_CHANGE(1.0),I,A,ST_ANOM,NC,1896,-0.3,,CELSIUS,SE,0.1,N,
DATAFLOW,SPC:DF_CLIMATE_CHANGE(1.0),I,A,ST_ANOM,NC,1897,-0.2,,CELSIUS,SE,0.1,N,
DATAFLOW,SPC:DF_CLIMATE_CHANGE(1.0),I,A,ST_ANOM,NC,1898,-0.3,,CELSIUS,SE,0.1,N,
DATAFLOW,SPC:DF_CLIMATE_CHANGE(1.0),I,A,ST_ANOM,NC,1899,-0.8,,CELSIUS,SE,0.1,N,
DATAFLOW,SPC:DF_CLIMATE_CHANGE(1.0),I,A,ST_ANOM,NC,1900,-0.5,,CELSIUS,SE,0.1,N,
DATAFLOW,SPC:DF_CLIMATE_CHANGE(1.0),I,A,ST_ANOM,NC,1901,-0.9,,CELSIUS,SE,0.1,N,
DATAFLOW,SPC:DF_CLIMATE_CHANGE(1.0),I,A,ST_ANOM,NC,1902,-1.1,,CELSIUS,SE,0.1,N,
DATAFLOW,SPC:DF_CLIMATE_CHANGE(1.0),I,A,ST_ANOM,NC,1903,-0.9,,CELSIUS,SE,0.1,N,
DATAFLOW,SPC:DF_CLIMATE_CHANGE(1.0),I,A,ST_ANOM,NC,1904,-1,,CELSIUS,SE,0.1,N,
DATAFLOW,SPC:DF_CLIMATE_CHANGE(1.0),I,A,ST_ANOM,NC,1905,-1.2,,CELSIUS,SE,0.1,N,
DATAFLOW,SPC:DF_CLIMATE_CHANGE(1.0),I,A,ST_ANOM,NC,1906,-0.8,,CELSIUS,SE,0.1,N,
DATAFLOW,SPC:DF_CLIMATE_CHANGE(1.0),I,A,ST_ANOM,NC,1907,-0.4,,CELSIUS,SE,0.1,N,
DATAFLOW,SPC:DF_CLIMATE_CHANGE(1.0),I,A,ST_ANOM,NC,1908,-0.6,,CELSIUS,SE,0.1,N,
DATAFLOW,SPC:DF_CLIMATE_CHANGE(1.0),I,A,ST_ANOM,NC,1909,-0.5,,CELSIUS,SE,0.1,N,
DATAFLOW,SPC:DF_CLIMATE_CHANGE(1.0),I,A,ST_ANOM,NC,1910,-0.3,,CELSIUS,SE,0,N,
DATAFLOW,SPC:DF_CLIMATE_CHANGE(1.0),I,A,ST_ANOM,NC,1911,-0.7,,CELSIUS,SE,0.1,N,
DATAFLOW,SPC:DF_CLIMATE_CHANGE(1.0),I,A,ST_ANOM,NC,1912,-0.8,,CELSIUS,SE,0,N,
DATAFLOW,SPC:DF_CLIMATE_CHANGE(1.0),I,A,ST_ANOM,NC,1913,-0.9,,CELSIUS,SE,0,N,
DATAFLOW,SPC:DF_CLIMATE_CHANGE(1.0),I,A,ST_ANOM,NC,1914,-0.9,,CELSIUS,SE,0.1,N,
DATAFLOW,SPC:DF_CLIMATE_CHANGE(1.0),I,A,ST_ANOM,NC,1915,-0.5,,CELSIUS,SE,0.1,N,
DATAFLOW,SPC:DF_CLIMATE_CHANGE(1.0),I,A,ST_ANOM,NC,1916,-0.1,,CELSIUS,SE,0.1,N,
DATAFLOW,SPC:DF_CLIMATE_CHANGE(1.0),I,A,ST_ANOM,NC,1917,-0.3,,CELSIUS,SE,0.1,N,
DATAFLOW,SPC:DF_CLIMATE_CHANGE(1.0),I,A,ST_ANOM,NC,1918,-0.7,,CELSIUS,SE,0.1,N,
DATAFLOW,SPC:DF_CLIMATE_CHANGE(1.0),I,A,ST_ANOM,NC,1919,-0.6,,CELSIUS,SE,0.1,N,
DATAFLOW,SPC:DF_CLIMATE_CHANGE(1.0),I,A,ST_ANOM,NC,1920,-0.6,,CELSIUS,SE,0.1,N,
DATAFLOW,SPC:DF_CLIMATE_CHANGE(1.0),I,A,ST_ANOM,NC,1921,-0.7,,CELSIUS,SE,0.1,N,
DATAFLOW,SPC:DF_CLIMATE_CHANGE(1.0),I,A,ST_ANOM,NC,1922,-0.7,,CELSIUS,SE,0.1,N,
DATAFLOW,SPC:DF_CLIMATE_CHANGE(1.0),I,A,ST_ANOM,NC,1923,-0.7,,CELSIUS,SE,0.1,N,
DATAFLOW,SPC:DF_CLIMATE_CHANGE(1.0),I,A,ST_ANOM,NC,1924,-0.2,,CELSIUS,SE,0.1,N,
DATAFLOW,SPC:DF_CLIMATE_CHANGE(1.0),I,A,ST_ANOM,NC,1925,-0.9,,CELSIUS,SE,0.1,N,
DATAFLOW,SPC:DF_CLIMATE_CHANGE(1.0),I,A,ST_ANOM,NC,1926,-0.6,,CELSIUS,SE,0.1,N,
DATAFLOW,SPC:DF_CLIMATE_CHANGE(1.0),I,A,ST_ANOM,NC,1927,-0.5,,CELSIUS,SE,0.1,N,
DATAFLOW,SPC:DF_CLIMATE_CHANGE(1.0),I,A,ST_ANOM,NC,1928,-0.7,,CELSIUS,SE,0.1,N,
DATAFLOW,SPC:DF_CLIMATE_CHANGE(1.0),I,A,ST_ANOM,NC,1929,-0.7,,CELSIUS,SE,0,N,
DATAFLOW,SPC:DF_CLIMATE_CHANGE(1.0),I,A,ST_ANOM,NC,1930,-1.1,,CELSIUS,SE,0.1,N,
DATAFLOW,SPC:DF_CLIMATE_CHANGE(1.0),I,A,ST_ANOM,NC,1931,-0.7,,CELSIUS,SE,0.1,N,
DATAFLOW,SPC:DF_CLIMATE_CHANGE(1.0),I,A,ST_ANOM,NC,1932,-0.8,,CELSIUS,SE,0.1,N,
DATAFLOW,SPC:DF_CLIMATE_CHANGE(1.0),I,A,ST_ANOM,NC,1933,-0.4,,CELSIUS,SE,0.1,N,
DATAFLOW,SPC:DF_CLIMATE_CHANGE(1.0),I,A,ST_ANOM,NC,1934,-1,,CELSIUS,SE,0.1,N,
DATAFLOW,SPC:DF_CLIMATE_CHANGE(1.0),I,A,ST_ANOM,NC,1935,-0.5,,CELSIUS,SE,0.1,N,
DATAFLOW,SPC:DF_CLIMATE_CHANGE(1.0),I,A,ST_ANOM,NC,1936,-0.7,,CELSIUS,SE,0.1,N,
DATAFLOW,SPC:DF_CLIMATE_CHANGE(1.0),I,A,ST_ANOM,NC,1937,-0.7,,CELSIUS,SE,0.1,N,
DATAFLOW,SPC:DF_CLIMATE_CHANGE(1.0),I,A,ST_ANOM,NC,1938,-0.2,,CELSIUS,SE,0.1,N,
DATAFLOW,SPC:DF_CLIMATE_CHANGE(1.0),I,A,ST_ANOM,NC,1939,-0.7,,CELSIUS,SE,0.1,N,
DATAFLOW,SPC:DF_CLIMATE_CHANGE(1.0),I,A,ST_ANOM,NC,1940,-0.8,,CELSIUS,SE,0.1,N,
DATAFLOW,SPC:DF_CLIMATE_CHANGE(1.0),I,A,ST_ANOM,NC,1941,-0.6,,CELSIUS,SE,0.1,N,
DATAFLOW,SPC:DF_CLIMATE_CHANGE(1.0),I,A,ST_ANOM,NC,1942,-0.3,,CELSIUS,SE,0.1,N,
DATAFLOW,SPC:DF_CLIMATE_CHANGE(1.0),I,A,ST_ANOM,NC,1943,0,,CELSIUS,SE,0.1,N,
DATAFLOW,SPC:DF_CLIMATE_CHANGE(1.0),I,A,ST_ANOM,NC,1944,-0.1,,CELSIUS,SE,0.1,N,
DATAFLOW,SPC:DF_CLIMATE_CHANGE(1.0),I,A,ST_ANOM,NC,1945,-0.2,,CELSIUS,SE,0.1,N,
DATAFLOW,SPC:DF_CLIMATE_CHANGE(1.0),I,A,ST_ANOM,NC,1946,-0.5,,CELSIUS,SE,0.1,N,
DATAFLOW,SPC:DF_CLIMATE_CHANGE(1.0),I,A,ST_ANOM,NC,1947,-0.6,,CELSIUS,SE,0.1,N,
DATAFLOW,SPC:DF_CLIMATE_CHANGE(1.0),I,A,ST_ANOM,NC,1948,-0.4,,CELSIUS,SE,0.1,N,
DATAFLOW,SPC:DF_CLIMATE_CHANGE(1.0),I,A,ST_ANOM,NC,1949,-0.4,,CELSIUS,SE,0,N,
DATAFLOW,SPC:DF_CLIMATE_CHANGE(1.0),I,A,ST_ANOM,NC,1950,-0.2,,CELSIUS,SE,0.1,N,
DATAFLOW,SPC:DF_CLIMATE_CHANGE(1.0),I,A,ST_ANOM,NC,1951,-0.5,,CELSIUS,SE,0.1,N,
DATAFLOW,SPC:DF_CLIMATE_CHANGE(1.0),I,A,ST_ANOM,NC,1952,-0.2,,CELSIUS,SE,0.1,N,
DATAFLOW,SPC:DF_CLIMATE_CHANGE(1.0),I,A,ST_ANOM,NC,1953,-0.2,,CELSIUS,SE,0.1,N,
DATAFLOW,SPC:DF_CLIMATE_CHANGE(1.0),I,A,ST_ANOM,NC,1954,-0.5,,CELSIUS,SE,0.1,N,
DATAFLOW,SPC:DF_CLIMATE_CHANGE(1.0),I,A,ST_ANOM,NC,1955,-0.2,,CELSIUS,SE,0.1,N,
DATAFLOW,SPC:DF_CLIMATE_CHANGE(1.0),I,A,ST_ANOM,NC,1956,0.1,,CELSIUS,SE,0.1,N,
DATAFLOW,SPC:DF_CLIMATE_CHANGE(1.0),I,A,ST_ANOM,NC,1957,-0.4,,CELSIUS,SE,0.1,N,
DATAFLOW,SPC:DF_CLIMATE_CHANGE(1.0),I,A,ST_ANOM,NC,1958,-0.1,,CELSIUS,SE,0.1,N,
DATAFLOW,SPC:DF_CLIMATE_CHANGE(1.0),I,A,ST_ANOM,NC,1959,-0.4,,CELSIUS,SE,0.1,N,
DATAFLOW,SPC:DF_CLIMATE_CHANGE(1.0),I,A,ST_ANOM,NC,1960,-0.3,,CELSIUS,SE,0.1,N,
DATAFLOW,SPC:DF_CLIMATE_CHANGE(1.0),I,A,ST_ANOM,NC,1961,-0.5,,CELSIUS,SE,0.1,N,
DATAFLOW,SPC:DF_CLIMATE_CHANGE(1.0),I,A,ST_ANOM,NC,1962,-0.2,,CELSIUS,SE,0.1,N,
DATAFLOW,SPC:DF_CLIMATE_CHANGE(1.0),I,A,ST_ANOM,NC,1963,-0.5,,CELSIUS,SE,0.1,N,
DATAFLOW,SPC:DF_CLIMATE_CHANGE(1.0),I,A,ST_ANOM,NC,1964,-0.2,,CELSIUS,SE,0.1,N,
DATAFLOW,SPC:DF_CLIMATE_CHANGE(1.0),I,A,ST_ANOM,NC,1965,-0.8,,CELSIUS,SE,0,N,
DATAFLOW,SPC:DF_CLIMATE_CHANGE(1.0),I,A,ST_ANOM,NC,1966,-0.7,,CELSIUS,SE,0.1,N,
DATAFLOW,SPC:DF_CLIMATE_CHANGE(1.0),I,A,ST_ANOM,NC,1967,-0.3,,CELSIUS,SE,0.1,N,
DATAFLOW,SPC:DF_CLIMATE_CHANGE(1.0),I,A,ST_ANOM,NC,1968,-0.3,,CELSIUS,SE,0.1,N,
DATAFLOW,SPC:DF_CLIMATE_CHANGE(1.0),I,A,ST_ANOM,NC,1969,-0.5,,CELSIUS,SE,0.1,N,
DATAFLOW,SPC:DF_CLIMATE_CHANGE(1.0),I,A,ST_ANOM,NC,1970,0.1,,CELSIUS,SE,0.1,N,
DATAFLOW,SPC:DF_CLIMATE_CHANGE(1.0),I,A,ST_ANOM,NC,1971,0.1,,CELSIUS,SE,0.1,N,
DATAFLOW,SPC:DF_CLIMATE_CHANGE(1.0),I,A,ST_ANOM,NC,1972,-0.3,,CELSIUS,SE,0.1,N,
DATAFLOW,SPC:DF_CLIMATE_CHANGE(1.0),I,A,ST_ANOM,NC,1973,0.4,,CELSIUS,SE,0.1,N,
DATAFLOW,SPC:DF_CLIMATE_CHANGE(1.0),I,A,ST_ANOM,NC,1974,0.2,,CELSIUS,SE,0.1,N,
DATAFLOW,SPC:DF_CLIMATE_CHANGE(1.0),I,A,ST_ANOM,NC,1975,0.3,,CELSIUS,SE,0.1,N,
DATAFLOW,SPC:DF_CLIMATE_CHANGE(1.0),I,A,ST_ANOM,NC,1976,0,,CELSIUS,SE,0.1,N,
DATAFLOW,SPC:DF_CLIMATE_CHANGE(1.0),I,A,ST_ANOM,NC,1977,-0.5,,CELSIUS,SE,0.1,N,
DATAFLOW,SPC:DF_CLIMATE_CHANGE(1.0),I,A,ST_ANOM,NC,1978,-0.4,,CELSIUS,SE,0.1,N,
DATAFLOW,SPC:DF_CLIMATE_CHANGE(1.0),I,A,ST_ANOM,NC,1979,-0.2,,CELSIUS,SE,0.1,N,
DATAFLOW,SPC:DF_CLIMATE_CHANGE(1.0),I,A,ST_ANOM,NC,1980,-0.2,,CELSIUS,SE,0.1,N,
DATAFLOW,SPC:DF_CLIMATE_CHANGE(1.0),I,A,ST_ANOM,NC,1981,-0.1,,CELSIUS,SE,0.1,N,
DATAFLOW,SPC:DF_CLIMATE_CHANGE(1.0),I,A,ST_ANOM,NC,1982,-0.5,,CELSIUS,SE,0.1,N,
DATAFLOW,SPC:DF_CLIMATE_CHANGE(1.0),I,A,ST_ANOM,NC,1983,-0.1,,CELSIUS,SE,0.1,N,
DATAFLOW,SPC:DF_CLIMATE_CHANGE(1.0),I,A,ST_ANOM,NC,1984,0,,CELSIUS,SE,0.1,N,
DATAFLOW,SPC:DF_CLIMATE_CHANGE(1.0),I,A,ST_ANOM,NC,1985,-0.1,,CELSIUS,SE,0.1,N,
DATAFLOW,SPC:DF_CLIMATE_CHANGE(1.0),I,A,ST_ANOM,NC,1986,-0.1,,CELSIUS,SE,0.1,N,
DATAFLOW,SPC:DF_CLIMATE_CHANGE(1.0),I,A,ST_ANOM,NC,1987,-0.2,,CELSIUS,SE,0.1,N,
DATAFLOW,SPC:DF_CLIMATE_CHANGE(1.0),I,A,ST_ANOM,NC,1988,0.5,,CELSIUS,SE,0.1,N,
DATAFLOW,SPC:DF_CLIMATE_CHANGE(1.0),I,A,ST_ANOM,NC,1989,0.1,,CELSIUS,SE,0.1,N,
DATAFLOW,SPC:DF_CLIMATE_CHANGE(1.0),I,A,ST_ANOM,NC,1990,0.2,,CELSIUS,SE,0.1,N,
DATAFLOW,SPC:DF_CLIMATE_CHANGE(1.0),I,A,ST_ANOM,NC,1991,-0.5,,CELSIUS,SE,0.1,N,
DATAFLOW,SPC:DF_CLIMATE_CHANGE(1.0),I,A,ST_ANOM,NC,1992,-0.4,,CELSIUS,SE,0.1,N,
DATAFLOW,SPC:DF_CLIMATE_CHANGE(1.0),I,A,ST_ANOM,NC,1993,-0.5,,CELSIUS,SE,0.1,N,
DATAFLOW,SPC:DF_CLIMATE_CHANGE(1.0),I,A,ST_ANOM,NC,1994,-0.7,,CELSIUS,SE,0.1,N,
DATAFLOW,SPC:DF_CLIMATE_CHANGE(1.0),I,A,ST_ANOM,NC,1995,0,,CELSIUS,SE,0.1,N,
DATAFLOW,SPC:DF_CLIMATE_CHANGE(1.0),I,A,ST_ANOM,NC,1996,0.1,,CELSIUS,SE,0.1,N,
DATAFLOW,SPC:DF_CLIMATE_CHANGE(1.0),I,A,ST_ANOM,NC,1997,-0.1,,CELSIUS,SE,0.1,N,
DATAFLOW,SPC:DF_CLIMATE_CHANGE(1.0),I,A,ST_ANOM,NC,1998,0.9,,CELSIUS,SE,0.1,N,
DATAFLOW,SPC:DF_CLIMATE_CHANGE(1.0),I,A,ST_ANOM,NC,1999,0.2,,CELSIUS,SE,0.1,N,
DATAFLOW,SPC:DF_CLIMATE_CHANGE(1.0),I,A,ST_ANOM,NC,2000,-0.1,,CELSIUS,SE,0.1,N,
DATAFLOW,SPC:DF_CLIMATE_CHANGE(1.0),I,A,ST_ANOM,NC,2001,0.3,,CELSIUS,SE,0.1,N,
DATAFLOW,SPC:DF_CLIMATE_CHANGE(1.0),I,A,ST_ANOM,NC,2002,0.2,,CELSIUS,SE,0.1,N,
DATAFLOW,SPC:DF_CLIMATE_CHANGE(1.0),I,A,ST_ANOM,NC,2003,0.1,,CELSIUS,SE,0.1,N,
DATAFLOW,SPC:DF_CLIMATE_CHANGE(1.0),I,A,ST_ANOM,NC,2004,0.1,,CELSIUS,SE,0.1,N,
DATAFLOW,SPC:DF_CLIMATE_CHANGE(1.0),I,A,ST_ANOM,NC,2005,0.2,,CELSIUS,SE,0,N,
DATAFLOW,SPC:DF_CLIMATE_CHANGE(1.0),I,A,ST_ANOM,NC,2006,-0.1,,CELSIUS,SE,0.1,N,
DATAFLOW,SPC:DF_CLIMATE_CHANGE(1.0),I,A,ST_ANOM,NC,2007,0.1,,CELSIUS,SE,0.1,N,
DATAFLOW,SPC:DF_CLIMATE_CHANGE(1.0),I,A,ST_ANOM,NC,2008,0.4,,CELSIUS,SE,0.1,N,
DATAFLOW,SPC:DF_CLIMATE_CHANGE(1.0),I,A,ST_ANOM,NC,2009,0.1,,CELSIUS,SE,0.1,N,
DATAFLOW,SPC:DF_CLIMATE_CHANGE(1.0),I,A,ST_ANOM,NC,2010,0.4,,CELSIUS,SE,0.1,N,
DATAFLOW,SPC:DF_CLIMATE_CHANGE(1.0),I,A,ST_ANOM,NC,2011,0.4,,CELSIUS,SE,0,N,
DATAFLOW,SPC:DF_CLIMATE_CHANGE(1.0),I,A,ST_ANOM,NC,2012,0,,CELSIUS,SE,0,N,
DATAFLOW,SPC:DF_CLIMATE_CHANGE(1.0),I,A,ST_ANOM,NC,2013,0.2,,CELSIUS,SE,0.1,N,
DATAFLOW,SPC:DF_CLIMATE_CHANGE(1.0),I,A,ST_ANOM,NC,2014,0.1,,CELSIUS,SE,0.1,N,
DATAFLOW,SPC:DF_CLIMATE_CHANGE(1.0),I,A,ST_ANOM,NC,2015,0,,CELSIUS,SE,0,N,
DATAFLOW,SPC:DF_CLIMATE_CHANGE(1.0),I,A,ST_ANOM,NC,2016,0.7,,CELSIUS,SE,0.1,N,
DATAFLOW,SPC:DF_CLIMATE_CHANGE(1.0),I,A,ST_ANOM,NC,2017,0.5,,CELSIUS,SE,0.1,N,
DATAFLOW,SPC:DF_CLIMATE_CHANGE(1.0),I,A,ST_ANOM,NC,2018,0.3,,CELSIUS,SE,0.1,N,
DATAFLOW,SPC:DF_CLIMATE_CHANGE(1.0),I,A,ST_ANOM,NC,2019,0.2,,CELSIUS,SE,0.1,N,
DATAFLOW,SPC:DF_CLIMATE_CHANGE(1.0),I,A,ST_ANOM,NC,2020,0.4,,CELSIUS,SE,0.1,N,
DATAFLOW,SPC:DF_CLIMATE_CHANGE(1.0),I,A,ST_ANOM,NC,2021,0.4,,CELSIUS,SE,0.1,N,
DATAFLOW,SPC:DF_CLIMATE_CHANGE(1.0),I,A,ST_ANOM,NC,2022,1.1,,CELSIUS,SE,0.1,N,
DATAFLOW,SPC:DF_CLIMATE_CHANGE(1.0),I,A,ST_ANOM,NC,2023,0.3,,CELSIUS,SE,0.1,N,
DATAFLOW,SPC:DF_CLIMATE_CHANGE(1.0),I,A,ST_ANOM,NC,2024,0.6,,CELSIUS,SE,0.1,N,
DATAFLOW,SPC:DF_CLIMATE_CHANGE(1.0),I,A,ST_ANOM,NC,2025,0.7,,CELSIUS,SE,0.1,N,
DATAFLOW,SPC:DF_CLIMATE_CHANGE(1.0),I,A,ST_ANOM,MH,1850,-0.1,,CELSIUS,SE,0.1,N,
DATAFLOW,SPC:DF_CLIMATE_CHANGE(1.0),I,A,ST_ANOM,MH,1851,-0.4,,CELSIUS,SE,0.1,N,
DATAFLOW,SPC:DF_CLIMATE_CHANGE(1.0),I,A,ST_ANOM,MH,1852,0,,CELSIUS,SE,0.1,N,
DATAFLOW,SPC:DF_CLIMATE_CHANGE(1.0),I,A,ST_ANOM,MH,1853,-0.1,,CELSIUS,SE,0.1,N,
DATAFLOW,SPC:DF_CLIMATE_CHANGE(1.0),I,A,ST_ANOM,MH,1854,-0.1,,CELSIUS,SE,0,N,
DATAFLOW,SPC:DF_CLIMATE_CHANGE(1.0),I,A,ST_ANOM,MH,1855,-0.1,,CELSIUS,SE,0.1,N,
DATAFLOW,SPC:DF_CLIMATE_CHANGE(1.0),I,A,ST_ANOM,MH,1856,-0.3,,CELSIUS,SE,0.1,N,
DATAFLOW,SPC:DF_CLIMATE_CHANGE(1.0),I,A,ST_ANOM,MH,1857,-0.1,,CELSIUS,SE,0.1,N,
DATAFLOW,SPC:DF_CLIMATE_CHANGE(1.0),I,A,ST_ANOM,MH,1858,-0.3,,CELSIUS,SE,0.1,N,
DATAFLOW,SPC:DF_CLIMATE_CHANGE(1.0),I,A,ST_ANOM,MH,1859,0.1,,CELSIUS,SE,0,N,
DATAFLOW,SPC:DF_CLIMATE_CHANGE(1.0),I,A,ST_ANOM,MH,1860,-0.2,,CELSIUS,SE,0,N,
DATAFLOW,SPC:DF_CLIMATE_CHANGE(1.0),I,A,ST_ANOM,MH,1861,-0.4,,CELSIUS,SE,0.1,N,
DATAFLOW,SPC:DF_CLIMATE_CHANGE(1.0),I,A,ST_ANOM,MH,1862,0,,CELSIUS,SE,0,N,
DATAFLOW,SPC:DF_CLIMATE_CHANGE(1.0),I,A,ST_ANOM,MH,1863,0,,CELSIUS,SE,0,N,
DATAFLOW,SPC:DF_CLIMATE_CHANGE(1.0),I,A,ST_ANOM,MH,1864,0,,CELSIUS,SE,0,N,
DATAFLOW,SPC:DF_CLIMATE_CHANGE(1.0),I,A,ST_ANOM,MH,1865,-0.1,,CELSIUS,SE,0,N,
DATAFLOW,SPC:DF_CLIMATE_CHANGE(1.0),I,A,ST_ANOM,MH,1866,-0.1,,CELSIUS,SE,0,N,
DATAFLOW,SPC:DF_CLIMATE_CHANGE(1.0),I,A,ST_ANOM,MH,1867,-0.2,,CELSIUS,SE,0.1,N,
DATAFLOW,SPC:DF_CLIMATE_CHANGE(1.0),I,A,ST_ANOM,MH,1868,-0.2,,CELSIUS,SE,0.1,N,
DATAFLOW,SPC:DF_CLIMATE_CHANGE(1.0),I,A,ST_ANOM,MH,1869,-0.1,,CELSIUS,SE,0.1,N,
DATAFLOW,SPC:DF_CLIMATE_CHANGE(1.0),I,A,ST_ANOM,MH,1870,-0.7,,CELSIUS,SE,0.1,N,
DATAFLOW,SPC:DF_CLIMATE_CHANGE(1.0),I,A,ST_ANOM,MH,1871,-0.4,,CELSIUS,SE,0,N,
DATAFLOW,SPC:DF_CLIMATE_CHANGE(1.0),I,A,ST_ANOM,MH,1872,-0.5,,CELSIUS,SE,0,N,
DATAFLOW,SPC:DF_CLIMATE_CHANGE(1.0),I,A,ST_ANOM,MH,1873,-0.5,,CELSIUS,SE,0,N,
DATAFLOW,SPC:DF_CLIMATE_CHANGE(1.0),I,A,ST_ANOM,MH,1874,-0.3,,CELSIUS,SE,0.1,N,
DATAFLOW,SPC:DF_CLIMATE_CHANGE(1.0),I,A,ST_ANOM,MH,1875,-0.6,,CELSIUS,SE,0,N,
DATAFLOW,SPC:DF_CLIMATE_CHANGE(1.0),I,A,ST_ANOM,MH,1876,-0.6,,CELSIUS,SE,0.1,N,
DATAFLOW,SPC:DF_CLIMATE_CHANGE(1.0),I,A,ST_ANOM,MH,1877,-0.4,,CELSIUS,SE,0,N,
DATAFLOW,SPC:DF_CLIMATE_CHANGE(1.0),I,A,ST_ANOM,MH,1878,-0.5,,CELSIUS,SE,0,N,
DATAFLOW,SPC:DF_CLIMATE_CHANGE(1.0),I,A,ST_ANOM,MH,1879,-0.6,,CELSIUS,SE,0,N,
DATAFLOW,SPC:DF_CLIMATE_CHANGE(1.0),I,A,ST_ANOM,MH,1880,-0.5,,CELSIUS,SE,0,N,
DATAFLOW,SPC:DF_CLIMATE_CHANGE(1.0),I,A,ST_ANOM,MH,1881,-0.1,,CELSIUS,SE,0.1,N,
DATAFLOW,SPC:DF_CLIMATE_CHANGE(1.0),I,A,ST_ANOM,MH,1882,0.1,,CELSIUS,SE,0.1,N,
DATAFLOW,SPC:DF_CLIMATE_CHANGE(1.0),I,A,ST_ANOM,MH,1883,-0.1,,CELSIUS,SE,0.1,N,
DATAFLOW,SPC:DF_CLIMATE_CHANGE(1.0),I,A,ST_ANOM,MH,1884,-0.2,,CELSIUS,SE,0.1,N,
DATAFLOW,SPC:DF_CLIMATE_CHANGE(1.0),I,A,ST_ANOM,MH,1885,-0.4,,CELSIUS,SE,0.1,N,
DATAFLOW,SPC:DF_CLIMATE_CHANGE(1.0),I,A,ST_ANOM,MH,1886,-0.4,,CELSIUS,SE,0.1,N,
DATAFLOW,SPC:DF_CLIMATE_CHANGE(1.0),I,A,ST_ANOM,MH,1887,-0.5,,CELSIUS,SE,0.1,N,
DATAFLOW,SPC:DF_CLIMATE_CHANGE(1.0),I,A,ST_ANOM,MH,1888,-0.4,,CELSIUS,SE,0.1,N,
DATAFLOW,SPC:DF_CLIMATE_CHANGE(1.0),I,A,ST_ANOM,MH,1889,-0.6,,CELSIUS,SE,0.1,N,
DATAFLOW,SPC:DF_CLIMATE_CHANGE(1.0),I,A,ST_ANOM,MH,1890,-0.4,,CELSIUS,SE,0.1,N,
DATAFLOW,SPC:DF_CLIMATE_CHANGE(1.0),I,A,ST_ANOM,MH,1891,-0.1,,CELSIUS,SE,0.1,N,
DATAFLOW,SPC:DF_CLIMATE_CHANGE(1.0),I,A,ST_ANOM,MH,1892,-0.3,,CELSIUS,SE,0.1,N,
DATAFLOW,SPC:DF_CLIMATE_CHANGE(1.0),I,A,ST_ANOM,MH,1893,-0.2,,CELSIUS,SE,0.1,N,
DATAFLOW,SPC:DF_CLIMATE_CHANGE(1.0),I,A,ST_ANOM,MH,1894,-0.2,,CELSIUS,SE,0.1,N,
DATAFLOW,SPC:DF_CLIMATE_CHANGE(1.0),I,A,ST_ANOM,MH,1895,-0.2,,CELSIUS,SE,0,N,
DATAFLOW,SPC:DF_CLIMATE_CHANGE(1.0),I,A,ST_ANOM,MH,1896,-0.4,,CELSIUS,SE,0.1,N,
DATAFLOW,SPC:DF_CLIMATE_CHANGE(1.0),I,A,ST_ANOM,MH,1897,-0.3,,CELSIUS,SE,0.1,N,
DATAFLOW,SPC:DF_CLIMATE_CHANGE(1.0),I,A,ST_ANOM,MH,1898,-0.5,,CELSIUS,SE,0,N,
DATAFLOW,SPC:DF_CLIMATE_CHANGE(1.0),I,A,ST_ANOM,MH,1899,-0.3,,CELSIUS,SE,0.1,N,
DATAFLOW,SPC:DF_CLIMATE_CHANGE(1.0),I,A,ST_ANOM,MH,1900,-0.2,,CELSIUS,SE,0.1,N,
DATAFLOW,SPC:DF_CLIMATE_CHANGE(1.0),I,A,ST_ANOM,MH,1901,-0.1,,CELSIUS,SE,0.1,N,
DATAFLOW,SPC:DF_CLIMATE_CHANGE(1.0),I,A,ST_ANOM,MH,1902,-0.5,,CELSIUS,SE,0.1,N,
DATAFLOW,SPC:DF_CLIMATE_CHANGE(1.0),I,A,ST_ANOM,MH,1903,-0.3,,CELSIUS,SE,0,N,
DATAFLOW,SPC:DF_CLIMATE_CHANGE(1.0),I,A,ST_ANOM,MH,1904,-0.4,,CELSIUS,SE,0.1,N,
DATAFLOW,SPC:DF_CLIMATE_CHANGE(1.0),I,A,ST_ANOM,MH,1905,-0.4,,CELSIUS,SE,0.1,N,
DATAFLOW,SPC:DF_CLIMATE_CHANGE(1.0),I,A,ST_ANOM,MH,1906,-0.5,,CELSIUS,SE,0.1,N,
DATAFLOW,SPC:DF_CLIMATE_CHANGE(1.0),I,A,ST_ANOM,MH,1907,-0.2,,CELSIUS,SE,0.1,N,
DATAFLOW,SPC:DF_CLIMATE_CHANGE(1.0),I,A,ST_ANOM,MH,1908,-0.7,,CELSIUS,SE,0.1,N,
DATAFLOW,SPC:DF_CLIMATE_CHANGE(1.0),I,A,ST_ANOM,MH,1909,-0.6,,CELSIUS,SE,0.1,N,
DATAFLOW,SPC:DF_CLIMATE_CHANGE(1.0),I,A,ST_ANOM,MH,1910,-0.8,,CELSIUS,SE,0.1,N,
DATAFLOW,SPC:DF_CLIMATE_CHANGE(1.0),I,A,ST_ANOM,MH,1911,-0.6,,CELSIUS,SE,0,N,
DATAFLOW,SPC:DF_CLIMATE_CHANGE(1.0),I,A,ST_ANOM,MH,1912,-0.6,,CELSIUS,SE,0.1,N,
DATAFLOW,SPC:DF_CLIMATE_CHANGE(1.0),I,A,ST_ANOM,MH,1913,-0.7,,CELSIUS,SE,0.1,N,
DATAFLOW,SPC:DF_CLIMATE_CHANGE(1.0),I,A,ST_ANOM,MH,1914,-0.5,,CELSIUS,SE,0,N,
DATAFLOW,SPC:DF_CLIMATE_CHANGE(1.0),I,A,ST_ANOM,MH,1915,-0.6,,CELSIUS,SE,0.1,N,
DATAFLOW,SPC:DF_CLIMATE_CHANGE(1.0),I,A,ST_ANOM,MH,1916,-1.1,,CELSIUS,SE,0.1,N,
DATAFLOW,SPC:DF_CLIMATE_CHANGE(1.0),I,A,ST_ANOM,MH,1917,-1.4,,CELSIUS,SE,0.2,N,
DATAFLOW,SPC:DF_CLIMATE_CHANGE(1.0),I,A,ST_ANOM,MH,1918,-0.5,,CELSIUS,SE,0.1,N,
DATAFLOW,SPC:DF_CLIMATE_CHANGE(1.0),I,A,ST_ANOM,MH,1919,-0.9,,CELSIUS,SE,0.1,N,
DATAFLOW,SPC:DF_CLIMATE_CHANGE(1.0),I,A,ST_ANOM,MH,1920,-0.5,,CELSIUS,SE,0.1,N,
DATAFLOW,SPC:DF_CLIMATE_CHANGE(1.0),I,A,ST_ANOM,MH,1921,-0.4,,CELSIUS,SE,0.1,N,
DATAFLOW,SPC:DF_CLIMATE_CHANGE(1.0),I,A,ST_ANOM,MH,1922,-0.4,,CELSIUS,SE,0.1,N,
DATAFLOW,SPC:DF_CLIMATE_CHANGE(1.0),I,A,ST_ANOM,MH,1923,-0.3,,CELSIUS,SE,0,N,
DATAFLOW,SPC:DF_CLIMATE_CHANGE(1.0),I,A,ST_ANOM,MH,1924,-0.3,,CELSIUS,SE,0.1,N,
DATAFLOW,SPC:DF_CLIMATE_CHANGE(1.0),I,A,ST_ANOM,MH,1925,-0.5,,CELSIUS,SE,0.1,N,
DATAFLOW,SPC:DF_CLIMATE_CHANGE(1.0),I,A,ST_ANOM,MH,1926,-0.3,,CELSIUS,SE,0.1,N,
DATAFLOW,SPC:DF_CLIMATE_CHANGE(1.0),I,A,ST_ANOM,MH,1927,-0.5,,CELSIUS,SE,0.1,N,
DATAFLOW,SPC:DF_CLIMATE_CHANGE(1.0),I,A,ST_ANOM,MH,1928,-0.3,,CELSIUS,SE,0.1,N,
DATAFLOW,SPC:DF_CLIMATE_CHANGE(1.0),I,A,ST_ANOM,MH,1929,-0.2,,CELSIUS,SE,0,N,
DATAFLOW,SPC:DF_CLIMATE_CHANGE(1.0),I,A,ST_ANOM,MH,1930,-0.3,,CELSIUS,SE,0.1,N,
DATAFLOW,SPC:DF_CLIMATE_CHANGE(1.0),I,A,ST_ANOM,MH,1931,-0.4,,CELSIUS,SE,0,N,
DATAFLOW,SPC:DF_CLIMATE_CHANGE(1.0),I,A,ST_ANOM,MH,1932,-0.5,,CELSIUS,SE,0.1,N,
DATAFLOW,SPC:DF_CLIMATE_CHANGE(1.0),I,A,ST_ANOM,MH,1933,-0.7,,CELSIUS,SE,0.1,N,
DATAFLOW,SPC:DF_CLIMATE_CHANGE(1.0),I,A,ST_ANOM,MH,1934,-0.5,,CELSIUS,SE,0.1,N,
DATAFLOW,SPC:DF_CLIMATE_CHANGE(1.0),I,A,ST_ANOM,MH,1935,-0.3,,CELSIUS,SE,0,N,
DATAFLOW,SPC:DF_CLIMATE_CHANGE(1.0),I,A,ST_ANOM,MH,1936,-0.3,,CELSIUS,SE,0,N,
DATAFLOW,SPC:DF_CLIMATE_CHANGE(1.0),I,A,ST_ANOM,MH,1937,-0.4,,CELSIUS,SE,0,N,
DATAFLOW,SPC:DF_CLIMATE_CHANGE(1.0),I,A,ST_ANOM,MH,1938,-0.5,,CELSIUS,SE,0.1,N,
DATAFLOW,SPC:DF_CLIMATE_CHANGE(1.0),I,A,ST_ANOM,MH,1939,-0.3,,CELSIUS,SE,0.1,N,
DATAFLOW,SPC:DF_CLIMATE_CHANGE(1.0),I,A,ST_ANOM,MH,1940,0,,CELSIUS,SE,0,N,
DATAFLOW,SPC:DF_CLIMATE_CHANGE(1.0),I,A,ST_ANOM,MH,1941,0.1,,CELSIUS,SE,0.1,N,
DATAFLOW,SPC:DF_CLIMATE_CHANGE(1.0),I,A,ST_ANOM,MH,1942,-0.1,,CELSIUS,SE,0.1,N,
DATAFLOW,SPC:DF_CLIMATE_CHANGE(1.0),I,A,ST_ANOM,MH,1943,0,,CELSIUS,SE,0.1,N,
DATAFLOW,SPC:DF_CLIMATE_CHANGE(1.0),I,A,ST_ANOM,MH,1944,0.1,,CELSIUS,SE,0,N,
DATAFLOW,SPC:DF_CLIMATE_CHANGE(1.0),I,A,ST_ANOM,MH,1945,0,,CELSIUS,SE,0.1,N,
DATAFLOW,SPC:DF_CLIMATE_CHANGE(1.0),I,A,ST_ANOM,MH,1946,0.2,,CELSIUS,SE,0,N,
DATAFLOW,SPC:DF_CLIMATE_CHANGE(1.0),I,A,ST_ANOM,MH,1947,0.1,,CELSIUS,SE,0,N,
DATAFLOW,SPC:DF_CLIMATE_CHANGE(1.0),I,A,ST_ANOM,MH,1948,-0.4,,CELSIUS,SE,0.2,N,
DATAFLOW,SPC:DF_CLIMATE_CHANGE(1.0),I,A,ST_ANOM,MH,1949,-0.6,,CELSIUS,SE,0.1,N,
DATAFLOW,SPC:DF_CLIMATE_CHANGE(1.0),I,A,ST_ANOM,MH,1950,-0.4,,CELSIUS,SE,0.1,N,
DATAFLOW,SPC:DF_CLIMATE_CHANGE(1.0),I,A,ST_ANOM,MH,1951,-0.1,,CELSIUS,SE,0.1,N,
DATAFLOW,SPC:DF_CLIMATE_CHANGE(1.0),I,A,ST_ANOM,MH,1952,-0.3,,CELSIUS,SE,0.1,N,
DATAFLOW,SPC:DF_CLIMATE_CHANGE(1.0),I,A,ST_ANOM,MH,1953,-0.2,,CELSIUS,SE,0,N,
DATAFLOW,SPC:DF_CLIMATE_CHANGE(1.0),I,A,ST_ANOM,MH,1954,-0.3,,CELSIUS,SE,0,N,
DATAFLOW,SPC:DF_CLIMATE_CHANGE(1.0),I,A,ST_ANOM,MH,1955,-0.4,,CELSIUS,SE,0.1,N,
DATAFLOW,SPC:DF_CLIMATE_CHANGE(1.0),I,A,ST_ANOM,MH,1956,-0.1,,CELSIUS,SE,0.1,N,
DATAFLOW,SPC:DF_CLIMATE_CHANGE(1.0),I,A,ST_ANOM,MH,1957,-0.1,,CELSIUS,SE,0.1,N,
DATAFLOW,SPC:DF_CLIMATE_CHANGE(1.0),I,A,ST_ANOM,MH,1958,0.1,,CELSIUS,SE,0,N,
DATAFLOW,SPC:DF_CLIMATE_CHANGE(1.0),I,A,ST_ANOM,MH,1959,0,,CELSIUS,SE,0.1,N,
DATAFLOW,SPC:DF_CLIMATE_CHANGE(1.0),I,A,ST_ANOM,MH,1960,-0.1,,CELSIUS,SE,0,N,
DATAFLOW,SPC:DF_CLIMATE_CHANGE(1.0),I,A,ST_ANOM,MH,1961,-0.1,,CELSIUS,SE,0,N,
DATAFLOW,SPC:DF_CLIMATE_CHANGE(1.0),I,A,ST_ANOM,MH,1962,0.1,,CELSIUS,SE,0,N,
DATAFLOW,SPC:DF_CLIMATE_CHANGE(1.0),I,A,ST_ANOM,MH,1963,0.2,,CELSIUS,SE,0,N,
DATAFLOW,SPC:DF_CLIMATE_CHANGE(1.0),I,A,ST_ANOM,MH,1964,-0.2,,CELSIUS,SE,0.1,N,
DATAFLOW,SPC:DF_CLIMATE_CHANGE(1.0),I,A,ST_ANOM,MH,1965,-0.1,,CELSIUS,SE,0,N,
DATAFLOW,SPC:DF_CLIMATE_CHANGE(1.0),I,A,ST_ANOM,MH,1966,0.2,,CELSIUS,SE,0,N,
DATAFLOW,SPC:DF_CLIMATE_CHANGE(1.0),I,A,ST_ANOM,MH,1967,0.1,,CELSIUS,SE,0,N,
DATAFLOW,SPC:DF_CLIMATE_CHANGE(1.0),I,A,ST_ANOM,MH,1968,0.2,,CELSIUS,SE,0,N,
DATAFLOW,SPC:DF_CLIMATE_CHANGE(1.0),I,A,ST_ANOM,MH,1969,0.2,,CELSIUS,SE,0,N,
DATAFLOW,SPC:DF_CLIMATE_CHANGE(1.0),I,A,ST_ANOM,MH,1970,-0.2,,CELSIUS,SE,0.1,N,
DATAFLOW,SPC:DF_CLIMATE_CHANGE(1.0),I,A,ST_ANOM,MH,1971,-0.5,,CELSIUS,SE,0,N,
DATAFLOW,SPC:DF_CLIMATE_CHANGE(1.0),I,A,ST_ANOM,MH,1972,-0.2,,CELSIUS,SE,0,N,
DATAFLOW,SPC:DF_CLIMATE_CHANGE(1.0),I,A,ST_ANOM,MH,1973,-0.3,,CELSIUS,SE,0,N,
DATAFLOW,SPC:DF_CLIMATE_CHANGE(1.0),I,A,ST_ANOM,MH,1974,-0.3,,CELSIUS,SE,0.1,N,
DATAFLOW,SPC:DF_CLIMATE_CHANGE(1.0),I,A,ST_ANOM,MH,1975,-0.7,,CELSIUS,SE,0.1,N,
DATAFLOW,SPC:DF_CLIMATE_CHANGE(1.0),I,A,ST_ANOM,MH,1976,-0.3,,CELSIUS,SE,0,N,
DATAFLOW,SPC:DF_CLIMATE_CHANGE(1.0),I,A,ST_ANOM,MH,1977,-0.1,,CELSIUS,SE,0,N,
DATAFLOW,SPC:DF_CLIMATE_CHANGE(1.0),I,A,ST_ANOM,MH,1978,0,,CELSIUS,SE,0,N,
DATAFLOW,SPC:DF_CLIMATE_CHANGE(1.0),I,A,ST_ANOM,MH,1979,0.1,,CELSIUS,SE,0,N,
DATAFLOW,SPC:DF_CLIMATE_CHANGE(1.0),I,A,ST_ANOM,MH,1980,0.2,,CELSIUS,SE,0,N,
DATAFLOW,SPC:DF_CLIMATE_CHANGE(1.0),I,A,ST_ANOM,MH,1981,0.1,,CELSIUS,SE,0.1,N,
DATAFLOW,SPC:DF_CLIMATE_CHANGE(1.0),I,A,ST_ANOM,MH,1982,0.1,,CELSIUS,SE,0.1,N,
DATAFLOW,SPC:DF_CLIMATE_CHANGE(1.0),I,A,ST_ANOM,MH,1983,-0.2,,CELSIUS,SE,0,N,
DATAFLOW,SPC:DF_CLIMATE_CHANGE(1.0),I,A,ST_ANOM,MH,1984,-0.1,,CELSIUS,SE,0,N,
DATAFLOW,SPC:DF_CLIMATE_CHANGE(1.0),I,A,ST_ANOM,MH,1985,0,,CELSIUS,SE,0,N,
DATAFLOW,SPC:DF_CLIMATE_CHANGE(1.0),I,A,ST_ANOM,MH,1986,0.2,,CELSIUS,SE,0,N,
DATAFLOW,SPC:DF_CLIMATE_CHANGE(1.0),I,A,ST_ANOM,MH,1987,0,,CELSIUS,SE,0.1,N,
DATAFLOW,SPC:DF_CLIMATE_CHANGE(1.0),I,A,ST_ANOM,MH,1988,0,,CELSIUS,SE,0.1,N,
DATAFLOW,SPC:DF_CLIMATE_CHANGE(1.0),I,A,ST_ANOM,MH,1989,-0.1,,CELSIUS,SE,0.1,N,
DATAFLOW,SPC:DF_CLIMATE_CHANGE(1.0),I,A,ST_ANOM,MH,1990,0.4,,CELSIUS,SE,0,N,
DATAFLOW,SPC:DF_CLIMATE_CHANGE(1.0),I,A,ST_ANOM,MH,1991,0.3,,CELSIUS,SE,0.1,N,
DATAFLOW,SPC:DF_CLIMATE_CHANGE(1.0),I,A,ST_ANOM,MH,1992,0.1,,CELSIUS,SE,0.1,N,
DATAFLOW,SPC:DF_CLIMATE_CHANGE(1.0),I,A,ST_ANOM,MH,1993,0,,CELSIUS,SE,0,N,
DATAFLOW,SPC:DF_CLIMATE_CHANGE(1.0),I,A,ST_ANOM,MH,1994,0.2,,CELSIUS,SE,0,N,
DATAFLOW,SPC:DF_CLIMATE_CHANGE(1.0),I,A,ST_ANOM,MH,1995,0.3,,CELSIUS,SE,0,N,
DATAFLOW,SPC:DF_CLIMATE_CHANGE(1.0),I,A,ST_ANOM,MH,1996,0.3,,CELSIUS,SE,0,N,
DATAFLOW,SPC:DF_CLIMATE_CHANGE(1.0),I,A,ST_ANOM,MH,1997,0.3,,CELSIUS,SE,0.1,N,
DATAFLOW,SPC:DF_CLIMATE_CHANGE(1.0),I,A,ST_ANOM,MH,1998,-0.3,,CELSIUS,SE,0,N,
DATAFLOW,SPC:DF_CLIMATE_CHANGE(1.0),I,A,ST_ANOM,MH,1999,-0.3,,CELSIUS,SE,0,N,
DATAFLOW,SPC:DF_CLIMATE_CHANGE(1.0),I,A,ST_ANOM,MH,2000,-0.1,,CELSIUS,SE,0.1,N,
DATAFLOW,SPC:DF_CLIMATE_CHANGE(1.0),I,A,ST_ANOM,MH,2001,0.2,,CELSIUS,SE,0.1,N,
DATAFLOW,SPC:DF_CLIMATE_CHANGE(1.0),I,A,ST_ANOM,MH,2002,0.4,,CELSIUS,SE,0.1,N,
DATAFLOW,SPC:DF_CLIMATE_CHANGE(1.0),I,A,ST_ANOM,MH,2003,0.5,,CELSIUS,SE,0,N,
DATAFLOW,SPC:DF_CLIMATE_CHANGE(1.0),I,A,ST_ANOM,MH,2004,0.6,,CELSIUS,SE,0,N,
DATAFLOW,SPC:DF_CLIMATE_CHANGE(1.0),I,A,ST_ANOM,MH,2005,0.5,,CELSIUS,SE,0,N,
DATAFLOW,SPC:DF_CLIMATE_CHANGE(1.0),I,A,ST_ANOM,MH,2006,0.4,,CELSIUS,SE,0,N,
DATAFLOW,SPC:DF_CLIMATE_CHANGE(1.0),I,A,ST_ANOM,MH,2007,0.3,,CELSIUS,SE,0.1,N,
DATAFLOW,SPC:DF_CLIMATE_CHANGE(1.0),I,A,ST_ANOM,MH,2008,-0.2,,CELSIUS,SE,0,N,
DATAFLOW,SPC:DF_CLIMATE_CHANGE(1.0),I,A,ST_ANOM,MH,2009,0.4,,CELSIUS,SE,0.1,N,
DATAFLOW,SPC:DF_CLIMATE_CHANGE(1.0),I,A,ST_ANOM,MH,2010,0,,CELSIUS,SE,0.1,N,
DATAFLOW,SPC:DF_CLIMATE_CHANGE(1.0),I,A,ST_ANOM,MH,2011,0.2,,CELSIUS,SE,0,N,
DATAFLOW,SPC:DF_CLIMATE_CHANGE(1.0),I,A,ST_ANOM,MH,2012,0.2,,CELSIUS,SE,0.1,N,
DATAFLOW,SPC:DF_CLIMATE_CHANGE(1.0),I,A,ST_ANOM,MH,2013,0.4,,CELSIUS,SE,0,N,
DATAFLOW,SPC:DF_CLIMATE_CHANGE(1.0),I,A,ST_ANOM,MH,2014,0.7,,CELSIUS,SE,0,N,
DATAFLOW,SPC:DF_CLIMATE_CHANGE(1.0),I,A,ST_ANOM,MH,2015,0.7,,CELSIUS,SE,0,N,
DATAFLOW,SPC:DF_CLIMATE_CHANGE(1.0),I,A,ST_ANOM,MH,2016,0.5,,CELSIUS,SE,0,N,
DATAFLOW,SPC:DF_CLIMATE_CHANGE(1.0),I,A,ST_ANOM,MH,2017,0.6,,CELSIUS,SE,0,N,
DATAFLOW,SPC:DF_CLIMATE_CHANGE(1.0),I,A,ST_ANOM,MH,2018,0.7,,CELSIUS,SE,0.1,N,
DATAFLOW,SPC:DF_CLIMATE_CHANGE(1.0),I,A,ST_ANOM,MH,2019,0.7,,CELSIUS,SE,0.1,N,
DATAFLOW,SPC:DF_CLIMATE_CHANGE(1.0),I,A,ST_ANOM,MH,2020,0.5,,CELSIUS,SE,0.1,N,
DATAFLOW,SPC:DF_CLIMATE_CHANGE(1.0),I,A,ST_ANOM,MH,2021,0.3,,CELSIUS,SE,0.1,N,
DATAFLOW,SPC:DF_CLIMATE_CHANGE(1.0),I,A,ST_ANOM,MH,2022,0.2,,CELSIUS,SE,0.1,N,
DATAFLOW,SPC:DF_CLIMATE_CHANGE(1.0),I,A,ST_ANOM,MH,2023,0.6,,CELSIUS,SE,0.1,N,
DATAFLOW,SPC:DF_CLIMATE_CHANGE(1.0),I,A,ST_ANOM,MH,2024,0.8,,CELSIUS,SE,0,N,
DATAFLOW,SPC:DF_CLIMATE_CHANGE(1.0),I,A,ST_ANOM,MH,2025,0.4,,CELSIUS,SE,0,N,
DATAFLOW,SPC:DF_CLIMATE_CHANGE(1.0),I,A,ST_ANOM,PN,1850,0.1,,CELSIUS,SE,0.1,N,
DATAFLOW,SPC:DF_CLIMATE_CHANGE(1.0),I,A,ST_ANOM,PN,1851,-0.2,,CELSIUS,SE,0.1,N,
DATAFLOW,SPC:DF_CLIMATE_CHANGE(1.0),I,A,ST_ANOM,PN,1852,-0.1,,CELSIUS,SE,0.1,N,
DATAFLOW,SPC:DF_CLIMATE_CHANGE(1.0),I,A,ST_ANOM,PN,1853,-0.1,,CELSIUS,SE,0.1,N,
DATAFLOW,SPC:DF_CLIMATE_CHANGE(1.0),I,A,ST_ANOM,PN,1854,0.2,,CELSIUS,SE,0.2,N,
DATAFLOW,SPC:DF_CLIMATE_CHANGE(1.0),I,A,ST_ANOM,PN,1855,-0.4,,CELSIUS,SE,0.1,N,
DATAFLOW,SPC:DF_CLIMATE_CHANGE(1.0),I,A,ST_ANOM,PN,1856,0,,CELSIUS,SE,0.2,N,
DATAFLOW,SPC:DF_CLIMATE_CHANGE(1.0),I,A,ST_ANOM,PN,1857,0.2,,CELSIUS,SE,0.1,N,
DATAFLOW,SPC:DF_CLIMATE_CHANGE(1.0),I,A,ST_ANOM,PN,1858,-0.2,,CELSIUS,SE,0.2,N,
DATAFLOW,SPC:DF_CLIMATE_CHANGE(1.0),I,A,ST_ANOM,PN,1859,-0.3,,CELSIUS,SE,0.1,N,
DATAFLOW,SPC:DF_CLIMATE_CHANGE(1.0),I,A,ST_ANOM,PN,1860,-0.1,,CELSIUS,SE,0.1,N,
DATAFLOW,SPC:DF_CLIMATE_CHANGE(1.0),I,A,ST_ANOM,PN,1861,-0.2,,CELSIUS,SE,0,N,
DATAFLOW,SPC:DF_CLIMATE_CHANGE(1.0),I,A,ST_ANOM,PN,1862,-0.1,,CELSIUS,SE,0,N,
DATAFLOW,SPC:DF_CLIMATE_CHANGE(1.0),I,A,ST_ANOM,PN,1863,-0.2,,CELSIUS,SE,0,N,
DATAFLOW,SPC:DF_CLIMATE_CHANGE(1.0),I,A,ST_ANOM,PN,1864,-0.2,,CELSIUS,SE,0,N,
DATAFLOW,SPC:DF_CLIMATE_CHANGE(1.0),I,A,ST_ANOM,PN,1865,-0.2,,CELSIUS,SE,0,N,
DATAFLOW,SPC:DF_CLIMATE_CHANGE(1.0),I,A,ST_ANOM,PN,1866,-0.2,,CELSIUS,SE,0,N,
DATAFLOW,SPC:DF_CLIMATE_CHANGE(1.0),I,A,ST_ANOM,PN,1867,-0.2,,CELSIUS,SE,0,N,
DATAFLOW,SPC:DF_CLIMATE_CHANGE(1.0),I,A,ST_ANOM,PN,1868,0.1,,CELSIUS,SE,0.1,N,
DATAFLOW,SPC:DF_CLIMATE_CHANGE(1.0),I,A,ST_ANOM,PN,1869,-0.4,,CELSIUS,SE,0,N,
DATAFLOW,SPC:DF_CLIMATE_CHANGE(1.0),I,A,ST_ANOM,PN,1870,0.3,,CELSIUS,SE,0.1,N,
DATAFLOW,SPC:DF_CLIMATE_CHANGE(1.0),I,A,ST_ANOM,PN,1871,0.1,,CELSIUS,SE,0.1,N,
DATAFLOW,SPC:DF_CLIMATE_CHANGE(1.0),I,A,ST_ANOM,PN,1872,-0.5,,CELSIUS,SE,0.1,N,
DATAFLOW,SPC:DF_CLIMATE_CHANGE(1.0),I,A,ST_ANOM,PN,1873,-0.5,,CELSIUS,SE,0.1,N,
DATAFLOW,SPC:DF_CLIMATE_CHANGE(1.0),I,A,ST_ANOM,PN,1874,-0.3,,CELSIUS,SE,0,N,
DATAFLOW,SPC:DF_CLIMATE_CHANGE(1.0),I,A,ST_ANOM,PN,1875,-0.6,,CELSIUS,SE,0,N,
DATAFLOW,SPC:DF_CLIMATE_CHANGE(1.0),I,A,ST_ANOM,PN,1876,-0.6,,CELSIUS,SE,0.1,N,
DATAFLOW,SPC:DF_CLIMATE_CHANGE(1.0),I,A,ST_ANOM,PN,1877,-0.6,,CELSIUS,SE,0.1,N,
DATAFLOW,SPC:DF_CLIMATE_CHANGE(1.0),I,A,ST_ANOM,PN,1878,-0.4,,CELSIUS,SE,0.2,N,
DATAFLOW,SPC:DF_CLIMATE_CHANGE(1.0),I,A,ST_ANOM,PN,1879,-0.3,,CELSIUS,SE,0.1,N,
DATAFLOW,SPC:DF_CLIMATE_CHANGE(1.0),I,A,ST_ANOM,PN,1880,0.1,,CELSIUS,SE,0.1,N,
DATAFLOW,SPC:DF_CLIMATE_CHANGE(1.0),I,A,ST_ANOM,PN,1881,-0.1,,CELSIUS,SE,0.1,N,
DATAFLOW,SPC:DF_CLIMATE_CHANGE(1.0),I,A,ST_ANOM,PN,1882,0,,CELSIUS,SE,0.1,N,
DATAFLOW,SPC:DF_CLIMATE_CHANGE(1.0),I,A,ST_ANOM,PN,1883,-0.2,,CELSIUS,SE,0.1,N,
DATAFLOW,SPC:DF_CLIMATE_CHANGE(1.0),I,A,ST_ANOM,PN,1884,-0.2,,CELSIUS,SE,0.1,N,
DATAFLOW,SPC:DF_CLIMATE_CHANGE(1.0),I,A,ST_ANOM,PN,1885,-0.7,,CELSIUS,SE,0.1,N,
DATAFLOW,SPC:DF_CLIMATE_CHANGE(1.0),I,A,ST_ANOM,PN,1886,-0.5,,CELSIUS,SE,0.2,N,
DATAFLOW,SPC:DF_CLIMATE_CHANGE(1.0),I,A,ST_ANOM,PN,1887,0.1,,CELSIUS,SE,0.1,N,
DATAFLOW,SPC:DF_CLIMATE_CHANGE(1.0),I,A,ST_ANOM,PN,1888,-0.5,,CELSIUS,SE,0.1,N,
DATAFLOW,SPC:DF_CLIMATE_CHANGE(1.0),I,A,ST_ANOM,PN,1889,-0.4,,CELSIUS,SE,0.1,N,
DATAFLOW,SPC:DF_CLIMATE_CHANGE(1.0),I,A,ST_ANOM,PN,1890,-0.6,,CELSIUS,SE,0.1,N,
DATAFLOW,SPC:DF_CLIMATE_CHANGE(1.0),I,A,ST_ANOM,PN,1891,-0.5,,CELSIUS,SE,0.1,N,
DATAFLOW,SPC:DF_CLIMATE_CHANGE(1.0),I,A,ST_ANOM,PN,1892,-0.1,,CELSIUS,SE,0.1,N,
DATAFLOW,SPC:DF_CLIMATE_CHANGE(1.0),I,A,ST_ANOM,PN,1893,-0.1,,CELSIUS,SE,0.1,N,
DATAFLOW,SPC:DF_CLIMATE_CHANGE(1.0),I,A,ST_ANOM,PN,1894,-0.3,,CELSIUS,SE,0.1,N,
DATAFLOW,SPC:DF_CLIMATE_CHANGE(1.0),I,A,ST_ANOM,PN,1895,-0.3,,CELSIUS,SE,0.1,N,
DATAFLOW,SPC:DF_CLIMATE_CHANGE(1.0),I,A,ST_ANOM,PN,1896,-0.1,,CELSIUS,SE,0.1,N,
DATAFLOW,SPC:DF_CLIMATE_CHANGE(1.0),I,A,ST_ANOM,PN,1897,-0.1,,CELSIUS,SE,0.1,N,
DATAFLOW,SPC:DF_CLIMATE_CHANGE(1.0),I,A,ST_ANOM,PN,1898,-0.2,,CELSIUS,SE,0.1,N,
DATAFLOW,SPC:DF_CLIMATE_CHANGE(1.0),I,A,ST_ANOM,PN,1899,0.4,,CELSIUS,SE,0.1,N,
DATAFLOW,SPC:DF_CLIMATE_CHANGE(1.0),I,A,ST_ANOM,PN,1900,-0.1,,CELSIUS,SE,0.1,N,
DATAFLOW,SPC:DF_CLIMATE_CHANGE(1.0),I,A,ST_ANOM,PN,1901,-0.3,,CELSIUS,SE,0.1,N,
DATAFLOW,SPC:DF_CLIMATE_CHANGE(1.0),I,A,ST_ANOM,PN,1902,-0.1,,CELSIUS,SE,0.1,N,
DATAFLOW,SPC:DF_CLIMATE_CHANGE(1.0),I,A,ST_ANOM,PN,1903,-0.2,,CELSIUS,SE,0.1,N,
DATAFLOW,SPC:DF_CLIMATE_CHANGE(1.0),I,A,ST_ANOM,PN,1904,-0.4,,CELSIUS,SE,0,N,
DATAFLOW,SPC:DF_CLIMATE_CHANGE(1.0),I,A,ST_ANOM,PN,1905,-0.6,,CELSIUS,SE,0.1,N,
DATAFLOW,SPC:DF_CLIMATE_CHANGE(1.0),I,A,ST_ANOM,PN,1906,-0.4,,CELSIUS,SE,0.1,N,
DATAFLOW,SPC:DF_CLIMATE_CHANGE(1.0),I,A,ST_ANOM,PN,1907,-0.1,,CELSIUS,SE,0.1,N,
DATAFLOW,SPC:DF_CLIMATE_CHANGE(1.0),I,A,ST_ANOM,PN,1908,-0.2,,CELSIUS,SE,0.1,N,
DATAFLOW,SPC:DF_CLIMATE_CHANGE(1.0),I,A,ST_ANOM,PN,1909,-0.7,,CELSIUS,SE,0.1,N,
DATAFLOW,SPC:DF_CLIMATE_CHANGE(1.0),I,A,ST_ANOM,PN,1910,-0.7,,CELSIUS,SE,0.2,N,
DATAFLOW,SPC:DF_CLIMATE_CHANGE(1.0),I,A,ST_ANOM,PN,1911,-0.5,,CELSIUS,SE,0.1,N,
DATAFLOW,SPC:DF_CLIMATE_CHANGE(1.0),I,A,ST_ANOM,PN,1912,-0.8,,CELSIUS,SE,0.1,N,
DATAFLOW,SPC:DF_CLIMATE_CHANGE(1.0),I,A,ST_ANOM,PN,1913,-0.8,,CELSIUS,SE,0,N,
DATAFLOW,SPC:DF_CLIMATE_CHANGE(1.0),I,A,ST_ANOM,PN,1914,-0.9,,CELSIUS,SE,0.2,N,
DATAFLOW,SPC:DF_CLIMATE_CHANGE(1.0),I,A,ST_ANOM,PN,1915,-0.8,,CELSIUS,SE,0.1,N,
DATAFLOW,SPC:DF_CLIMATE_CHANGE(1.0),I,A,ST_ANOM,PN,1916,-0.2,,CELSIUS,SE,0.1,N,
DATAFLOW,SPC:DF_CLIMATE_CHANGE(1.0),I,A,ST_ANOM,PN,1917,-0.8,,CELSIUS,SE,0.3,N,
DATAFLOW,SPC:DF_CLIMATE_CHANGE(1.0),I,A,ST_ANOM,PN,1918,-0.1,,CELSIUS,SE,0.1,N,
DATAFLOW,SPC:DF_CLIMATE_CHANGE(1.0),I,A,ST_ANOM,PN,1919,-0.3,,CELSIUS,SE,0.1,N,
DATAFLOW,SPC:DF_CLIMATE_CHANGE(1.0),I,A,ST_ANOM,PN,1920,-0.2,,CELSIUS,SE,0.1,N,
DATAFLOW,SPC:DF_CLIMATE_CHANGE(1.0),I,A,ST_ANOM,PN,1921,-0.6,,CELSIUS,SE,0.1,N,
DATAFLOW,SPC:DF_CLIMATE_CHANGE(1.0),I,A,ST_ANOM,PN,1922,-0.4,,CELSIUS,SE,0.1,N,
DATAFLOW,SPC:DF_CLIMATE_CHANGE(1.0),I,A,ST_ANOM,PN,1923,-0.6,,CELSIUS,SE,0.1,N,
DATAFLOW,SPC:DF_CLIMATE_CHANGE(1.0),I,A,ST_ANOM,PN,1924,-0.8,,CELSIUS,SE,0.1,N,
DATAFLOW,SPC:DF_CLIMATE_CHANGE(1.0),I,A,ST_ANOM,PN,1925,-0.4,,CELSIUS,SE,0.1,N,
DATAFLOW,SPC:DF_CLIMATE_CHANGE(1.0),I,A,ST_ANOM,PN,1926,-0.4,,CELSIUS,SE,0.1,N,
DATAFLOW,SPC:DF_CLIMATE_CHANGE(1.0),I,A,ST_ANOM,PN,1927,-0.3,,CELSIUS,SE,0.1,N,
DATAFLOW,SPC:DF_CLIMATE_CHANGE(1.0),I,A,ST_ANOM,PN,1928,-0.3,,CELSIUS,SE,0.1,N,
DATAFLOW,SPC:DF_CLIMATE_CHANGE(1.0),I,A,ST_ANOM,PN,1929,-0.4,,CELSIUS,SE,0,N,
DATAFLOW,SPC:DF_CLIMATE_CHANGE(1.0),I,A,ST_ANOM,PN,1930,-0.4,,CELSIUS,SE,0.1,N,
DATAFLOW,SPC:DF_CLIMATE_CHANGE(1.0),I,A,ST_ANOM,PN,1931,-0.5,,CELSIUS,SE,0.1,N,
DATAFLOW,SPC:DF_CLIMATE_CHANGE(1.0),I,A,ST_ANOM,PN,1932,-0.2,,CELSIUS,SE,0.1,N,
DATAFLOW,SPC:DF_CLIMATE_CHANGE(1.0),I,A,ST_ANOM,PN,1933,0.1,,CELSIUS,SE,0.1,N,
DATAFLOW,SPC:DF_CLIMATE_CHANGE(1.0),I,A,ST_ANOM,PN,1934,-0.2,,CELSIUS,SE,0.1,N,
DATAFLOW,SPC:DF_CLIMATE_CHANGE(1.0),I,A,ST_ANOM,PN,1935,0,,CELSIUS,SE,0.1,N,
DATAFLOW,SPC:DF_CLIMATE_CHANGE(1.0),I,A,ST_ANOM,PN,1936,-0.4,,CELSIUS,SE,0.1,N,
DATAFLOW,SPC:DF_CLIMATE_CHANGE(1.0),I,A,ST_ANOM,PN,1937,-0.3,,CELSIUS,SE,0.1,N,
DATAFLOW,SPC:DF_CLIMATE_CHANGE(1.0),I,A,ST_ANOM,PN,1938,-0.4,,CELSIUS,SE,0.1,N,
DATAFLOW,SPC:DF_CLIMATE_CHANGE(1.0),I,A,ST_ANOM,PN,1939,0,,CELSIUS,SE,0.1,N,
DATAFLOW,SPC:DF_CLIMATE_CHANGE(1.0),I,A,ST_ANOM,PN,1940,-0.3,,CELSIUS,SE,0.2,N,
DATAFLOW,SPC:DF_CLIMATE_CHANGE(1.0),I,A,ST_ANOM,PN,1941,-0.3,,CELSIUS,SE,0.1,N,
DATAFLOW,SPC:DF_CLIMATE_CHANGE(1.0),I,A,ST_ANOM,PN,1942,-0.3,,CELSIUS,SE,0.1,N,
DATAFLOW,SPC:DF_CLIMATE_CHANGE(1.0),I,A,ST_ANOM,PN,1943,-0.2,,CELSIUS,SE,0.1,N,
DATAFLOW,SPC:DF_CLIMATE_CHANGE(1.0),I,A,ST_ANOM,PN,1944,0.1,,CELSIUS,SE,0.2,N,
DATAFLOW,SPC:DF_CLIMATE_CHANGE(1.0),I,A,ST_ANOM,PN,1945,-0.1,,CELSIUS,SE,0.1,N,
DATAFLOW,SPC:DF_CLIMATE_CHANGE(1.0),I,A,ST_ANOM,PN,1946,-0.3,,CELSIUS,SE,0.1,N,
DATAFLOW,SPC:DF_CLIMATE_CHANGE(1.0),I,A,ST_ANOM,PN,1947,-0.1,,CELSIUS,SE,0.1,N,
DATAFLOW,SPC:DF_CLIMATE_CHANGE(1.0),I,A,ST_ANOM,PN,1948,-0.3,,CELSIUS,SE,0.1,N,
DATAFLOW,SPC:DF_CLIMATE_CHANGE(1.0),I,A,ST_ANOM,PN,1949,-0.3,,CELSIUS,SE,0.1,N,
DATAFLOW,SPC:DF_CLIMATE_CHANGE(1.0),I,A,ST_ANOM,PN,1950,-0.3,,CELSIUS,SE,0.1,N,
DATAFLOW,SPC:DF_CLIMATE_CHANGE(1.0),I,A,ST_ANOM,PN,1951,-0.3,,CELSIUS,SE,0.1,N,
DATAFLOW,SPC:DF_CLIMATE_CHANGE(1.0),I,A,ST_ANOM,PN,1952,-0.2,,CELSIUS,SE,0.1,N,
DATAFLOW,SPC:DF_CLIMATE_CHANGE(1.0),I,A,ST_ANOM,PN,1953,-0.1,,CELSIUS,SE,0.1,N,
DATAFLOW,SPC:DF_CLIMATE_CHANGE(1.0),I,A,ST_ANOM,PN,1954,-0.3,,CELSIUS,SE,0.1,N,
DATAFLOW,SPC:DF_CLIMATE_CHANGE(1.0),I,A,ST_ANOM,PN,1955,-0.3,,CELSIUS,SE,0.1,N,
DATAFLOW,SPC:DF_CLIMATE_CHANGE(1.0),I,A,ST_ANOM,PN,1956,-0.2,,CELSIUS,SE,0,N,
DATAFLOW,SPC:DF_CLIMATE_CHANGE(1.0),I,A,ST_ANOM,PN,1957,0,,CELSIUS,SE,0,N,
DATAFLOW,SPC:DF_CLIMATE_CHANGE(1.0),I,A,ST_ANOM,PN,1958,-0.5,,CELSIUS,SE,0.1,N,
DATAFLOW,SPC:DF_CLIMATE_CHANGE(1.0),I,A,ST_ANOM,PN,1959,-0.4,,CELSIUS,SE,0.1,N,
DATAFLOW,SPC:DF_CLIMATE_CHANGE(1.0),I,A,ST_ANOM,PN,1960,-0.2,,CELSIUS,SE,0.1,N,
DATAFLOW,SPC:DF_CLIMATE_CHANGE(1.0),I,A,ST_ANOM,PN,1961,-0.1,,CELSIUS,SE,0.1,N,
DATAFLOW,SPC:DF_CLIMATE_CHANGE(1.0),I,A,ST_ANOM,PN,1962,-0.4,,CELSIUS,SE,0.1,N,
DATAFLOW,SPC:DF_CLIMATE_CHANGE(1.0),I,A,ST_ANOM,PN,1963,-0.5,,CELSIUS,SE,0.1,N,
DATAFLOW,SPC:DF_CLIMATE_CHANGE(1.0),I,A,ST_ANOM,PN,1964,-0.3,,CELSIUS,SE,0.1,N,
DATAFLOW,SPC:DF_CLIMATE_CHANGE(1.0),I,A,ST_ANOM,PN,1965,-0.3,,CELSIUS,SE,0.1,N,
DATAFLOW,SPC:DF_CLIMATE_CHANGE(1.0),I,A,ST_ANOM,PN,1966,-0.5,,CELSIUS,SE,0.1,N,
DATAFLOW,SPC:DF_CLIMATE_CHANGE(1.0),I,A,ST_ANOM,PN,1967,-0.2,,CELSIUS,SE,0.1,N,
DATAFLOW,SPC:DF_CLIMATE_CHANGE(1.0),I,A,ST_ANOM,PN,1968,-0.5,,CELSIUS,SE,0.1,N,
DATAFLOW,SPC:DF_CLIMATE_CHANGE(1.0),I,A,ST_ANOM,PN,1969,-0.3,,CELSIUS,SE,0.1,N,
DATAFLOW,SPC:DF_CLIMATE_CHANGE(1.0),I,A,ST_ANOM,PN,1970,-0.2,,CELSIUS,SE,0.1,N,
DATAFLOW,SPC:DF_CLIMATE_CHANGE(1.0),I,A,ST_ANOM,PN,1971,-0.1,,CELSIUS,SE,0.1,N,
DATAFLOW,SPC:DF_CLIMATE_CHANGE(1.0),I,A,ST_ANOM,PN,1972,-0.2,,CELSIUS,SE,0.1,N,
DATAFLOW,SPC:DF_CLIMATE_CHANGE(1.0),I,A,ST_ANOM,PN,1973,-0.1,,CELSIUS,SE,0.1,N,
DATAFLOW,SPC:DF_CLIMATE_CHANGE(1.0),I,A,ST_ANOM,PN,1974,-0.3,,CELSIUS,SE,0.1,N,
DATAFLOW,SPC:DF_CLIMATE_CHANGE(1.0),I,A,ST_ANOM,PN,1975,-0.3,,CELSIUS,SE,0.1,N,
DATAFLOW,SPC:DF_CLIMATE_CHANGE(1.0),I,A,ST_ANOM,PN,1976,-0.4,,CELSIUS,SE,0,N,
DATAFLOW,SPC:DF_CLIMATE_CHANGE(1.0),I,A,ST_ANOM,PN,1977,-0.5,,CELSIUS,SE,0.1,N,
DATAFLOW,SPC:DF_CLIMATE_CHANGE(1.0),I,A,ST_ANOM,PN,1978,-0.4,,CELSIUS,SE,0.1,N,
DATAFLOW,SPC:DF_CLIMATE_CHANGE(1.0),I,A,ST_ANOM,PN,1979,-0.5,,CELSIUS,SE,0.1,N,
DATAFLOW,SPC:DF_CLIMATE_CHANGE(1.0),I,A,ST_ANOM,PN,1980,-0.1,,CELSIUS,SE,0.1,N,
DATAFLOW,SPC:DF_CLIMATE_CHANGE(1.0),I,A,ST_ANOM,PN,1981,-0.1,,CELSIUS,SE,0.1,N,
DATAFLOW,SPC:DF_CLIMATE_CHANGE(1.0),I,A,ST_ANOM,PN,1982,0,,CELSIUS,SE,0.1,N,
DATAFLOW,SPC:DF_CLIMATE_CHANGE(1.0),I,A,ST_ANOM,PN,1983,-0.5,,CELSIUS,SE,0.1,N,
DATAFLOW,SPC:DF_CLIMATE_CHANGE(1.0),I,A,ST_ANOM,PN,1984,0.2,,CELSIUS,SE,0.1,N,
DATAFLOW,SPC:DF_CLIMATE_CHANGE(1.0),I,A,ST_ANOM,PN,1985,0.1,,CELSIUS,SE,0.1,N,
DATAFLOW,SPC:DF_CLIMATE_CHANGE(1.0),I,A,ST_ANOM,PN,1986,-0.1,,CELSIUS,SE,0,N,
DATAFLOW,SPC:DF_CLIMATE_CHANGE(1.0),I,A,ST_ANOM,PN,1987,0,,CELSIUS,SE,0.1,N,
DATAFLOW,SPC:DF_CLIMATE_CHANGE(1.0),I,A,ST_ANOM,PN,1988,-0.2,,CELSIUS,SE,0.1,N,
DATAFLOW,SPC:DF_CLIMATE_CHANGE(1.0),I,A,ST_ANOM,PN,1989,0,,CELSIUS,SE,0.1,N,
DATAFLOW,SPC:DF_CLIMATE_CHANGE(1.0),I,A,ST_ANOM,PN,1990,0.1,,CELSIUS,SE,0.1,N,
DATAFLOW,SPC:DF_CLIMATE_CHANGE(1.0),I,A,ST_ANOM,PN,1991,-0.1,,CELSIUS,SE,0.1,N,
DATAFLOW,SPC:DF_CLIMATE_CHANGE(1.0),I,A,ST_ANOM,PN,1992,-0.1,,CELSIUS,SE,0.1,N,
DATAFLOW,SPC:DF_CLIMATE_CHANGE(1.0),I,A,ST_ANOM,PN,1993,-0.4,,CELSIUS,SE,0.1,N,
DATAFLOW,SPC:DF_CLIMATE_CHANGE(1.0),I,A,ST_ANOM,PN,1994,0,,CELSIUS,SE,0.1,N,
DATAFLOW,SPC:DF_CLIMATE_CHANGE(1.0),I,A,ST_ANOM,PN,1995,0.3,,CELSIUS,SE,0.1,N,
DATAFLOW,SPC:DF_CLIMATE_CHANGE(1.0),I,A,ST_ANOM,PN,1996,-0.1,,CELSIUS,SE,0,N,
DATAFLOW,SPC:DF_CLIMATE_CHANGE(1.0),I,A,ST_ANOM,PN,1997,0.1,,CELSIUS,SE,0,N,
DATAFLOW,SPC:DF_CLIMATE_CHANGE(1.0),I,A,ST_ANOM,PN,1998,-0.2,,CELSIUS,SE,0.1,N,
DATAFLOW,SPC:DF_CLIMATE_CHANGE(1.0),I,A,ST_ANOM,PN,1999,0.4,,CELSIUS,SE,0.1,N,
DATAFLOW,SPC:DF_CLIMATE_CHANGE(1.0),I,A,ST_ANOM,PN,2000,0.3,,CELSIUS,SE,0.1,N,
DATAFLOW,SPC:DF_CLIMATE_CHANGE(1.0),I,A,ST_ANOM,PN,2001,0.5,,CELSIUS,SE,0.1,N,
DATAFLOW,SPC:DF_CLIMATE_CHANGE(1.0),I,A,ST_ANOM,PN,2002,0.8,,CELSIUS,SE,0.1,N,
DATAFLOW,SPC:DF_CLIMATE_CHANGE(1.0),I,A,ST_ANOM,PN,2003,0.1,,CELSIUS,SE,0.1,N,
DATAFLOW,SPC:DF_CLIMATE_CHANGE(1.0),I,A,ST_ANOM,PN,2004,0,,CELSIUS,SE,0,N,
DATAFLOW,SPC:DF_CLIMATE_CHANGE(1.0),I,A,ST_ANOM,PN,2005,0.1,,CELSIUS,SE,0.1,N,
DATAFLOW,SPC:DF_CLIMATE_CHANGE(1.0),I,A,ST_ANOM,PN,2006,0.4,,CELSIUS,SE,0.1,N,
DATAFLOW,SPC:DF_CLIMATE_CHANGE(1.0),I,A,ST_ANOM,PN,2007,0.2,,CELSIUS,SE,0.1,N,
DATAFLOW,SPC:DF_CLIMATE_CHANGE(1.0),I,A,ST_ANOM,PN,2008,0,,CELSIUS,SE,0.1,N,
DATAFLOW,SPC:DF_CLIMATE_CHANGE(1.0),I,A,ST_ANOM,PN,2009,0.1,,CELSIUS,SE,0.1,N,
DATAFLOW,SPC:DF_CLIMATE_CHANGE(1.0),I,A,ST_ANOM,PN,2010,0.1,,CELSIUS,SE,0,N,
DATAFLOW,SPC:DF_CLIMATE_CHANGE(1.0),I,A,ST_ANOM,PN,2011,0.1,,CELSIUS,SE,0,N,
DATAFLOW,SPC:DF_CLIMATE_CHANGE(1.0),I,A,ST_ANOM,PN,2012,0.1,,CELSIUS,SE,0.1,N,
DATAFLOW,SPC:DF_CLIMATE_CHANGE(1.0),I,A,ST_ANOM,PN,2013,0,,CELSIUS,SE,0,N,
DATAFLOW,SPC:DF_CLIMATE_CHANGE(1.0),I,A,ST_ANOM,PN,2014,-0.1,,CELSIUS,SE,0.1,N,
DATAFLOW,SPC:DF_CLIMATE_CHANGE(1.0),I,A,ST_ANOM,PN,2015,0,,CELSIUS,SE,0.1,N,
DATAFLOW,SPC:DF_CLIMATE_CHANGE(1.0),I,A,ST_ANOM,PN,2016,0.2,,CELSIUS,SE,0.1,N,
DATAFLOW,SPC:DF_CLIMATE_CHANGE(1.0),I,A,ST_ANOM,PN,2017,0.5,,CELSIUS,SE,0.1,N,
DATAFLOW,SPC:DF_CLIMATE_CHANGE(1.0),I,A,ST_ANOM,PN,2018,0.5,,CELSIUS,SE,0.1,N,
DATAFLOW,SPC:DF_CLIMATE_CHANGE(1.0),I,A,ST_ANOM,PN,2019,0.1,,CELSIUS,SE,0.1,N,
DATAFLOW,SPC:DF_CLIMATE_CHANGE(1.0),I,A,ST_ANOM,PN,2020,0.2,,CELSIUS,SE,0.1,N,
DATAFLOW,SPC:DF_CLIMATE_CHANGE(1.0),I,A,ST_ANOM,PN,2021,0.3,,CELSIUS,SE,0.1,N,
DATAFLOW,SPC:DF_CLIMATE_CHANGE(1.0),I,A,ST_ANOM,PN,2022,0.3,,CELSIUS,SE,0,N,
DATAFLOW,SPC:DF_CLIMATE_CHANGE(1.0),I,A,ST_ANOM,PN,2023,0.3,,CELSIUS,SE,0.1,N,
DATAFLOW,SPC:DF_CLIMATE_CHANGE(1.0),I,A,ST_ANOM,PN,2024,-0.1,,CELSIUS,SE,0.1,N,
DATAFLOW,SPC:DF_CLIMATE_CHANGE(1.0),I,A,ST_ANOM,PN,2025,0.6,,CELSIUS,SE,0.1,N,
DATAFLOW,SPC:DF_CLIMATE_CHANGE(1.0),I,A,ST_ANOM,PF,1850,-0.6,,CELSIUS,SE,0.1,N,
DATAFLOW,SPC:DF_CLIMATE_CHANGE(1.0),I,A,ST_ANOM,PF,1851,-0.3,,CELSIUS,SE,0,N,
DATAFLOW,SPC:DF_CLIMATE_CHANGE(1.0),I,A,ST_ANOM,PF,1852,-0.4,,CELSIUS,SE,0.1,N,
DATAFLOW,SPC:DF_CLIMATE_CHANGE(1.0),I,A,ST_ANOM,PF,1853,0,,CELSIUS,SE,0.2,N,
DATAFLOW,SPC:DF_CLIMATE_CHANGE(1.0),I,A,ST_ANOM,PF,1854,0.1,,CELSIUS,SE,0.1,N,
DATAFLOW,SPC:DF_CLIMATE_CHANGE(1.0),I,A,ST_ANOM,PF,1855,-0.2,,CELSIUS,SE,0.1,N,
DATAFLOW,SPC:DF_CLIMATE_CHANGE(1.0),I,A,ST_ANOM,PF,1856,-0.3,,CELSIUS,SE,0.2,N,
DATAFLOW,SPC:DF_CLIMATE_CHANGE(1.0),I,A,ST_ANOM,PF,1857,-0.7,,CELSIUS,SE,0.1,N,
DATAFLOW,SPC:DF_CLIMATE_CHANGE(1.0),I,A,ST_ANOM,PF,1858,0,,CELSIUS,SE,0.1,N,
DATAFLOW,SPC:DF_CLIMATE_CHANGE(1.0),I,A,ST_ANOM,PF,1859,0,,CELSIUS,SE,0.1,N,
DATAFLOW,SPC:DF_CLIMATE_CHANGE(1.0),I,A,ST_ANOM,PF,1860,-0.3,,CELSIUS,SE,0.1,N,
DATAFLOW,SPC:DF_CLIMATE_CHANGE(1.0),I,A,ST_ANOM,PF,1861,-0.7,,CELSIUS,SE,0.1,N,
DATAFLOW,SPC:DF_CLIMATE_CHANGE(1.0),I,A,ST_ANOM,PF,1862,-0.8,,CELSIUS,SE,0,N,
DATAFLOW,SPC:DF_CLIMATE_CHANGE(1.0),I,A,ST_ANOM,PF,1863,-0.6,,CELSIUS,SE,0,N,
DATAFLOW,SPC:DF_CLIMATE_CHANGE(1.0),I,A,ST_ANOM,PF,1864,-0.4,,CELSIUS,SE,0,N,
DATAFLOW,SPC:DF_CLIMATE_CHANGE(1.0),I,A,ST_ANOM,PF,1865,-0.4,,CELSIUS,SE,0,N,
DATAFLOW,SPC:DF_CLIMATE_CHANGE(1.0),I,A,ST_ANOM,PF,1866,-0.4,,CELSIUS,SE,0,N,
DATAFLOW,SPC:DF_CLIMATE_CHANGE(1.0),I,A,ST_ANOM,PF,1867,-0.5,,CELSIUS,SE,0,N,
DATAFLOW,SPC:DF_CLIMATE_CHANGE(1.0),I,A,ST_ANOM,PF,1868,-0.4,,CELSIUS,SE,0.1,N,
DATAFLOW,SPC:DF_CLIMATE_CHANGE(1.0),I,A,ST_ANOM,PF,1869,-0.6,,CELSIUS,SE,0,N,
DATAFLOW,SPC:DF_CLIMATE_CHANGE(1.0),I,A,ST_ANOM,PF,1870,-0.6,,CELSIUS,SE,0.1,N,
DATAFLOW,SPC:DF_CLIMATE_CHANGE(1.0),I,A,ST_ANOM,PF,1871,-0.4,,CELSIUS,SE,0,N,
DATAFLOW,SPC:DF_CLIMATE_CHANGE(1.0),I,A,ST_ANOM,PF,1872,-0.5,,CELSIUS,SE,0.1,N,
DATAFLOW,SPC:DF_CLIMATE_CHANGE(1.0),I,A,ST_ANOM,PF,1873,-1.1,,CELSIUS,SE,0.1,N,
DATAFLOW,SPC:DF_CLIMATE_CHANGE(1.0),I,A,ST_ANOM,PF,1874,-0.9,,CELSIUS,SE,0.1,N,
DATAFLOW,SPC:DF_CLIMATE_CHANGE(1.0),I,A,ST_ANOM,PF,1875,-0.8,,CELSIUS,SE,0.1,N,
DATAFLOW,SPC:DF_CLIMATE_CHANGE(1.0),I,A,ST_ANOM,PF,1876,-0.7,,CELSIUS,SE,0.1,N,
DATAFLOW,SPC:DF_CLIMATE_CHANGE(1.0),I,A,ST_ANOM,PF,1877,0,,CELSIUS,SE,0.1,N,
DATAFLOW,SPC:DF_CLIMATE_CHANGE(1.0),I,A,ST_ANOM,PF,1878,-0.1,,CELSIUS,SE,0.1,N,
DATAFLOW,SPC:DF_CLIMATE_CHANGE(1.0),I,A,ST_ANOM,PF,1879,-0.6,,CELSIUS,SE,0.1,N,
DATAFLOW,SPC:DF_CLIMATE_CHANGE(1.0),I,A,ST_ANOM,PF,1880,-0.4,,CELSIUS,SE,0.1,N,
DATAFLOW,SPC:DF_CLIMATE_CHANGE(1.0),I,A,ST_ANOM,PF,1881,-0.1,,CELSIUS,SE,0.1,N,
DATAFLOW,SPC:DF_CLIMATE_CHANGE(1.0),I,A,ST_ANOM,PF,1882,-0.2,,CELSIUS,SE,0.1,N,
DATAFLOW,SPC:DF_CLIMATE_CHANGE(1.0),I,A,ST_ANOM,PF,1883,-0.5,,CELSIUS,SE,0.1,N,
DATAFLOW,SPC:DF_CLIMATE_CHANGE(1.0),I,A,ST_ANOM,PF,1884,-0.5,,CELSIUS,SE,0.1,N,
DATAFLOW,SPC:DF_CLIMATE_CHANGE(1.0),I,A,ST_ANOM,PF,1885,-0.5,,CELSIUS,SE,0.1,N,
DATAFLOW,SPC:DF_CLIMATE_CHANGE(1.0),I,A,ST_ANOM,PF,1886,-0.8,,CELSIUS,SE,0.1,N,
DATAFLOW,SPC:DF_CLIMATE_CHANGE(1.0),I,A,ST_ANOM,PF,1887,-0.6,,CELSIUS,SE,0.1,N,
DATAFLOW,SPC:DF_CLIMATE_CHANGE(1.0),I,A,ST_ANOM,PF,1888,0.1,,CELSIUS,SE,0.1,N,
DATAFLOW,SPC:DF_CLIMATE_CHANGE(1.0),I,A,ST_ANOM,PF,1889,0.1,,CELSIUS,SE,0.1,N,
DATAFLOW,SPC:DF_CLIMATE_CHANGE(1.0),I,A,ST_ANOM,PF,1890,-1.3,,CELSIUS,SE,0.1,N,
DATAFLOW,SPC:DF_CLIMATE_CHANGE(1.0),I,A,ST_ANOM,PF,1891,-0.7,,CELSIUS,SE,0.1,N,
DATAFLOW,SPC:DF_CLIMATE_CHANGE(1.0),I,A,ST_ANOM,PF,1892,-0.5,,CELSIUS,SE,0.1,N,
DATAFLOW,SPC:DF_CLIMATE_CHANGE(1.0),I,A,ST_ANOM,PF,1893,-1.1,,CELSIUS,SE,0.1,N,
DATAFLOW,SPC:DF_CLIMATE_CHANGE(1.0),I,A,ST_ANOM,PF,1894,-0.4,,CELSIUS,SE,0.1,N,
DATAFLOW,SPC:DF_CLIMATE_CHANGE(1.0),I,A,ST_ANOM,PF,1895,-0.3,,CELSIUS,SE,0.1,N,
DATAFLOW,SPC:DF_CLIMATE_CHANGE(1.0),I,A,ST_ANOM,PF,1896,0.2,,CELSIUS,SE,0.1,N,
DATAFLOW,SPC:DF_CLIMATE_CHANGE(1.0),I,A,ST_ANOM,PF,1897,0.4,,CELSIUS,SE,0.1,N,
DATAFLOW,SPC:DF_CLIMATE_CHANGE(1.0),I,A,ST_ANOM,PF,1898,-0.2,,CELSIUS,SE,0.1,N,
DATAFLOW,SPC:DF_CLIMATE_CHANGE(1.0),I,A,ST_ANOM,PF,1899,0,,CELSIUS,SE,0.1,N,
DATAFLOW,SPC:DF_CLIMATE_CHANGE(1.0),I,A,ST_ANOM,PF,1900,0.6,,CELSIUS,SE,0.1,N,
DATAFLOW,SPC:DF_CLIMATE_CHANGE(1.0),I,A,ST_ANOM,PF,1901,0.5,,CELSIUS,SE,0.2,N,
DATAFLOW,SPC:DF_CLIMATE_CHANGE(1.0),I,A,ST_ANOM,PF,1902,0.4,,CELSIUS,SE,0.1,N,
DATAFLOW,SPC:DF_CLIMATE_CHANGE(1.0),I,A,ST_ANOM,PF,1903,0,,CELSIUS,SE,0.2,N,
DATAFLOW,SPC:DF_CLIMATE_CHANGE(1.0),I,A,ST_ANOM,PF,1904,-0.7,,CELSIUS,SE,0.2,N,
DATAFLOW,SPC:DF_CLIMATE_CHANGE(1.0),I,A,ST_ANOM,PF,1905,0,,CELSIUS,SE,0,N,
DATAFLOW,SPC:DF_CLIMATE_CHANGE(1.0),I,A,ST_ANOM,PF,1906,0.1,,CELSIUS,SE,0.1,N,
DATAFLOW,SPC:DF_CLIMATE_CHANGE(1.0),I,A,ST_ANOM,PF,1907,-0.4,,CELSIUS,SE,0.1,N,
DATAFLOW,SPC:DF_CLIMATE_CHANGE(1.0),I,A,ST_ANOM,PF,1908,-0.3,,CELSIUS,SE,0.1,N,
DATAFLOW,SPC:DF_CLIMATE_CHANGE(1.0),I,A,ST_ANOM,PF,1909,-1.1,,CELSIUS,SE,0.1,N,
DATAFLOW,SPC:DF_CLIMATE_CHANGE(1.0),I,A,ST_ANOM,PF,1910,-1.1,,CELSIUS,SE,0.1,N,
DATAFLOW,SPC:DF_CLIMATE_CHANGE(1.0),I,A,ST_ANOM,PF,1911,-0.7,,CELSIUS,SE,0.1,N,
DATAFLOW,SPC:DF_CLIMATE_CHANGE(1.0),I,A,ST_ANOM,PF,1912,-0.3,,CELSIUS,SE,0.1,N,
DATAFLOW,SPC:DF_CLIMATE_CHANGE(1.0),I,A,ST_ANOM,PF,1913,-0.3,,CELSIUS,SE,0.1,N,
DATAFLOW,SPC:DF_CLIMATE_CHANGE(1.0),I,A,ST_ANOM,PF,1914,-0.3,,CELSIUS,SE,0.1,N,
DATAFLOW,SPC:DF_CLIMATE_CHANGE(1.0),I,A,ST_ANOM,PF,1915,0.1,,CELSIUS,SE,0.1,N,
DATAFLOW,SPC:DF_CLIMATE_CHANGE(1.0),I,A,ST_ANOM,PF,1916,-0.4,,CELSIUS,SE,0.2,N,
DATAFLOW,SPC:DF_CLIMATE_CHANGE(1.0),I,A,ST_ANOM,PF,1917,-1.2,,CELSIUS,SE,0.1,N,
DATAFLOW,SPC:DF_CLIMATE_CHANGE(1.0),I,A,ST_ANOM,PF,1918,-0.5,,CELSIUS,SE,0.1,N,
DATAFLOW,SPC:DF_CLIMATE_CHANGE(1.0),I,A,ST_ANOM,PF,1919,-0.2,,CELSIUS,SE,0,N,
DATAFLOW,SPC:DF_CLIMATE_CHANGE(1.0),I,A,ST_ANOM,PF,1920,0,,CELSIUS,SE,0.1,N,
DATAFLOW,SPC:DF_CLIMATE_CHANGE(1.0),I,A,ST_ANOM,PF,1921,-0.6,,CELSIUS,SE,0.2,N,
DATAFLOW,SPC:DF_CLIMATE_CHANGE(1.0),I,A,ST_ANOM,PF,1922,-0.4,,CELSIUS,SE,0.1,N,
DATAFLOW,SPC:DF_CLIMATE_CHANGE(1.0),I,A,ST_ANOM,PF,1923,-0.5,,CELSIUS,SE,0,N,
DATAFLOW,SPC:DF_CLIMATE_CHANGE(1.0),I,A,ST_ANOM,PF,1924,-0.5,,CELSIUS,SE,0.1,N,
DATAFLOW,SPC:DF_CLIMATE_CHANGE(1.0),I,A,ST_ANOM,PF,1925,-0.5,,CELSIUS,SE,0.1,N,
DATAFLOW,SPC:DF_CLIMATE_CHANGE(1.0),I,A,ST_ANOM,PF,1926,0,,CELSIUS,SE,0.1,N,
DATAFLOW,SPC:DF_CLIMATE_CHANGE(1.0),I,A,ST_ANOM,PF,1927,-0.3,,CELSIUS,SE,0,N,
DATAFLOW,SPC:DF_CLIMATE_CHANGE(1.0),I,A,ST_ANOM,PF,1928,-0.3,,CELSIUS,SE,0,N,
DATAFLOW,SPC:DF_CLIMATE_CHANGE(1.0),I,A,ST_ANOM,PF,1929,-0.3,,CELSIUS,SE,0,N,
DATAFLOW,SPC:DF_CLIMATE_CHANGE(1.0),I,A,ST_ANOM,PF,1930,-0.1,,CELSIUS,SE,0.1,N,
DATAFLOW,SPC:DF_CLIMATE_CHANGE(1.0),I,A,ST_ANOM,PF,1931,0.1,,CELSIUS,SE,0.1,N,
DATAFLOW,SPC:DF_CLIMATE_CHANGE(1.0),I,A,ST_ANOM,PF,1932,0,,CELSIUS,SE,0,N,
DATAFLOW,SPC:DF_CLIMATE_CHANGE(1.0),I,A,ST_ANOM,PF,1933,-0.5,,CELSIUS,SE,0.1,N,
DATAFLOW,SPC:DF_CLIMATE_CHANGE(1.0),I,A,ST_ANOM,PF,1934,-0.5,,CELSIUS,SE,0,N,
DATAFLOW,SPC:DF_CLIMATE_CHANGE(1.0),I,A,ST_ANOM,PF,1935,-0.5,,CELSIUS,SE,0.1,N,
DATAFLOW,SPC:DF_CLIMATE_CHANGE(1.0),I,A,ST_ANOM,PF,1936,-0.6,,CELSIUS,SE,0,N,
DATAFLOW,SPC:DF_CLIMATE_CHANGE(1.0),I,A,ST_ANOM,PF,1937,-0.4,,CELSIUS,SE,0.1,N,
DATAFLOW,SPC:DF_CLIMATE_CHANGE(1.0),I,A,ST_ANOM,PF,1938,-0.7,,CELSIUS,SE,0.1,N,
DATAFLOW,SPC:DF_CLIMATE_CHANGE(1.0),I,A,ST_ANOM,PF,1939,-0.7,,CELSIUS,SE,0.1,N,
DATAFLOW,SPC:DF_CLIMATE_CHANGE(1.0),I,A,ST_ANOM,PF,1940,0.3,,CELSIUS,SE,0.1,N,
DATAFLOW,SPC:DF_CLIMATE_CHANGE(1.0),I,A,ST_ANOM,PF,1941,0.2,,CELSIUS,SE,0.1,N,
DATAFLOW,SPC:DF_CLIMATE_CHANGE(1.0),I,A,ST_ANOM,PF,1942,-0.1,,CELSIUS,SE,0.1,N,
DATAFLOW,SPC:DF_CLIMATE_CHANGE(1.0),I,A,ST_ANOM,PF,1943,-0.2,,CELSIUS,SE,0.1,N,
DATAFLOW,SPC:DF_CLIMATE_CHANGE(1.0),I,A,ST_ANOM,PF,1944,0.2,,CELSIUS,SE,0.1,N,
DATAFLOW,SPC:DF_CLIMATE_CHANGE(1.0),I,A,ST_ANOM,PF,1945,0.2,,CELSIUS,SE,0.1,N,
DATAFLOW,SPC:DF_CLIMATE_CHANGE(1.0),I,A,ST_ANOM,PF,1946,-0.2,,CELSIUS,SE,0.1,N,
DATAFLOW,SPC:DF_CLIMATE_CHANGE(1.0),I,A,ST_ANOM,PF,1947,-0.1,,CELSIUS,SE,0.1,N,
DATAFLOW,SPC:DF_CLIMATE_CHANGE(1.0),I,A,ST_ANOM,PF,1948,0,,CELSIUS,SE,0.1,N,
DATAFLOW,SPC:DF_CLIMATE_CHANGE(1.0),I,A,ST_ANOM,PF,1949,0.2,,CELSIUS,SE,0.1,N,
DATAFLOW,SPC:DF_CLIMATE_CHANGE(1.0),I,A,ST_ANOM,PF,1950,-0.6,,CELSIUS,SE,0.1,N,
DATAFLOW,SPC:DF_CLIMATE_CHANGE(1.0),I,A,ST_ANOM,PF,1951,-0.2,,CELSIUS,SE,0.1,N,
DATAFLOW,SPC:DF_CLIMATE_CHANGE(1.0),I,A,ST_ANOM,PF,1952,0.2,,CELSIUS,SE,0,N,
DATAFLOW,SPC:DF_CLIMATE_CHANGE(1.0),I,A,ST_ANOM,PF,1953,0.2,,CELSIUS,SE,0.1,N,
DATAFLOW,SPC:DF_CLIMATE_CHANGE(1.0),I,A,ST_ANOM,PF,1954,-0.2,,CELSIUS,SE,0.1,N,
DATAFLOW,SPC:DF_CLIMATE_CHANGE(1.0),I,A,ST_ANOM,PF,1955,-0.8,,CELSIUS,SE,0.1,N,
DATAFLOW,SPC:DF_CLIMATE_CHANGE(1.0),I,A,ST_ANOM,PF,1956,-0.8,,CELSIUS,SE,0,N,
DATAFLOW,SPC:DF_CLIMATE_CHANGE(1.0),I,A,ST_ANOM,PF,1957,0,,CELSIUS,SE,0.1,N,
DATAFLOW,SPC:DF_CLIMATE_CHANGE(1.0),I,A,ST_ANOM,PF,1958,0.1,,CELSIUS,SE,0.1,N,
DATAFLOW,SPC:DF_CLIMATE_CHANGE(1.0),I,A,ST_ANOM,PF,1959,0,,CELSIUS,SE,0.1,N,
DATAFLOW,SPC:DF_CLIMATE_CHANGE(1.0),I,A,ST_ANOM,PF,1960,0,,CELSIUS,SE,0,N,
DATAFLOW,SPC:DF_CLIMATE_CHANGE(1.0),I,A,ST_ANOM,PF,1961,-0.2,,CELSIUS,SE,0.1,N,
DATAFLOW,SPC:DF_CLIMATE_CHANGE(1.0),I,A,ST_ANOM,PF,1962,-0.4,,CELSIUS,SE,0,N,
DATAFLOW,SPC:DF_CLIMATE_CHANGE(1.0),I,A,ST_ANOM,PF,1963,-0.1,,CELSIUS,SE,0,N,
DATAFLOW,SPC:DF_CLIMATE_CHANGE(1.0),I,A,ST_ANOM,PF,1964,-0.3,,CELSIUS,SE,0.1,N,
DATAFLOW,SPC:DF_CLIMATE_CHANGE(1.0),I,A,ST_ANOM,PF,1965,-0.1,,CELSIUS,SE,0.1,N,
DATAFLOW,SPC:DF_CLIMATE_CHANGE(1.0),I,A,ST_ANOM,PF,1966,0,,CELSIUS,SE,0.1,N,
DATAFLOW,SPC:DF_CLIMATE_CHANGE(1.0),I,A,ST_ANOM,PF,1967,-0.5,,CELSIUS,SE,0.1,N,
DATAFLOW,SPC:DF_CLIMATE_CHANGE(1.0),I,A,ST_ANOM,PF,1968,-0.5,,CELSIUS,SE,0.1,N,
DATAFLOW,SPC:DF_CLIMATE_CHANGE(1.0),I,A,ST_ANOM,PF,1969,0.2,,CELSIUS,SE,0,N,
DATAFLOW,SPC:DF_CLIMATE_CHANGE(1.0),I,A,ST_ANOM,PF,1970,-0.2,,CELSIUS,SE,0.1,N,
DATAFLOW,SPC:DF_CLIMATE_CHANGE(1.0),I,A,ST_ANOM,PF,1971,-0.8,,CELSIUS,SE,0.1,N,
DATAFLOW,SPC:DF_CLIMATE_CHANGE(1.0),I,A,ST_ANOM,PF,1972,-0.2,,CELSIUS,SE,0.1,N,
DATAFLOW,SPC:DF_CLIMATE_CHANGE(1.0),I,A,ST_ANOM,PF,1973,0.1,,CELSIUS,SE,0.1,N,
DATAFLOW,SPC:DF_CLIMATE_CHANGE(1.0),I,A,ST_ANOM,PF,1974,-0.9,,CELSIUS,SE,0,N,
DATAFLOW,SPC:DF_CLIMATE_CHANGE(1.0),I,A,ST_ANOM,PF,1975,-0.8,,CELSIUS,SE,0.1,N,
DATAFLOW,SPC:DF_CLIMATE_CHANGE(1.0),I,A,ST_ANOM,PF,1976,-0.7,,CELSIUS,SE,0.1,N,
DATAFLOW,SPC:DF_CLIMATE_CHANGE(1.0),I,A,ST_ANOM,PF,1977,0.1,,CELSIUS,SE,0.1,N,
DATAFLOW,SPC:DF_CLIMATE_CHANGE(1.0),I,A,ST_ANOM,PF,1978,-0.2,,CELSIUS,SE,0.1,N,
DATAFLOW,SPC:DF_CLIMATE_CHANGE(1.0),I,A,ST_ANOM,PF,1979,-0.2,,CELSIUS,SE,0.1,N,
DATAFLOW,SPC:DF_CLIMATE_CHANGE(1.0),I,A,ST_ANOM,PF,1980,0,,CELSIUS,SE,0,N,
DATAFLOW,SPC:DF_CLIMATE_CHANGE(1.0),I,A,ST_ANOM,PF,1981,-0.4,,CELSIUS,SE,0.1,N,
DATAFLOW,SPC:DF_CLIMATE_CHANGE(1.0),I,A,ST_ANOM,PF,1982,0.2,,CELSIUS,SE,0,N,
DATAFLOW,SPC:DF_CLIMATE_CHANGE(1.0),I,A,ST_ANOM,PF,1983,0,,CELSIUS,SE,0.1,N,
DATAFLOW,SPC:DF_CLIMATE_CHANGE(1.0),I,A,ST_ANOM,PF,1984,0.1,,CELSIUS,SE,0.1,N,
DATAFLOW,SPC:DF_CLIMATE_CHANGE(1.0),I,A,ST_ANOM,PF,1985,-0.2,,CELSIUS,SE,0,N,
DATAFLOW,SPC:DF_CLIMATE_CHANGE(1.0),I,A,ST_ANOM,PF,1986,-0.1,,CELSIUS,SE,0.1,N,
DATAFLOW,SPC:DF_CLIMATE_CHANGE(1.0),I,A,ST_ANOM,PF,1987,0.4,,CELSIUS,SE,0,N,
DATAFLOW,SPC:DF_CLIMATE_CHANGE(1.0),I,A,ST_ANOM,PF,1988,0.1,,CELSIUS,SE,0.1,N,
DATAFLOW,SPC:DF_CLIMATE_CHANGE(1.0),I,A,ST_ANOM,PF,1989,-0.3,,CELSIUS,SE,0,N,
DATAFLOW,SPC:DF_CLIMATE_CHANGE(1.0),I,A,ST_ANOM,PF,1990,-0.1,,CELSIUS,SE,0.1,N,
DATAFLOW,SPC:DF_CLIMATE_CHANGE(1.0),I,A,ST_ANOM,PF,1991,0.4,,CELSIUS,SE,0,N,
DATAFLOW,SPC:DF_CLIMATE_CHANGE(1.0),I,A,ST_ANOM,PF,1992,0.3,,CELSIUS,SE,0,N,
DATAFLOW,SPC:DF_CLIMATE_CHANGE(1.0),I,A,ST_ANOM,PF,1993,0.2,,CELSIUS,SE,0,N,
DATAFLOW,SPC:DF_CLIMATE_CHANGE(1.0),I,A,ST_ANOM,PF,1994,0.4,,CELSIUS,SE,0.1,N,
DATAFLOW,SPC:DF_CLIMATE_CHANGE(1.0),I,A,ST_ANOM,PF,1995,0.2,,CELSIUS,SE,0.1,N,
DATAFLOW,SPC:DF_CLIMATE_CHANGE(1.0),I,A,ST_ANOM,PF,1996,-0.1,,CELSIUS,SE,0,N,
DATAFLOW,SPC:DF_CLIMATE_CHANGE(1.0),I,A,ST_ANOM,PF,1997,0.1,,CELSIUS,SE,0.1,N,
DATAFLOW,SPC:DF_CLIMATE_CHANGE(1.0),I,A,ST_ANOM,PF,1998,0.3,,CELSIUS,SE,0.1,N,
DATAFLOW,SPC:DF_CLIMATE_CHANGE(1.0),I,A,ST_ANOM,PF,1999,0.1,,CELSIUS,SE,0,N,
DATAFLOW,SPC:DF_CLIMATE_CHANGE(1.0),I,A,ST_ANOM,PF,2000,0,,CELSIUS,SE,0,N,
DATAFLOW,SPC:DF_CLIMATE_CHANGE(1.0),I,A,ST_ANOM,PF,2001,0.2,,CELSIUS,SE,0,N,
DATAFLOW,SPC:DF_CLIMATE_CHANGE(1.0),I,A,ST_ANOM,PF,2002,0.4,,CELSIUS,SE,0.1,N,
DATAFLOW,SPC:DF_CLIMATE_CHANGE(1.0),I,A,ST_ANOM,PF,2003,0.5,,CELSIUS,SE,0,N,
DATAFLOW,SPC:DF_CLIMATE_CHANGE(1.0),I,A,ST_ANOM,PF,2004,0.4,,CELSIUS,SE,0.1,N,
DATAFLOW,SPC:DF_CLIMATE_CHANGE(1.0),I,A,ST_ANOM,PF,2005,0.4,,CELSIUS,SE,0.1,N,
DATAFLOW,SPC:DF_CLIMATE_CHANGE(1.0),I,A,ST_ANOM,PF,2006,0.4,,CELSIUS,SE,0,N,
DATAFLOW,SPC:DF_CLIMATE_CHANGE(1.0),I,A,ST_ANOM,PF,2007,0.4,,CELSIUS,SE,0.1,N,
DATAFLOW,SPC:DF_CLIMATE_CHANGE(1.0),I,A,ST_ANOM,PF,2008,-0.1,,CELSIUS,SE,0.1,N,
DATAFLOW,SPC:DF_CLIMATE_CHANGE(1.0),I,A,ST_ANOM,PF,2009,0.4,,CELSIUS,SE,0.1,N,
DATAFLOW,SPC:DF_CLIMATE_CHANGE(1.0),I,A,ST_ANOM,PF,2010,0.3,,CELSIUS,SE,0.1,N,
DATAFLOW,SPC:DF_CLIMATE_CHANGE(1.0),I,A,ST_ANOM,PF,2011,-0.5,,CELSIUS,SE,0.1,N,
DATAFLOW,SPC:DF_CLIMATE_CHANGE(1.0),I,A,ST_ANOM,PF,2012,0.4,,CELSIUS,SE,0.1,N,
DATAFLOW,SPC:DF_CLIMATE_CHANGE(1.0),I,A,ST_ANOM,PF,2013,0.3,,CELSIUS,SE,0,N,
DATAFLOW,SPC:DF_CLIMATE_CHANGE(1.0),I,A,ST_ANOM,PF,2014,0.2,,CELSIUS,SE,0,N,
DATAFLOW,SPC:DF_CLIMATE_CHANGE(1.0),I,A,ST_ANOM,PF,2015,0.4,,CELSIUS,SE,0.1,N,
DATAFLOW,SPC:DF_CLIMATE_CHANGE(1.0),I,A,ST_ANOM,PF,2016,0.9,,CELSIUS,SE,0.1,N,
DATAFLOW,SPC:DF_CLIMATE_CHANGE(1.0),I,A,ST_ANOM,PF,2017,0.6,,CELSIUS,SE,0.1,N,
DATAFLOW,SPC:DF_CLIMATE_CHANGE(1.0),I,A,ST_ANOM,PF,2018,0.2,,CELSIUS,SE,0.1,N,
DATAFLOW,SPC:DF_CLIMATE_CHANGE(1.0),I,A,ST_ANOM,PF,2019,0.6,,CELSIUS,SE,0,N,
DATAFLOW,SPC:DF_CLIMATE_CHANGE(1.0),I,A,ST_ANOM,PF,2020,0.5,,CELSIUS,SE,0.1,N,
DATAFLOW,SPC:DF_CLIMATE_CHANGE(1.0),I,A,ST_ANOM,PF,2021,0.1,,CELSIUS,SE,0,N,
DATAFLOW,SPC:DF_CLIMATE_CHANGE(1.0),I,A,ST_ANOM,PF,2022,-0.3,,CELSIUS,SE,0,N,
DATAFLOW,SPC:DF_CLIMATE_CHANGE(1.0),I,A,ST_ANOM,PF,2023,0.5,,CELSIUS,SE,0.1,N,
DATAFLOW,SPC:DF_CLIMATE_CHANGE(1.0),I,A,ST_ANOM,PF,2024,0.7,,CELSIUS,SE,0.1,N,
DATAFLOW,SPC:DF_CLIMATE_CHANGE(1.0),I,A,ST_ANOM,PF,2025,0.5,,CELSIUS,SE,0.1,N,
DATAFLOW,SPC:DF_CLIMATE_CHANGE(1.0),I,A,ST_ANOM,MP,1850,-0.4,,CELSIUS,SE,0.1,N,
DATAFLOW,SPC:DF_CLIMATE_CHANGE(1.0),I,A,ST_ANOM,MP,1851,0.2,,CELSIUS,SE,0.1,N,
DATAFLOW,SPC:DF_CLIMATE_CHANGE(1.0),I,A,ST_ANOM,MP,1852,0.1,,CELSIUS,SE,0.1,N,
DATAFLOW,SPC:DF_CLIMATE_CHANGE(1.0),I,A,ST_ANOM,MP,1853,-0.2,,CELSIUS,SE,0.1,N,
DATAFLOW,SPC:DF_CLIMATE_CHANGE(1.0),I,A,ST_ANOM,MP,1854,-0.1,,CELSIUS,SE,0.1,N,
DATAFLOW,SPC:DF_CLIMATE_CHANGE(1.0),I,A,ST_ANOM,MP,1855,-0.6,,CELSIUS,SE,0.1,N,
DATAFLOW,SPC:DF_CLIMATE_CHANGE(1.0),I,A,ST_ANOM,MP,1856,-0.3,,CELSIUS,SE,0.1,N,
DATAFLOW,SPC:DF_CLIMATE_CHANGE(1.0),I,A,ST_ANOM,MP,1857,-0.1,,CELSIUS,SE,0.2,N,
DATAFLOW,SPC:DF_CLIMATE_CHANGE(1.0),I,A,ST_ANOM,MP,1858,-0.5,,CELSIUS,SE,0.1,N,
DATAFLOW,SPC:DF_CLIMATE_CHANGE(1.0),I,A,ST_ANOM,MP,1859,0.1,,CELSIUS,SE,0.1,N,
DATAFLOW,SPC:DF_CLIMATE_CHANGE(1.0),I,A,ST_ANOM,MP,1860,-0.3,,CELSIUS,SE,0.1,N,
DATAFLOW,SPC:DF_CLIMATE_CHANGE(1.0),I,A,ST_ANOM,MP,1861,-0.6,,CELSIUS,SE,0.1,N,
DATAFLOW,SPC:DF_CLIMATE_CHANGE(1.0),I,A,ST_ANOM,MP,1862,-0.6,,CELSIUS,SE,0.1,N,
DATAFLOW,SPC:DF_CLIMATE_CHANGE(1.0),I,A,ST_ANOM,MP,1863,-0.4,,CELSIUS,SE,0.1,N,
DATAFLOW,SPC:DF_CLIMATE_CHANGE(1.0),I,A,ST_ANOM,MP,1864,-0.4,,CELSIUS,SE,0.1,N,
DATAFLOW,SPC:DF_CLIMATE_CHANGE(1.0),I,A,ST_ANOM,MP,1865,-0.1,,CELSIUS,SE,0.1,N,
DATAFLOW,SPC:DF_CLIMATE_CHANGE(1.0),I,A,ST_ANOM,MP,1866,-0.1,,CELSIUS,SE,0.1,N,
DATAFLOW,SPC:DF_CLIMATE_CHANGE(1.0),I,A,ST_ANOM,MP,1867,-0.3,,CELSIUS,SE,0.2,N,
DATAFLOW,SPC:DF_CLIMATE_CHANGE(1.0),I,A,ST_ANOM,MP,1868,-0.3,,CELSIUS,SE,0.1,N,
DATAFLOW,SPC:DF_CLIMATE_CHANGE(1.0),I,A,ST_ANOM,MP,1869,0.2,,CELSIUS,SE,0.1,N,
DATAFLOW,SPC:DF_CLIMATE_CHANGE(1.0),I,A,ST_ANOM,MP,1870,0.3,,CELSIUS,SE,0.2,N,
DATAFLOW,SPC:DF_CLIMATE_CHANGE(1.0),I,A,ST_ANOM,MP,1871,-0.2,,CELSIUS,SE,0.1,N,
DATAFLOW,SPC:DF_CLIMATE_CHANGE(1.0),I,A,ST_ANOM,MP,1872,0,,CELSIUS,SE,0,N,
DATAFLOW,SPC:DF_CLIMATE_CHANGE(1.0),I,A,ST_ANOM,MP,1873,0,,CELSIUS,SE,0.1,N,
DATAFLOW,SPC:DF_CLIMATE_CHANGE(1.0),I,A,ST_ANOM,MP,1874,-0.2,,CELSIUS,SE,0.1,N,
DATAFLOW,SPC:DF_CLIMATE_CHANGE(1.0),I,A,ST_ANOM,MP,1875,-0.1,,CELSIUS,SE,0.1,N,
DATAFLOW,SPC:DF_CLIMATE_CHANGE(1.0),I,A,ST_ANOM,MP,1876,0.1,,CELSIUS,SE,0.1,N,
DATAFLOW,SPC:DF_CLIMATE_CHANGE(1.0),I,A,ST_ANOM,MP,1877,-0.1,,CELSIUS,SE,0.1,N,
DATAFLOW,SPC:DF_CLIMATE_CHANGE(1.0),I,A,ST_ANOM,MP,1878,0.4,,CELSIUS,SE,0.1,N,
DATAFLOW,SPC:DF_CLIMATE_CHANGE(1.0),I,A,ST_ANOM,MP,1879,0.1,,CELSIUS,SE,0.1,N,
DATAFLOW,SPC:DF_CLIMATE_CHANGE(1.0),I,A,ST_ANOM,MP,1880,-0.8,,CELSIUS,SE,0.2,N,
DATAFLOW,SPC:DF_CLIMATE_CHANGE(1.0),I,A,ST_ANOM,MP,1881,-0.1,,CELSIUS,SE,0.1,N,
DATAFLOW,SPC:DF_CLIMATE_CHANGE(1.0),I,A,ST_ANOM,MP,1882,-0.1,,CELSIUS,SE,0.2,N,
DATAFLOW,SPC:DF_CLIMATE_CHANGE(1.0),I,A,ST_ANOM,MP,1883,-0.6,,CELSIUS,SE,0.2,N,
DATAFLOW,SPC:DF_CLIMATE_CHANGE(1.0),I,A,ST_ANOM,MP,1884,-0.4,,CELSIUS,SE,0.1,N,
DATAFLOW,SPC:DF_CLIMATE_CHANGE(1.0),I,A,ST_ANOM,MP,1885,-0.8,,CELSIUS,SE,0.1,N,
DATAFLOW,SPC:DF_CLIMATE_CHANGE(1.0),I,A,ST_ANOM,MP,1886,-0.4,,CELSIUS,SE,0.1,N,
DATAFLOW,SPC:DF_CLIMATE_CHANGE(1.0),I,A,ST_ANOM,MP,1887,0.1,,CELSIUS,SE,0.1,N,
DATAFLOW,SPC:DF_CLIMATE_CHANGE(1.0),I,A,ST_ANOM,MP,1888,0,,CELSIUS,SE,0.1,N,
DATAFLOW,SPC:DF_CLIMATE_CHANGE(1.0),I,A,ST_ANOM,MP,1889,0.1,,CELSIUS,SE,0.1,N,
DATAFLOW,SPC:DF_CLIMATE_CHANGE(1.0),I,A,ST_ANOM,MP,1890,0.1,,CELSIUS,SE,0.1,N,
DATAFLOW,SPC:DF_CLIMATE_CHANGE(1.0),I,A,ST_ANOM,MP,1891,0.1,,CELSIUS,SE,0,N,
DATAFLOW,SPC:DF_CLIMATE_CHANGE(1.0),I,A,ST_ANOM,MP,1892,0.3,,CELSIUS,SE,0.1,N,
DATAFLOW,SPC:DF_CLIMATE_CHANGE(1.0),I,A,ST_ANOM,MP,1893,-0.2,,CELSIUS,SE,0.1,N,
DATAFLOW,SPC:DF_CLIMATE_CHANGE(1.0),I,A,ST_ANOM,MP,1894,0,,CELSIUS,SE,0.1,N,
DATAFLOW,SPC:DF_CLIMATE_CHANGE(1.0),I,A,ST_ANOM,MP,1895,0.1,,CELSIUS,SE,0.1,N,
DATAFLOW,SPC:DF_CLIMATE_CHANGE(1.0),I,A,ST_ANOM,MP,1896,0.3,,CELSIUS,SE,0.1,N,
DATAFLOW,SPC:DF_CLIMATE_CHANGE(1.0),I,A,ST_ANOM,MP,1897,0.6,,CELSIUS,SE,0.1,N,
DATAFLOW,SPC:DF_CLIMATE_CHANGE(1.0),I,A,ST_ANOM,MP,1898,0.2,,CELSIUS,SE,0.1,N,
DATAFLOW,SPC:DF_CLIMATE_CHANGE(1.0),I,A,ST_ANOM,MP,1899,-0.5,,CELSIUS,SE,0.1,N,
DATAFLOW,SPC:DF_CLIMATE_CHANGE(1.0),I,A,ST_ANOM,MP,1900,-0.1,,CELSIUS,SE,0.2,N,
DATAFLOW,SPC:DF_CLIMATE_CHANGE(1.0),I,A,ST_ANOM,MP,1901,0,,CELSIUS,SE,0.1,N,
DATAFLOW,SPC:DF_CLIMATE_CHANGE(1.0),I,A,ST_ANOM,MP,1902,-0.3,,CELSIUS,SE,0.1,N,
DATAFLOW,SPC:DF_CLIMATE_CHANGE(1.0),I,A,ST_ANOM,MP,1903,-0.7,,CELSIUS,SE,0.1,N,
DATAFLOW,SPC:DF_CLIMATE_CHANGE(1.0),I,A,ST_ANOM,MP,1904,-0.6,,CELSIUS,SE,0.2,N,
DATAFLOW,SPC:DF_CLIMATE_CHANGE(1.0),I,A,ST_ANOM,MP,1905,-0.5,,CELSIUS,SE,0.1,N,
DATAFLOW,SPC:DF_CLIMATE_CHANGE(1.0),I,A,ST_ANOM,MP,1906,-0.3,,CELSIUS,SE,0.1,N,
DATAFLOW,SPC:DF_CLIMATE_CHANGE(1.0),I,A,ST_ANOM,MP,1907,-0.5,,CELSIUS,SE,0.1,N,
DATAFLOW,SPC:DF_CLIMATE_CHANGE(1.0),I,A,ST_ANOM,MP,1908,-0.3,,CELSIUS,SE,0.1,N,
DATAFLOW,SPC:DF_CLIMATE_CHANGE(1.0),I,A,ST_ANOM,MP,1909,-0.4,,CELSIUS,SE,0.1,N,
DATAFLOW,SPC:DF_CLIMATE_CHANGE(1.0),I,A,ST_ANOM,MP,1910,-0.2,,CELSIUS,SE,0.1,N,
DATAFLOW,SPC:DF_CLIMATE_CHANGE(1.0),I,A,ST_ANOM,MP,1911,-0.6,,CELSIUS,SE,0.2,N,
DATAFLOW,SPC:DF_CLIMATE_CHANGE(1.0),I,A,ST_ANOM,MP,1912,-0.6,,CELSIUS,SE,0,N,
DATAFLOW,SPC:DF_CLIMATE_CHANGE(1.0),I,A,ST_ANOM,MP,1913,-0.6,,CELSIUS,SE,0,N,
DATAFLOW,SPC:DF_CLIMATE_CHANGE(1.0),I,A,ST_ANOM,MP,1914,-0.7,,CELSIUS,SE,0.1,N,
DATAFLOW,SPC:DF_CLIMATE_CHANGE(1.0),I,A,ST_ANOM,MP,1915,-0.5,,CELSIUS,SE,0.1,N,
DATAFLOW,SPC:DF_CLIMATE_CHANGE(1.0),I,A,ST_ANOM,MP,1916,-0.4,,CELSIUS,SE,0.1,N,
DATAFLOW,SPC:DF_CLIMATE_CHANGE(1.0),I,A,ST_ANOM,MP,1917,-0.5,,CELSIUS,SE,0.1,N,
DATAFLOW,SPC:DF_CLIMATE_CHANGE(1.0),I,A,ST_ANOM,MP,1918,-0.7,,CELSIUS,SE,0.1,N,
DATAFLOW,SPC:DF_CLIMATE_CHANGE(1.0),I,A,ST_ANOM,MP,1919,-0.6,,CELSIUS,SE,0.1,N,
DATAFLOW,SPC:DF_CLIMATE_CHANGE(1.0),I,A,ST_ANOM,MP,1920,-0.8,,CELSIUS,SE,0.1,N,
DATAFLOW,SPC:DF_CLIMATE_CHANGE(1.0),I,A,ST_ANOM,MP,1921,-0.2,,CELSIUS,SE,0,N,
DATAFLOW,SPC:DF_CLIMATE_CHANGE(1.0),I,A,ST_ANOM,MP,1922,-0.3,,CELSIUS,SE,0.1,N,
DATAFLOW,SPC:DF_CLIMATE_CHANGE(1.0),I,A,ST_ANOM,MP,1923,-0.7,,CELSIUS,SE,0.1,N,
DATAFLOW,SPC:DF_CLIMATE_CHANGE(1.0),I,A,ST_ANOM,MP,1924,-0.3,,CELSIUS,SE,0.1,N,
DATAFLOW,SPC:DF_CLIMATE_CHANGE(1.0),I,A,ST_ANOM,MP,1925,-0.4,,CELSIUS,SE,0.1,N,
DATAFLOW,SPC:DF_CLIMATE_CHANGE(1.0),I,A,ST_ANOM,MP,1926,-0.3,,CELSIUS,SE,0.1,N,
DATAFLOW,SPC:DF_CLIMATE_CHANGE(1.0),I,A,ST_ANOM,MP,1927,-0.2,,CELSIUS,SE,0.1,N,
DATAFLOW,SPC:DF_CLIMATE_CHANGE(1.0),I,A,ST_ANOM,MP,1928,-0.6,,CELSIUS,SE,0.1,N,
DATAFLOW,SPC:DF_CLIMATE_CHANGE(1.0),I,A,ST_ANOM,MP,1929,-0.4,,CELSIUS,SE,0.1,N,
DATAFLOW,SPC:DF_CLIMATE_CHANGE(1.0),I,A,ST_ANOM,MP,1930,-0.5,,CELSIUS,SE,0.1,N,
DATAFLOW,SPC:DF_CLIMATE_CHANGE(1.0),I,A,ST_ANOM,MP,1931,-0.2,,CELSIUS,SE,0.1,N,
DATAFLOW,SPC:DF_CLIMATE_CHANGE(1.0),I,A,ST_ANOM,MP,1932,-0.5,,CELSIUS,SE,0,N,
DATAFLOW,SPC:DF_CLIMATE_CHANGE(1.0),I,A,ST_ANOM,MP,1933,-0.4,,CELSIUS,SE,0.1,N,
DATAFLOW,SPC:DF_CLIMATE_CHANGE(1.0),I,A,ST_ANOM,MP,1934,-0.4,,CELSIUS,SE,0.1,N,
DATAFLOW,SPC:DF_CLIMATE_CHANGE(1.0),I,A,ST_ANOM,MP,1935,-0.4,,CELSIUS,SE,0.1,N,
DATAFLOW,SPC:DF_CLIMATE_CHANGE(1.0),I,A,ST_ANOM,MP,1936,-0.4,,CELSIUS,SE,0.1,N,
DATAFLOW,SPC:DF_CLIMATE_CHANGE(1.0),I,A,ST_ANOM,MP,1937,-0.3,,CELSIUS,SE,0,N,
DATAFLOW,SPC:DF_CLIMATE_CHANGE(1.0),I,A,ST_ANOM,MP,1938,-0.2,,CELSIUS,SE,0,N,
DATAFLOW,SPC:DF_CLIMATE_CHANGE(1.0),I,A,ST_ANOM,MP,1939,-0.3,,CELSIUS,SE,0.1,N,
DATAFLOW,SPC:DF_CLIMATE_CHANGE(1.0),I,A,ST_ANOM,MP,1940,-0.4,,CELSIUS,SE,0.1,N,
DATAFLOW,SPC:DF_CLIMATE_CHANGE(1.0),I,A,ST_ANOM,MP,1941,0,,CELSIUS,SE,0,N,
DATAFLOW,SPC:DF_CLIMATE_CHANGE(1.0),I,A,ST_ANOM,MP,1942,-0.2,,CELSIUS,SE,0.1,N,
DATAFLOW,SPC:DF_CLIMATE_CHANGE(1.0),I,A,ST_ANOM,MP,1943,0.1,,CELSIUS,SE,0.2,N,
DATAFLOW,SPC:DF_CLIMATE_CHANGE(1.0),I,A,ST_ANOM,MP,1944,0.2,,CELSIUS,SE,0.1,N,
DATAFLOW,SPC:DF_CLIMATE_CHANGE(1.0),I,A,ST_ANOM,MP,1945,0.4,,CELSIUS,SE,0.1,N,
DATAFLOW,SPC:DF_CLIMATE_CHANGE(1.0),I,A,ST_ANOM,MP,1946,0.3,,CELSIUS,SE,0.1,N,
DATAFLOW,SPC:DF_CLIMATE_CHANGE(1.0),I,A,ST_ANOM,MP,1947,0,,CELSIUS,SE,0.1,N,
DATAFLOW,SPC:DF_CLIMATE_CHANGE(1.0),I,A,ST_ANOM,MP,1948,-0.1,,CELSIUS,SE,0.1,N,
DATAFLOW,SPC:DF_CLIMATE_CHANGE(1.0),I,A,ST_ANOM,MP,1949,-0.1,,CELSIUS,SE,0.1,N,
DATAFLOW,SPC:DF_CLIMATE_CHANGE(1.0),I,A,ST_ANOM,MP,1950,0,,CELSIUS,SE,0.1,N,
DATAFLOW,SPC:DF_CLIMATE_CHANGE(1.0),I,A,ST_ANOM,MP,1951,0.1,,CELSIUS,SE,0.1,N,
DATAFLOW,SPC:DF_CLIMATE_CHANGE(1.0),I,A,ST_ANOM,MP,1952,0,,CELSIUS,SE,0,N,
DATAFLOW,SPC:DF_CLIMATE_CHANGE(1.0),I,A,ST_ANOM,MP,1953,0,,CELSIUS,SE,0,N,
DATAFLOW,SPC:DF_CLIMATE_CHANGE(1.0),I,A,ST_ANOM,MP,1954,0,,CELSIUS,SE,0,N,
DATAFLOW,SPC:DF_CLIMATE_CHANGE(1.0),I,A,ST_ANOM,MP,1955,-0.2,,CELSIUS,SE,0.1,N,
DATAFLOW,SPC:DF_CLIMATE_CHANGE(1.0),I,A,ST_ANOM,MP,1956,-0.3,,CELSIUS,SE,0,N,
DATAFLOW,SPC:DF_CLIMATE_CHANGE(1.0),I,A,ST_ANOM,MP,1957,-0.3,,CELSIUS,SE,0.1,N,
DATAFLOW,SPC:DF_CLIMATE_CHANGE(1.0),I,A,ST_ANOM,MP,1958,-0.3,,CELSIUS,SE,0,N,
DATAFLOW,SPC:DF_CLIMATE_CHANGE(1.0),I,A,ST_ANOM,MP,1959,-0.2,,CELSIUS,SE,0.1,N,
DATAFLOW,SPC:DF_CLIMATE_CHANGE(1.0),I,A,ST_ANOM,MP,1960,0,,CELSIUS,SE,0.1,N,
DATAFLOW,SPC:DF_CLIMATE_CHANGE(1.0),I,A,ST_ANOM,MP,1961,0,,CELSIUS,SE,0.1,N,
DATAFLOW,SPC:DF_CLIMATE_CHANGE(1.0),I,A,ST_ANOM,MP,1962,-0.2,,CELSIUS,SE,0,N,
DATAFLOW,SPC:DF_CLIMATE_CHANGE(1.0),I,A,ST_ANOM,MP,1963,-0.2,,CELSIUS,SE,0.1,N,
DATAFLOW,SPC:DF_CLIMATE_CHANGE(1.0),I,A,ST_ANOM,MP,1964,-0.1,,CELSIUS,SE,0,N,
DATAFLOW,SPC:DF_CLIMATE_CHANGE(1.0),I,A,ST_ANOM,MP,1965,-0.4,,CELSIUS,SE,0.1,N,
DATAFLOW,SPC:DF_CLIMATE_CHANGE(1.0),I,A,ST_ANOM,MP,1966,-0.1,,CELSIUS,SE,0.1,N,
DATAFLOW,SPC:DF_CLIMATE_CHANGE(1.0),I,A,ST_ANOM,MP,1967,-0.1,,CELSIUS,SE,0,N,
DATAFLOW,SPC:DF_CLIMATE_CHANGE(1.0),I,A,ST_ANOM,MP,1968,-0.2,,CELSIUS,SE,0.1,N,
DATAFLOW,SPC:DF_CLIMATE_CHANGE(1.0),I,A,ST_ANOM,MP,1969,0,,CELSIUS,SE,0.1,N,
DATAFLOW,SPC:DF_CLIMATE_CHANGE(1.0),I,A,ST_ANOM,MP,1970,0.1,,CELSIUS,SE,0,N,
DATAFLOW,SPC:DF_CLIMATE_CHANGE(1.0),I,A,ST_ANOM,MP,1971,0,,CELSIUS,SE,0.1,N,
DATAFLOW,SPC:DF_CLIMATE_CHANGE(1.0),I,A,ST_ANOM,MP,1972,-0.6,,CELSIUS,SE,0.1,N,
DATAFLOW,SPC:DF_CLIMATE_CHANGE(1.0),I,A,ST_ANOM,MP,1973,-0.1,,CELSIUS,SE,0.1,N,
DATAFLOW,SPC:DF_CLIMATE_CHANGE(1.0),I,A,ST_ANOM,MP,1974,-0.1,,CELSIUS,SE,0.1,N,
DATAFLOW,SPC:DF_CLIMATE_CHANGE(1.0),I,A,ST_ANOM,MP,1975,0,,CELSIUS,SE,0.1,N,
DATAFLOW,SPC:DF_CLIMATE_CHANGE(1.0),I,A,ST_ANOM,MP,1976,-0.1,,CELSIUS,SE,0.1,N,
DATAFLOW,SPC:DF_CLIMATE_CHANGE(1.0),I,A,ST_ANOM,MP,1977,-0.2,,CELSIUS,SE,0.1,N,
DATAFLOW,SPC:DF_CLIMATE_CHANGE(1.0),I,A,ST_ANOM,MP,1978,-0.1,,CELSIUS,SE,0,N,
DATAFLOW,SPC:DF_CLIMATE_CHANGE(1.0),I,A,ST_ANOM,MP,1979,-0.2,,CELSIUS,SE,0.1,N,
DATAFLOW,SPC:DF_CLIMATE_CHANGE(1.0),I,A,ST_ANOM,MP,1980,-0.1,,CELSIUS,SE,0.1,N,
DATAFLOW,SPC:DF_CLIMATE_CHANGE(1.0),I,A,ST_ANOM,MP,1981,0.1,,CELSIUS,SE,0.1,N,
DATAFLOW,SPC:DF_CLIMATE_CHANGE(1.0),I,A,ST_ANOM,MP,1982,-0.2,,CELSIUS,SE,0.1,N,
DATAFLOW,SPC:DF_CLIMATE_CHANGE(1.0),I,A,ST_ANOM,MP,1983,-0.2,,CELSIUS,SE,0.1,N,
DATAFLOW,SPC:DF_CLIMATE_CHANGE(1.0),I,A,ST_ANOM,MP,1984,0.1,,CELSIUS,SE,0,N,
DATAFLOW,SPC:DF_CLIMATE_CHANGE(1.0),I,A,ST_ANOM,MP,1985,-0.1,,CELSIUS,SE,0,N,
DATAFLOW,SPC:DF_CLIMATE_CHANGE(1.0),I,A,ST_ANOM,MP,1986,-0.1,,CELSIUS,SE,0.1,N,
DATAFLOW,SPC:DF_CLIMATE_CHANGE(1.0),I,A,ST_ANOM,MP,1987,0,,CELSIUS,SE,0,N,
DATAFLOW,SPC:DF_CLIMATE_CHANGE(1.0),I,A,ST_ANOM,MP,1988,0.5,,CELSIUS,SE,0,N,
DATAFLOW,SPC:DF_CLIMATE_CHANGE(1.0),I,A,ST_ANOM,MP,1989,0.1,,CELSIUS,SE,0.1,N,
DATAFLOW,SPC:DF_CLIMATE_CHANGE(1.0),I,A,ST_ANOM,MP,1990,-0.2,,CELSIUS,SE,0,N,
DATAFLOW,SPC:DF_CLIMATE_CHANGE(1.0),I,A,ST_ANOM,MP,1991,-0.2,,CELSIUS,SE,0.1,N,
DATAFLOW,SPC:DF_CLIMATE_CHANGE(1.0),I,A,ST_ANOM,MP,1992,-0.3,,CELSIUS,SE,0.1,N,
DATAFLOW,SPC:DF_CLIMATE_CHANGE(1.0),I,A,ST_ANOM,MP,1993,-0.3,,CELSIUS,SE,0.1,N,
DATAFLOW,SPC:DF_CLIMATE_CHANGE(1.0),I,A,ST_ANOM,MP,1994,-0.1,,CELSIUS,SE,0.1,N,
DATAFLOW,SPC:DF_CLIMATE_CHANGE(1.0),I,A,ST_ANOM,MP,1995,0,,CELSIUS,SE,0.1,N,
DATAFLOW,SPC:DF_CLIMATE_CHANGE(1.0),I,A,ST_ANOM,MP,1996,0.3,,CELSIUS,SE,0.1,N,
DATAFLOW,SPC:DF_CLIMATE_CHANGE(1.0),I,A,ST_ANOM,MP,1997,0,,CELSIUS,SE,0,N,
DATAFLOW,SPC:DF_CLIMATE_CHANGE(1.0),I,A,ST_ANOM,MP,1998,0.2,,CELSIUS,SE,0.1,N,
DATAFLOW,SPC:DF_CLIMATE_CHANGE(1.0),I,A,ST_ANOM,MP,1999,0.6,,CELSIUS,SE,0.1,N,
DATAFLOW,SPC:DF_CLIMATE_CHANGE(1.0),I,A,ST_ANOM,MP,2000,0.4,,CELSIUS,SE,0.1,N,
DATAFLOW,SPC:DF_CLIMATE_CHANGE(1.0),I,A,ST_ANOM,MP,2001,0.6,,CELSIUS,SE,0.1,N,
DATAFLOW,SPC:DF_CLIMATE_CHANGE(1.0),I,A,ST_ANOM,MP,2002,0.3,,CELSIUS,SE,0.1,N,
DATAFLOW,SPC:DF_CLIMATE_CHANGE(1.0),I,A,ST_ANOM,MP,2003,0.3,,CELSIUS,SE,0.1,N,
DATAFLOW,SPC:DF_CLIMATE_CHANGE(1.0),I,A,ST_ANOM,MP,2004,0.1,,CELSIUS,SE,0.1,N,
DATAFLOW,SPC:DF_CLIMATE_CHANGE(1.0),I,A,ST_ANOM,MP,2005,0.2,,CELSIUS,SE,0,N,
DATAFLOW,SPC:DF_CLIMATE_CHANGE(1.0),I,A,ST_ANOM,MP,2006,0.1,,CELSIUS,SE,0.1,N,
DATAFLOW,SPC:DF_CLIMATE_CHANGE(1.0),I,A,ST_ANOM,MP,2007,0.4,,CELSIUS,SE,0.1,N,
DATAFLOW,SPC:DF_CLIMATE_CHANGE(1.0),I,A,ST_ANOM,MP,2008,0.6,,CELSIUS,SE,0.1,N,
DATAFLOW,SPC:DF_CLIMATE_CHANGE(1.0),I,A,ST_ANOM,MP,2009,0.4,,CELSIUS,SE,0.1,N,
DATAFLOW,SPC:DF_CLIMATE_CHANGE(1.0),I,A,ST_ANOM,MP,2010,0.2,,CELSIUS,SE,0,N,
DATAFLOW,SPC:DF_CLIMATE_CHANGE(1.0),I,A,ST_ANOM,MP,2011,0.3,,CELSIUS,SE,0.1,N,
DATAFLOW,SPC:DF_CLIMATE_CHANGE(1.0),I,A,ST_ANOM,MP,2012,0.2,,CELSIUS,SE,0.1,N,
DATAFLOW,SPC:DF_CLIMATE_CHANGE(1.0),I,A,ST_ANOM,MP,2013,0.4,,CELSIUS,SE,0.1,N,
DATAFLOW,SPC:DF_CLIMATE_CHANGE(1.0),I,A,ST_ANOM,MP,2014,0.4,,CELSIUS,SE,0.1,N,
DATAFLOW,SPC:DF_CLIMATE_CHANGE(1.0),I,A,ST_ANOM,MP,2015,0.2,,CELSIUS,SE,0.1,N,
DATAFLOW,SPC:DF_CLIMATE_CHANGE(1.0),I,A,ST_ANOM,MP,2016,0.5,,CELSIUS,SE,0.1,N,
DATAFLOW,SPC:DF_CLIMATE_CHANGE(1.0),I,A,ST_ANOM,MP,2017,0.8,,CELSIUS,SE,0.1,N,
DATAFLOW,SPC:DF_CLIMATE_CHANGE(1.0),I,A,ST_ANOM,MP,2018,0.6,,CELSIUS,SE,0.1,N,
DATAFLOW,SPC:DF_CLIMATE_CHANGE(1.0),I,A,ST_ANOM,MP,2019,0.7,,CELSIUS,SE,0,N,
DATAFLOW,SPC:DF_CLIMATE_CHANGE(1.0),I,A,ST_ANOM,MP,2020,0.8,,CELSIUS,SE,0.1,N,
DATAFLOW,SPC:DF_CLIMATE_CHANGE(1.0),I,A,ST_ANOM,MP,2021,0.8,,CELSIUS,SE,0.1,N,
DATAFLOW,SPC:DF_CLIMATE_CHANGE(1.0),I,A,ST_ANOM,MP,2022,0.7,,CELSIUS,SE,0,N,
DATAFLOW,SPC:DF_CLIMATE_CHANGE(1.0),I,A,ST_ANOM,MP,2023,0.6,,CELSIUS,SE,0,N,
DATAFLOW,SPC:DF_CLIMATE_CHANGE(1.0),I,A,ST_ANOM,MP,2024,0.6,,CELSIUS,SE,0.1,N,
DATAFLOW,SPC:DF_CLIMATE_CHANGE(1.0),I,A,ST_ANOM,MP,2025,0.9,,CELSIUS,SE,0.1,N,
DATAFLOW,SPC:DF_CLIMATE_CHANGE(1.0),I,A,ST_ANOM,GU,1850,-0.2,,CELSIUS,SE,0.1,N,
DATAFLOW,SPC:DF_CLIMATE_CHANGE(1.0),I,A,ST_ANOM,GU,1851,0.1,,CELSIUS,SE,0.1,N,
DATAFLOW,SPC:DF_CLIMATE_CHANGE(1.0),I,A,ST_ANOM,GU,1852,0,,CELSIUS,SE,0.1,N,
DATAFLOW,SPC:DF_CLIMATE_CHANGE(1.0),I,A,ST_ANOM,GU,1853,-0.2,,CELSIUS,SE,0.1,N,
DATAFLOW,SPC:DF_CLIMATE_CHANGE(1.0),I,A,ST_ANOM,GU,1854,-0.2,,CELSIUS,SE,0.1,N,
DATAFLOW,SPC:DF_CLIMATE_CHANGE(1.0),I,A,ST_ANOM,GU,1855,-0.6,,CELSIUS,SE,0.1,N,
DATAFLOW,SPC:DF_CLIMATE_CHANGE(1.0),I,A,ST_ANOM,GU,1856,-0.3,,CELSIUS,SE,0,N,
DATAFLOW,SPC:DF_CLIMATE_CHANGE(1.0),I,A,ST_ANOM,GU,1857,-0.1,,CELSIUS,SE,0.1,N,
DATAFLOW,SPC:DF_CLIMATE_CHANGE(1.0),I,A,ST_ANOM,GU,1858,-0.6,,CELSIUS,SE,0.1,N,
DATAFLOW,SPC:DF_CLIMATE_CHANGE(1.0),I,A,ST_ANOM,GU,1859,0,,CELSIUS,SE,0.1,N,
DATAFLOW,SPC:DF_CLIMATE_CHANGE(1.0),I,A,ST_ANOM,GU,1860,-0.4,,CELSIUS,SE,0.1,N,
DATAFLOW,SPC:DF_CLIMATE_CHANGE(1.0),I,A,ST_ANOM,GU,1861,-0.7,,CELSIUS,SE,0.1,N,
DATAFLOW,SPC:DF_CLIMATE_CHANGE(1.0),I,A,ST_ANOM,GU,1862,-0.6,,CELSIUS,SE,0.1,N,
DATAFLOW,SPC:DF_CLIMATE_CHANGE(1.0),I,A,ST_ANOM,GU,1863,-0.3,,CELSIUS,SE,0.1,N,
DATAFLOW,SPC:DF_CLIMATE_CHANGE(1.0),I,A,ST_ANOM,GU,1864,-0.2,,CELSIUS,SE,0.1,N,
DATAFLOW,SPC:DF_CLIMATE_CHANGE(1.0),I,A,ST_ANOM,GU,1865,-0.1,,CELSIUS,SE,0,N,
DATAFLOW,SPC:DF_CLIMATE_CHANGE(1.0),I,A,ST_ANOM,GU,1866,0,,CELSIUS,SE,0.1,N,
DATAFLOW,SPC:DF_CLIMATE_CHANGE(1.0),I,A,ST_ANOM,GU,1867,-0.2,,CELSIUS,SE,0.1,N,
DATAFLOW,SPC:DF_CLIMATE_CHANGE(1.0),I,A,ST_ANOM,GU,1868,-0.2,,CELSIUS,SE,0.1,N,
DATAFLOW,SPC:DF_CLIMATE_CHANGE(1.0),I,A,ST_ANOM,GU,1869,0.1,,CELSIUS,SE,0.1,N,
DATAFLOW,SPC:DF_CLIMATE_CHANGE(1.0),I,A,ST_ANOM,GU,1870,0.1,,CELSIUS,SE,0.1,N,
DATAFLOW,SPC:DF_CLIMATE_CHANGE(1.0),I,A,ST_ANOM,GU,1871,-0.1,,CELSIUS,SE,0.1,N,
DATAFLOW,SPC:DF_CLIMATE_CHANGE(1.0),I,A,ST_ANOM,GU,1872,0,,CELSIUS,SE,0.1,N,
DATAFLOW,SPC:DF_CLIMATE_CHANGE(1.0),I,A,ST_ANOM,GU,1873,0.1,,CELSIUS,SE,0.1,N,
DATAFLOW,SPC:DF_CLIMATE_CHANGE(1.0),I,A,ST_ANOM,GU,1874,-0.1,,CELSIUS,SE,0.1,N,
DATAFLOW,SPC:DF_CLIMATE_CHANGE(1.0),I,A,ST_ANOM,GU,1875,-0.2,,CELSIUS,SE,0.1,N,
DATAFLOW,SPC:DF_CLIMATE_CHANGE(1.0),I,A,ST_ANOM,GU,1876,0.1,,CELSIUS,SE,0.1,N,
DATAFLOW,SPC:DF_CLIMATE_CHANGE(1.0),I,A,ST_ANOM,GU,1877,-0.1,,CELSIUS,SE,0.1,N,
DATAFLOW,SPC:DF_CLIMATE_CHANGE(1.0),I,A,ST_ANOM,GU,1878,0.2,,CELSIUS,SE,0.1,N,
DATAFLOW,SPC:DF_CLIMATE_CHANGE(1.0),I,A,ST_ANOM,GU,1879,-0.1,,CELSIUS,SE,0.1,N,
DATAFLOW,SPC:DF_CLIMATE_CHANGE(1.0),I,A,ST_ANOM,GU,1880,-0.5,,CELSIUS,SE,0.1,N,
DATAFLOW,SPC:DF_CLIMATE_CHANGE(1.0),I,A,ST_ANOM,GU,1881,-0.1,,CELSIUS,SE,0.1,N,
DATAFLOW,SPC:DF_CLIMATE_CHANGE(1.0),I,A,ST_ANOM,GU,1882,-0.2,,CELSIUS,SE,0.1,N,
DATAFLOW,SPC:DF_CLIMATE_CHANGE(1.0),I,A,ST_ANOM,GU,1883,-0.5,,CELSIUS,SE,0.1,N,
DATAFLOW,SPC:DF_CLIMATE_CHANGE(1.0),I,A,ST_ANOM,GU,1884,-0.7,,CELSIUS,SE,0.1,N,
DATAFLOW,SPC:DF_CLIMATE_CHANGE(1.0),I,A,ST_ANOM,GU,1885,-0.7,,CELSIUS,SE,0.1,N,
DATAFLOW,SPC:DF_CLIMATE_CHANGE(1.0),I,A,ST_ANOM,GU,1886,-0.4,,CELSIUS,SE,0.1,N,
DATAFLOW,SPC:DF_CLIMATE_CHANGE(1.0),I,A,ST_ANOM,GU,1887,0,,CELSIUS,SE,0.1,N,
DATAFLOW,SPC:DF_CLIMATE_CHANGE(1.0),I,A,ST_ANOM,GU,1888,-0.2,,CELSIUS,SE,0.1,N,
DATAFLOW,SPC:DF_CLIMATE_CHANGE(1.0),I,A,ST_ANOM,GU,1889,0,,CELSIUS,SE,0.1,N,
DATAFLOW,SPC:DF_CLIMATE_CHANGE(1.0),I,A,ST_ANOM,GU,1890,0,,CELSIUS,SE,0.1,N,
DATAFLOW,SPC:DF_CLIMATE_CHANGE(1.0),I,A,ST_ANOM,GU,1891,0.3,,CELSIUS,SE,0.1,N,
DATAFLOW,SPC:DF_CLIMATE_CHANGE(1.0),I,A,ST_ANOM,GU,1892,0.2,,CELSIUS,SE,0.1,N,
DATAFLOW,SPC:DF_CLIMATE_CHANGE(1.0),I,A,ST_ANOM,GU,1893,0,,CELSIUS,SE,0.1,N,
DATAFLOW,SPC:DF_CLIMATE_CHANGE(1.0),I,A,ST_ANOM,GU,1894,-0.1,,CELSIUS,SE,0.1,N,
DATAFLOW,SPC:DF_CLIMATE_CHANGE(1.0),I,A,ST_ANOM,GU,1895,0,,CELSIUS,SE,0,N,
DATAFLOW,SPC:DF_CLIMATE_CHANGE(1.0),I,A,ST_ANOM,GU,1896,-0.1,,CELSIUS,SE,0.1,N,
DATAFLOW,SPC:DF_CLIMATE_CHANGE(1.0),I,A,ST_ANOM,GU,1897,0.3,,CELSIUS,SE,0.1,N,
DATAFLOW,SPC:DF_CLIMATE_CHANGE(1.0),I,A,ST_ANOM,GU,1898,0,,CELSIUS,SE,0.1,N,
DATAFLOW,SPC:DF_CLIMATE_CHANGE(1.0),I,A,ST_ANOM,GU,1899,-0.4,,CELSIUS,SE,0.1,N,
DATAFLOW,SPC:DF_CLIMATE_CHANGE(1.0),I,A,ST_ANOM,GU,1900,-0.1,,CELSIUS,SE,0.1,N,
DATAFLOW,SPC:DF_CLIMATE_CHANGE(1.0),I,A,ST_ANOM,GU,1901,-0.1,,CELSIUS,SE,0,N,
DATAFLOW,SPC:DF_CLIMATE_CHANGE(1.0),I,A,ST_ANOM,GU,1902,-0.4,,CELSIUS,SE,0.1,N,
DATAFLOW,SPC:DF_CLIMATE_CHANGE(1.0),I,A,ST_ANOM,GU,1903,-0.7,,CELSIUS,SE,0.1,N,
DATAFLOW,SPC:DF_CLIMATE_CHANGE(1.0),I,A,ST_ANOM,GU,1904,-0.6,,CELSIUS,SE,0.1,N,
DATAFLOW,SPC:DF_CLIMATE_CHANGE(1.0),I,A,ST_ANOM,GU,1905,-0.7,,CELSIUS,SE,0,N,
DATAFLOW,SPC:DF_CLIMATE_CHANGE(1.0),I,A,ST_ANOM,GU,1906,-0.5,,CELSIUS,SE,0.1,N,
DATAFLOW,SPC:DF_CLIMATE_CHANGE(1.0),I,A,ST_ANOM,GU,1907,-0.4,,CELSIUS,SE,0.1,N,
DATAFLOW,SPC:DF_CLIMATE_CHANGE(1.0),I,A,ST_ANOM,GU,1908,-0.3,,CELSIUS,SE,0.1,N,
DATAFLOW,SPC:DF_CLIMATE_CHANGE(1.0),I,A,ST_ANOM,GU,1909,-0.4,,CELSIUS,SE,0.1,N,
DATAFLOW,SPC:DF_CLIMATE_CHANGE(1.0),I,A,ST_ANOM,GU,1910,-0.2,,CELSIUS,SE,0,N,
DATAFLOW,SPC:DF_CLIMATE_CHANGE(1.0),I,A,ST_ANOM,GU,1911,-0.6,,CELSIUS,SE,0.1,N,
DATAFLOW,SPC:DF_CLIMATE_CHANGE(1.0),I,A,ST_ANOM,GU,1912,-0.7,,CELSIUS,SE,0,N,
DATAFLOW,SPC:DF_CLIMATE_CHANGE(1.0),I,A,ST_ANOM,GU,1913,-0.7,,CELSIUS,SE,0,N,
DATAFLOW,SPC:DF_CLIMATE_CHANGE(1.0),I,A,ST_ANOM,GU,1914,-0.7,,CELSIUS,SE,0,N,
DATAFLOW,SPC:DF_CLIMATE_CHANGE(1.0),I,A,ST_ANOM,GU,1915,-0.5,,CELSIUS,SE,0.1,N,
DATAFLOW,SPC:DF_CLIMATE_CHANGE(1.0),I,A,ST_ANOM,GU,1916,-0.4,,CELSIUS,SE,0.1,N,
DATAFLOW,SPC:DF_CLIMATE_CHANGE(1.0),I,A,ST_ANOM,GU,1917,-0.4,,CELSIUS,SE,0.1,N,
DATAFLOW,SPC:DF_CLIMATE_CHANGE(1.0),I,A,ST_ANOM,GU,1918,-0.8,,CELSIUS,SE,0.1,N,
DATAFLOW,SPC:DF_CLIMATE_CHANGE(1.0),I,A,ST_ANOM,GU,1919,-0.9,,CELSIUS,SE,0.1,N,
DATAFLOW,SPC:DF_CLIMATE_CHANGE(1.0),I,A,ST_ANOM,GU,1920,-0.8,,CELSIUS,SE,0.1,N,
DATAFLOW,SPC:DF_CLIMATE_CHANGE(1.0),I,A,ST_ANOM,GU,1921,-0.1,,CELSIUS,SE,0,N,
DATAFLOW,SPC:DF_CLIMATE_CHANGE(1.0),I,A,ST_ANOM,GU,1922,-0.2,,CELSIUS,SE,0.1,N,
DATAFLOW,SPC:DF_CLIMATE_CHANGE(1.0),I,A,ST_ANOM,GU,1923,-0.6,,CELSIUS,SE,0.1,N,
DATAFLOW,SPC:DF_CLIMATE_CHANGE(1.0),I,A,ST_ANOM,GU,1924,-0.4,,CELSIUS,SE,0.1,N,
DATAFLOW,SPC:DF_CLIMATE_CHANGE(1.0),I,A,ST_ANOM,GU,1925,-0.2,,CELSIUS,SE,0,N,
DATAFLOW,SPC:DF_CLIMATE_CHANGE(1.0),I,A,ST_ANOM,GU,1926,-0.3,,CELSIUS,SE,0,N,
DATAFLOW,SPC:DF_CLIMATE_CHANGE(1.0),I,A,ST_ANOM,GU,1927,-0.1,,CELSIUS,SE,0.1,N,
DATAFLOW,SPC:DF_CLIMATE_CHANGE(1.0),I,A,ST_ANOM,GU,1928,-0.4,,CELSIUS,SE,0.1,N,
DATAFLOW,SPC:DF_CLIMATE_CHANGE(1.0),I,A,ST_ANOM,GU,1929,-0.4,,CELSIUS,SE,0.1,N,
DATAFLOW,SPC:DF_CLIMATE_CHANGE(1.0),I,A,ST_ANOM,GU,1930,-0.6,,CELSIUS,SE,0.1,N,
DATAFLOW,SPC:DF_CLIMATE_CHANGE(1.0),I,A,ST_ANOM,GU,1931,-0.3,,CELSIUS,SE,0.1,N,
DATAFLOW,SPC:DF_CLIMATE_CHANGE(1.0),I,A,ST_ANOM,GU,1932,-0.5,,CELSIUS,SE,0,N,
DATAFLOW,SPC:DF_CLIMATE_CHANGE(1.0),I,A,ST_ANOM,GU,1933,-0.4,,CELSIUS,SE,0,N,
DATAFLOW,SPC:DF_CLIMATE_CHANGE(1.0),I,A,ST_ANOM,GU,1934,-0.3,,CELSIUS,SE,0.1,N,
DATAFLOW,SPC:DF_CLIMATE_CHANGE(1.0),I,A,ST_ANOM,GU,1935,-0.4,,CELSIUS,SE,0,N,
DATAFLOW,SPC:DF_CLIMATE_CHANGE(1.0),I,A,ST_ANOM,GU,1936,-0.4,,CELSIUS,SE,0.1,N,
DATAFLOW,SPC:DF_CLIMATE_CHANGE(1.0),I,A,ST_ANOM,GU,1937,-0.3,,CELSIUS,SE,0.1,N,
DATAFLOW,SPC:DF_CLIMATE_CHANGE(1.0),I,A,ST_ANOM,GU,1938,-0.2,,CELSIUS,SE,0,N,
DATAFLOW,SPC:DF_CLIMATE_CHANGE(1.0),I,A,ST_ANOM,GU,1939,-0.2,,CELSIUS,SE,0.1,N,
DATAFLOW,SPC:DF_CLIMATE_CHANGE(1.0),I,A,ST_ANOM,GU,1940,-0.4,,CELSIUS,SE,0,N,
DATAFLOW,SPC:DF_CLIMATE_CHANGE(1.0),I,A,ST_ANOM,GU,1941,-0.4,,CELSIUS,SE,0,N,
DATAFLOW,SPC:DF_CLIMATE_CHANGE(1.0),I,A,ST_ANOM,GU,1942,-0.4,,CELSIUS,SE,0.1,N,
DATAFLOW,SPC:DF_CLIMATE_CHANGE(1.0),I,A,ST_ANOM,GU,1943,0.2,,CELSIUS,SE,0.1,N,
DATAFLOW,SPC:DF_CLIMATE_CHANGE(1.0),I,A,ST_ANOM,GU,1944,0.2,,CELSIUS,SE,0,N,
DATAFLOW,SPC:DF_CLIMATE_CHANGE(1.0),I,A,ST_ANOM,GU,1945,0.3,,CELSIUS,SE,0,N,
DATAFLOW,SPC:DF_CLIMATE_CHANGE(1.0),I,A,ST_ANOM,GU,1946,0.2,,CELSIUS,SE,0.1,N,
DATAFLOW,SPC:DF_CLIMATE_CHANGE(1.0),I,A,ST_ANOM,GU,1947,0,,CELSIUS,SE,0.1,N,
DATAFLOW,SPC:DF_CLIMATE_CHANGE(1.0),I,A,ST_ANOM,GU,1948,-0.2,,CELSIUS,SE,0,N,
DATAFLOW,SPC:DF_CLIMATE_CHANGE(1.0),I,A,ST_ANOM,GU,1949,-0.2,,CELSIUS,SE,0.1,N,
DATAFLOW,SPC:DF_CLIMATE_CHANGE(1.0),I,A,ST_ANOM,GU,1950,-0.1,,CELSIUS,SE,0.1,N,
DATAFLOW,SPC:DF_CLIMATE_CHANGE(1.0),I,A,ST_ANOM,GU,1951,-0.1,,CELSIUS,SE,0.1,N,
DATAFLOW,SPC:DF_CLIMATE_CHANGE(1.0),I,A,ST_ANOM,GU,1952,-0.2,,CELSIUS,SE,0,N,
DATAFLOW,SPC:DF_CLIMATE_CHANGE(1.0),I,A,ST_ANOM,GU,1953,-0.1,,CELSIUS,SE,0,N,
DATAFLOW,SPC:DF_CLIMATE_CHANGE(1.0),I,A,ST_ANOM,GU,1954,-0.2,,CELSIUS,SE,0,N,
DATAFLOW,SPC:DF_CLIMATE_CHANGE(1.0),I,A,ST_ANOM,GU,1955,-0.3,,CELSIUS,SE,0.1,N,
DATAFLOW,SPC:DF_CLIMATE_CHANGE(1.0),I,A,ST_ANOM,GU,1956,-0.3,,CELSIUS,SE,0,N,
DATAFLOW,SPC:DF_CLIMATE_CHANGE(1.0),I,A,ST_ANOM,GU,1957,-0.3,,CELSIUS,SE,0,N,
DATAFLOW,SPC:DF_CLIMATE_CHANGE(1.0),I,A,ST_ANOM,GU,1958,-0.5,,CELSIUS,SE,0,N,
DATAFLOW,SPC:DF_CLIMATE_CHANGE(1.0),I,A,ST_ANOM,GU,1959,-0.3,,CELSIUS,SE,0.1,N,
DATAFLOW,SPC:DF_CLIMATE_CHANGE(1.0),I,A,ST_ANOM,GU,1960,-0.1,,CELSIUS,SE,0,N,
DATAFLOW,SPC:DF_CLIMATE_CHANGE(1.0),I,A,ST_ANOM,GU,1961,-0.2,,CELSIUS,SE,0.1,N,
DATAFLOW,SPC:DF_CLIMATE_CHANGE(1.0),I,A,ST_ANOM,GU,1962,-0.2,,CELSIUS,SE,0,N,
DATAFLOW,SPC:DF_CLIMATE_CHANGE(1.0),I,A,ST_ANOM,GU,1963,-0.2,,CELSIUS,SE,0,N,
DATAFLOW,SPC:DF_CLIMATE_CHANGE(1.0),I,A,ST_ANOM,GU,1964,-0.1,,CELSIUS,SE,0,N,
DATAFLOW,SPC:DF_CLIMATE_CHANGE(1.0),I,A,ST_ANOM,GU,1965,-0.4,,CELSIUS,SE,0.1,N,
DATAFLOW,SPC:DF_CLIMATE_CHANGE(1.0),I,A,ST_ANOM,GU,1966,-0.3,,CELSIUS,SE,0.1,N,
DATAFLOW,SPC:DF_CLIMATE_CHANGE(1.0),I,A,ST_ANOM,GU,1967,-0.3,,CELSIUS,SE,0.1,N,
DATAFLOW,SPC:DF_CLIMATE_CHANGE(1.0),I,A,ST_ANOM,GU,1968,-0.2,,CELSIUS,SE,0,N,
DATAFLOW,SPC:DF_CLIMATE_CHANGE(1.0),I,A,ST_ANOM,GU,1969,-0.1,,CELSIUS,SE,0.1,N,
DATAFLOW,SPC:DF_CLIMATE_CHANGE(1.0),I,A,ST_ANOM,GU,1970,0,,CELSIUS,SE,0,N,
DATAFLOW,SPC:DF_CLIMATE_CHANGE(1.0),I,A,ST_ANOM,GU,1971,0,,CELSIUS,SE,0.1,N,
DATAFLOW,SPC:DF_CLIMATE_CHANGE(1.0),I,A,ST_ANOM,GU,1972,-0.6,,CELSIUS,SE,0,N,
DATAFLOW,SPC:DF_CLIMATE_CHANGE(1.0),I,A,ST_ANOM,GU,1973,-0.2,,CELSIUS,SE,0.1,N,
DATAFLOW,SPC:DF_CLIMATE_CHANGE(1.0),I,A,ST_ANOM,GU,1974,-0.1,,CELSIUS,SE,0.1,N,
DATAFLOW,SPC:DF_CLIMATE_CHANGE(1.0),I,A,ST_ANOM,GU,1975,-0.1,,CELSIUS,SE,0,N,
DATAFLOW,SPC:DF_CLIMATE_CHANGE(1.0),I,A,ST_ANOM,GU,1976,-0.2,,CELSIUS,SE,0.1,N,
DATAFLOW,SPC:DF_CLIMATE_CHANGE(1.0),I,A,ST_ANOM,GU,1977,-0.2,,CELSIUS,SE,0,N,
DATAFLOW,SPC:DF_CLIMATE_CHANGE(1.0),I,A,ST_ANOM,GU,1978,-0.2,,CELSIUS,SE,0,N,
DATAFLOW,SPC:DF_CLIMATE_CHANGE(1.0),I,A,ST_ANOM,GU,1979,-0.2,,CELSIUS,SE,0,N,
DATAFLOW,SPC:DF_CLIMATE_CHANGE(1.0),I,A,ST_ANOM,GU,1980,-0.2,,CELSIUS,SE,0,N,
DATAFLOW,SPC:DF_CLIMATE_CHANGE(1.0),I,A,ST_ANOM,GU,1981,0.1,,CELSIUS,SE,0.1,N,
DATAFLOW,SPC:DF_CLIMATE_CHANGE(1.0),I,A,ST_ANOM,GU,1982,-0.1,,CELSIUS,SE,0.1,N,
DATAFLOW,SPC:DF_CLIMATE_CHANGE(1.0),I,A,ST_ANOM,GU,1983,-0.2,,CELSIUS,SE,0.1,N,
DATAFLOW,SPC:DF_CLIMATE_CHANGE(1.0),I,A,ST_ANOM,GU,1984,0.2,,CELSIUS,SE,0.1,N,
DATAFLOW,SPC:DF_CLIMATE_CHANGE(1.0),I,A,ST_ANOM,GU,1985,0,,CELSIUS,SE,0,N,
DATAFLOW,SPC:DF_CLIMATE_CHANGE(1.0),I,A,ST_ANOM,GU,1986,0,,CELSIUS,SE,0.1,N,
DATAFLOW,SPC:DF_CLIMATE_CHANGE(1.0),I,A,ST_ANOM,GU,1987,-0.1,,CELSIUS,SE,0,N,
DATAFLOW,SPC:DF_CLIMATE_CHANGE(1.0),I,A,ST_ANOM,GU,1988,0.3,,CELSIUS,SE,0,N,
DATAFLOW,SPC:DF_CLIMATE_CHANGE(1.0),I,A,ST_ANOM,GU,1989,0.2,,CELSIUS,SE,0.1,N,
DATAFLOW,SPC:DF_CLIMATE_CHANGE(1.0),I,A,ST_ANOM,GU,1990,-0.1,,CELSIUS,SE,0,N,
DATAFLOW,SPC:DF_CLIMATE_CHANGE(1.0),I,A,ST_ANOM,GU,1991,-0.2,,CELSIUS,SE,0.1,N,
DATAFLOW,SPC:DF_CLIMATE_CHANGE(1.0),I,A,ST_ANOM,GU,1992,-0.4,,CELSIUS,SE,0,N,
DATAFLOW,SPC:DF_CLIMATE_CHANGE(1.0),I,A,ST_ANOM,GU,1993,-0.3,,CELSIUS,SE,0.1,N,
DATAFLOW,SPC:DF_CLIMATE_CHANGE(1.0),I,A,ST_ANOM,GU,1994,0,,CELSIUS,SE,0.1,N,
DATAFLOW,SPC:DF_CLIMATE_CHANGE(1.0),I,A,ST_ANOM,GU,1995,0.2,,CELSIUS,SE,0.1,N,
DATAFLOW,SPC:DF_CLIMATE_CHANGE(1.0),I,A,ST_ANOM,GU,1996,0.4,,CELSIUS,SE,0,N,
DATAFLOW,SPC:DF_CLIMATE_CHANGE(1.0),I,A,ST_ANOM,GU,1997,0,,CELSIUS,SE,0,N,
DATAFLOW,SPC:DF_CLIMATE_CHANGE(1.0),I,A,ST_ANOM,GU,1998,0.2,,CELSIUS,SE,0.1,N,
DATAFLOW,SPC:DF_CLIMATE_CHANGE(1.0),I,A,ST_ANOM,GU,1999,0.4,,CELSIUS,SE,0.1,N,
DATAFLOW,SPC:DF_CLIMATE_CHANGE(1.0),I,A,ST_ANOM,GU,2000,0.4,,CELSIUS,SE,0,N,
DATAFLOW,SPC:DF_CLIMATE_CHANGE(1.0),I,A,ST_ANOM,GU,2001,0.5,,CELSIUS,SE,0.1,N,
DATAFLOW,SPC:DF_CLIMATE_CHANGE(1.0),I,A,ST_ANOM,GU,2002,0.3,,CELSIUS,SE,0.1,N,
DATAFLOW,SPC:DF_CLIMATE_CHANGE(1.0),I,A,ST_ANOM,GU,2003,0.3,,CELSIUS,SE,0,N,
DATAFLOW,SPC:DF_CLIMATE_CHANGE(1.0),I,A,ST_ANOM,GU,2004,0.1,,CELSIUS,SE,0.1,N,
DATAFLOW,SPC:DF_CLIMATE_CHANGE(1.0),I,A,ST_ANOM,GU,2005,0.2,,CELSIUS,SE,0.1,N,
DATAFLOW,SPC:DF_CLIMATE_CHANGE(1.0),I,A,ST_ANOM,GU,2006,0.1,,CELSIUS,SE,0.1,N,
DATAFLOW,SPC:DF_CLIMATE_CHANGE(1.0),I,A,ST_ANOM,GU,2007,0.4,,CELSIUS,SE,0.1,N,
DATAFLOW,SPC:DF_CLIMATE_CHANGE(1.0),I,A,ST_ANOM,GU,2008,0.5,,CELSIUS,SE,0,N,
DATAFLOW,SPC:DF_CLIMATE_CHANGE(1.0),I,A,ST_ANOM,GU,2009,0.4,,CELSIUS,SE,0.1,N,
DATAFLOW,SPC:DF_CLIMATE_CHANGE(1.0),I,A,ST_ANOM,GU,2010,0.3,,CELSIUS,SE,0.1,N,
DATAFLOW,SPC:DF_CLIMATE_CHANGE(1.0),I,A,ST_ANOM,GU,2011,0.5,,CELSIUS,SE,0.1,N,
DATAFLOW,SPC:DF_CLIMATE_CHANGE(1.0),I,A,ST_ANOM,GU,2012,0.4,,CELSIUS,SE,0.1,N,
DATAFLOW,SPC:DF_CLIMATE_CHANGE(1.0),I,A,ST_ANOM,GU,2013,0.5,,CELSIUS,SE,0,N,
DATAFLOW,SPC:DF_CLIMATE_CHANGE(1.0),I,A,ST_ANOM,GU,2014,0.5,,CELSIUS,SE,0,N,
DATAFLOW,SPC:DF_CLIMATE_CHANGE(1.0),I,A,ST_ANOM,GU,2015,0.2,,CELSIUS,SE,0,N,
DATAFLOW,SPC:DF_CLIMATE_CHANGE(1.0),I,A,ST_ANOM,GU,2016,0.4,,CELSIUS,SE,0.1,N,
DATAFLOW,SPC:DF_CLIMATE_CHANGE(1.0),I,A,ST_ANOM,GU,2017,0.8,,CELSIUS,SE,0,N,
DATAFLOW,SPC:DF_CLIMATE_CHANGE(1.0),I,A,ST_ANOM,GU,2018,0.6,,CELSIUS,SE,0.1,N,
DATAFLOW,SPC:DF_CLIMATE_CHANGE(1.0),I,A,ST_ANOM,GU,2019,0.6,,CELSIUS,SE,0.1,N,
DATAFLOW,SPC:DF_CLIMATE_CHANGE(1.0),I,A,ST_ANOM,GU,2020,0.7,,CELSIUS,SE,0.1,N,
DATAFLOW,SPC:DF_CLIMATE_CHANGE(1.0),I,A,ST_ANOM,GU,2021,0.8,,CELSIUS,SE,0.1,N,
DATAFLOW,SPC:DF_CLIMATE_CHANGE(1.0),I,A,ST_ANOM,GU,2022,0.7,,CELSIUS,SE,0,N,
DATAFLOW,SPC:DF_CLIMATE_CHANGE(1.0),I,A,ST_ANOM,GU,2023,0.7,,CELSIUS,SE,0,N,
DATAFLOW,SPC:DF_CLIMATE_CHANGE(1.0),I,A,ST_ANOM,GU,2024,0.6,,CELSIUS,SE,0.1,N,
DATAFLOW,SPC:DF_CLIMATE_CHANGE(1.0),I,A,ST_ANOM,GU,2025,0.9,,CELSIUS,SE,0.1,N,
DATAFLOW,SPC:DF_CLIMATE_CHANGE(1.0),I,A,ST_ANOM,PW,1850,0,,CELSIUS,SE,0.1,N,
DATAFLOW,SPC:DF_CLIMATE_CHANGE(1.0),I,A,ST_ANOM,PW,1851,0,,CELSIUS,SE,0,N,
DATAFLOW,SPC:DF_CLIMATE_CHANGE(1.0),I,A,ST_ANOM,PW,1852,0,,CELSIUS,SE,0.1,N,
DATAFLOW,SPC:DF_CLIMATE_CHANGE(1.0),I,A,ST_ANOM,PW,1853,0.1,,CELSIUS,SE,0.1,N,
DATAFLOW,SPC:DF_CLIMATE_CHANGE(1.0),I,A,ST_ANOM,PW,1854,0.2,,CELSIUS,SE,0.2,N,
DATAFLOW,SPC:DF_CLIMATE_CHANGE(1.0),I,A,ST_ANOM,PW,1855,-0.5,,CELSIUS,SE,0.1,N,
DATAFLOW,SPC:DF_CLIMATE_CHANGE(1.0),I,A,ST_ANOM,PW,1856,0,,CELSIUS,SE,0,N,
DATAFLOW,SPC:DF_CLIMATE_CHANGE(1.0),I,A,ST_ANOM,PW,1857,-0.1,,CELSIUS,SE,0.1,N,
DATAFLOW,SPC:DF_CLIMATE_CHANGE(1.0),I,A,ST_ANOM,PW,1858,-0.6,,CELSIUS,SE,0.1,N,
DATAFLOW,SPC:DF_CLIMATE_CHANGE(1.0),I,A,ST_ANOM,PW,1859,0.1,,CELSIUS,SE,0.1,N,
DATAFLOW,SPC:DF_CLIMATE_CHANGE(1.0),I,A,ST_ANOM,PW,1860,-0.1,,CELSIUS,SE,0.1,N,
DATAFLOW,SPC:DF_CLIMATE_CHANGE(1.0),I,A,ST_ANOM,PW,1861,-0.6,,CELSIUS,SE,0.1,N,
DATAFLOW,SPC:DF_CLIMATE_CHANGE(1.0),I,A,ST_ANOM,PW,1862,-0.7,,CELSIUS,SE,0.1,N,
DATAFLOW,SPC:DF_CLIMATE_CHANGE(1.0),I,A,ST_ANOM,PW,1863,-0.1,,CELSIUS,SE,0.1,N,
DATAFLOW,SPC:DF_CLIMATE_CHANGE(1.0),I,A,ST_ANOM,PW,1864,-0.1,,CELSIUS,SE,0.1,N,
DATAFLOW,SPC:DF_CLIMATE_CHANGE(1.0),I,A,ST_ANOM,PW,1865,0,,CELSIUS,SE,0.1,N,
DATAFLOW,SPC:DF_CLIMATE_CHANGE(1.0),I,A,ST_ANOM,PW,1866,-0.1,,CELSIUS,SE,0.1,N,
DATAFLOW,SPC:DF_CLIMATE_CHANGE(1.0),I,A,ST_ANOM,PW,1867,-0.2,,CELSIUS,SE,0.1,N,
DATAFLOW,SPC:DF_CLIMATE_CHANGE(1.0),I,A,ST_ANOM,PW,1868,-0.2,,CELSIUS,SE,0.2,N,
DATAFLOW,SPC:DF_CLIMATE_CHANGE(1.0),I,A,ST_ANOM,PW,1869,0.3,,CELSIUS,SE,0.1,N,
DATAFLOW,SPC:DF_CLIMATE_CHANGE(1.0),I,A,ST_ANOM,PW,1870,0.2,,CELSIUS,SE,0.1,N,
DATAFLOW,SPC:DF_CLIMATE_CHANGE(1.0),I,A,ST_ANOM,PW,1871,-0.1,,CELSIUS,SE,0.1,N,
DATAFLOW,SPC:DF_CLIMATE_CHANGE(1.0),I,A,ST_ANOM,PW,1872,0.1,,CELSIUS,SE,0.1,N,
DATAFLOW,SPC:DF_CLIMATE_CHANGE(1.0),I,A,ST_ANOM,PW,1873,0.3,,CELSIUS,SE,0,N,
DATAFLOW,SPC:DF_CLIMATE_CHANGE(1.0),I,A,ST_ANOM,PW,1874,0,,CELSIUS,SE,0,N,
DATAFLOW,SPC:DF_CLIMATE_CHANGE(1.0),I,A,ST_ANOM,PW,1875,-0.2,,CELSIUS,SE,0.1,N,
DATAFLOW,SPC:DF_CLIMATE_CHANGE(1.0),I,A,ST_ANOM,PW,1876,0,,CELSIUS,SE,0.1,N,
DATAFLOW,SPC:DF_CLIMATE_CHANGE(1.0),I,A,ST_ANOM,PW,1877,0,,CELSIUS,SE,0.1,N,
DATAFLOW,SPC:DF_CLIMATE_CHANGE(1.0),I,A,ST_ANOM,PW,1878,0.4,,CELSIUS,SE,0.1,N,
DATAFLOW,SPC:DF_CLIMATE_CHANGE(1.0),I,A,ST_ANOM,PW,1879,0,,CELSIUS,SE,0.1,N,
DATAFLOW,SPC:DF_CLIMATE_CHANGE(1.0),I,A,ST_ANOM,PW,1880,-0.2,,CELSIUS,SE,0.1,N,
DATAFLOW,SPC:DF_CLIMATE_CHANGE(1.0),I,A,ST_ANOM,PW,1881,-0.1,,CELSIUS,SE,0.1,N,
DATAFLOW,SPC:DF_CLIMATE_CHANGE(1.0),I,A,ST_ANOM,PW,1882,-0.1,,CELSIUS,SE,0.1,N,
DATAFLOW,SPC:DF_CLIMATE_CHANGE(1.0),I,A,ST_ANOM,PW,1883,-0.6,,CELSIUS,SE,0.1,N,
DATAFLOW,SPC:DF_CLIMATE_CHANGE(1.0),I,A,ST_ANOM,PW,1884,-1,,CELSIUS,SE,0.1,N,
DATAFLOW,SPC:DF_CLIMATE_CHANGE(1.0),I,A,ST_ANOM,PW,1885,-0.5,,CELSIUS,SE,0.1,N,
DATAFLOW,SPC:DF_CLIMATE_CHANGE(1.0),I,A,ST_ANOM,PW,1886,-0.2,,CELSIUS,SE,0.1,N,
DATAFLOW,SPC:DF_CLIMATE_CHANGE(1.0),I,A,ST_ANOM,PW,1887,0.1,,CELSIUS,SE,0.1,N,
DATAFLOW,SPC:DF_CLIMATE_CHANGE(1.0),I,A,ST_ANOM,PW,1888,0,,CELSIUS,SE,0.1,N,
DATAFLOW,SPC:DF_CLIMATE_CHANGE(1.0),I,A,ST_ANOM,PW,1889,0.3,,CELSIUS,SE,0.1,N,
DATAFLOW,SPC:DF_CLIMATE_CHANGE(1.0),I,A,ST_ANOM,PW,1890,0.1,,CELSIUS,SE,0.1,N,
DATAFLOW,SPC:DF_CLIMATE_CHANGE(1.0),I,A,ST_ANOM,PW,1891,0.2,,CELSIUS,SE,0.1,N,
DATAFLOW,SPC:DF_CLIMATE_CHANGE(1.0),I,A,ST_ANOM,PW,1892,0,,CELSIUS,SE,0.1,N,
DATAFLOW,SPC:DF_CLIMATE_CHANGE(1.0),I,A,ST_ANOM,PW,1893,-0.1,,CELSIUS,SE,0.1,N,
DATAFLOW,SPC:DF_CLIMATE_CHANGE(1.0),I,A,ST_ANOM,PW,1894,-0.2,,CELSIUS,SE,0,N,
DATAFLOW,SPC:DF_CLIMATE_CHANGE(1.0),I,A,ST_ANOM,PW,1895,-0.1,,CELSIUS,SE,0.1,N,
DATAFLOW,SPC:DF_CLIMATE_CHANGE(1.0),I,A,ST_ANOM,PW,1896,-0.3,,CELSIUS,SE,0.1,N,
DATAFLOW,SPC:DF_CLIMATE_CHANGE(1.0),I,A,ST_ANOM,PW,1897,0.3,,CELSIUS,SE,0.1,N,
DATAFLOW,SPC:DF_CLIMATE_CHANGE(1.0),I,A,ST_ANOM,PW,1898,-0.1,,CELSIUS,SE,0.1,N,
DATAFLOW,SPC:DF_CLIMATE_CHANGE(1.0),I,A,ST_ANOM,PW,1899,-0.4,,CELSIUS,SE,0.1,N,
DATAFLOW,SPC:DF_CLIMATE_CHANGE(1.0),I,A,ST_ANOM,PW,1900,-0.1,,CELSIUS,SE,0.1,N,
DATAFLOW,SPC:DF_CLIMATE_CHANGE(1.0),I,A,ST_ANOM,PW,1901,-0.4,,CELSIUS,SE,0.1,N,
DATAFLOW,SPC:DF_CLIMATE_CHANGE(1.0),I,A,ST_ANOM,PW,1902,-0.6,,CELSIUS,SE,0.1,N,
DATAFLOW,SPC:DF_CLIMATE_CHANGE(1.0),I,A,ST_ANOM,PW,1903,-0.5,,CELSIUS,SE,0.1,N,
DATAFLOW,SPC:DF_CLIMATE_CHANGE(1.0),I,A,ST_ANOM,PW,1904,-0.7,,CELSIUS,SE,0.1,N,
DATAFLOW,SPC:DF_CLIMATE_CHANGE(1.0),I,A,ST_ANOM,PW,1905,-0.8,,CELSIUS,SE,0.1,N,
DATAFLOW,SPC:DF_CLIMATE_CHANGE(1.0),I,A,ST_ANOM,PW,1906,-0.4,,CELSIUS,SE,0.1,N,
DATAFLOW,SPC:DF_CLIMATE_CHANGE(1.0),I,A,ST_ANOM,PW,1907,-0.5,,CELSIUS,SE,0.1,N,
DATAFLOW,SPC:DF_CLIMATE_CHANGE(1.0),I,A,ST_ANOM,PW,1908,-0.3,,CELSIUS,SE,0.1,N,
DATAFLOW,SPC:DF_CLIMATE_CHANGE(1.0),I,A,ST_ANOM,PW,1909,-0.4,,CELSIUS,SE,0.1,N,
DATAFLOW,SPC:DF_CLIMATE_CHANGE(1.0),I,A,ST_ANOM,PW,1910,-0.3,,CELSIUS,SE,0.1,N,
DATAFLOW,SPC:DF_CLIMATE_CHANGE(1.0),I,A,ST_ANOM,PW,1911,-0.6,,CELSIUS,SE,0.1,N,
DATAFLOW,SPC:DF_CLIMATE_CHANGE(1.0),I,A,ST_ANOM,PW,1912,-0.7,,CELSIUS,SE,0,N,
DATAFLOW,SPC:DF_CLIMATE_CHANGE(1.0),I,A,ST_ANOM,PW,1913,-0.8,,CELSIUS,SE,0.1,N,
DATAFLOW,SPC:DF_CLIMATE_CHANGE(1.0),I,A,ST_ANOM,PW,1914,-0.6,,CELSIUS,SE,0.1,N,
DATAFLOW,SPC:DF_CLIMATE_CHANGE(1.0),I,A,ST_ANOM,PW,1915,-0.3,,CELSIUS,SE,0.1,N,
DATAFLOW,SPC:DF_CLIMATE_CHANGE(1.0),I,A,ST_ANOM,PW,1916,-0.2,,CELSIUS,SE,0.1,N,
DATAFLOW,SPC:DF_CLIMATE_CHANGE(1.0),I,A,ST_ANOM,PW,1917,-0.3,,CELSIUS,SE,0.1,N,
DATAFLOW,SPC:DF_CLIMATE_CHANGE(1.0),I,A,ST_ANOM,PW,1918,-1,,CELSIUS,SE,0.1,N,
DATAFLOW,SPC:DF_CLIMATE_CHANGE(1.0),I,A,ST_ANOM,PW,1919,-0.7,,CELSIUS,SE,0.1,N,
DATAFLOW,SPC:DF_CLIMATE_CHANGE(1.0),I,A,ST_ANOM,PW,1920,-0.7,,CELSIUS,SE,0.1,N,
DATAFLOW,SPC:DF_CLIMATE_CHANGE(1.0),I,A,ST_ANOM,PW,1921,-0.1,,CELSIUS,SE,0,N,
DATAFLOW,SPC:DF_CLIMATE_CHANGE(1.0),I,A,ST_ANOM,PW,1922,-0.2,,CELSIUS,SE,0.1,N,
DATAFLOW,SPC:DF_CLIMATE_CHANGE(1.0),I,A,ST_ANOM,PW,1923,-0.5,,CELSIUS,SE,0.1,N,
DATAFLOW,SPC:DF_CLIMATE_CHANGE(1.0),I,A,ST_ANOM,PW,1924,-0.4,,CELSIUS,SE,0.1,N,
DATAFLOW,SPC:DF_CLIMATE_CHANGE(1.0),I,A,ST_ANOM,PW,1925,-0.3,,CELSIUS,SE,0,N,
DATAFLOW,SPC:DF_CLIMATE_CHANGE(1.0),I,A,ST_ANOM,PW,1926,-0.4,,CELSIUS,SE,0,N,
DATAFLOW,SPC:DF_CLIMATE_CHANGE(1.0),I,A,ST_ANOM,PW,1927,-0.2,,CELSIUS,SE,0.1,N,
DATAFLOW,SPC:DF_CLIMATE_CHANGE(1.0),I,A,ST_ANOM,PW,1928,-0.4,,CELSIUS,SE,0.1,N,
DATAFLOW,SPC:DF_CLIMATE_CHANGE(1.0),I,A,ST_ANOM,PW,1929,-0.6,,CELSIUS,SE,0.1,N,
DATAFLOW,SPC:DF_CLIMATE_CHANGE(1.0),I,A,ST_ANOM,PW,1930,-0.5,,CELSIUS,SE,0.1,N,
DATAFLOW,SPC:DF_CLIMATE_CHANGE(1.0),I,A,ST_ANOM,PW,1931,-0.3,,CELSIUS,SE,0,N,
DATAFLOW,SPC:DF_CLIMATE_CHANGE(1.0),I,A,ST_ANOM,PW,1932,-0.5,,CELSIUS,SE,0,N,
DATAFLOW,SPC:DF_CLIMATE_CHANGE(1.0),I,A,ST_ANOM,PW,1933,-0.4,,CELSIUS,SE,0,N,
DATAFLOW,SPC:DF_CLIMATE_CHANGE(1.0),I,A,ST_ANOM,PW,1934,-0.5,,CELSIUS,SE,0.1,N,
DATAFLOW,SPC:DF_CLIMATE_CHANGE(1.0),I,A,ST_ANOM,PW,1935,-0.6,,CELSIUS,SE,0,N,
DATAFLOW,SPC:DF_CLIMATE_CHANGE(1.0),I,A,ST_ANOM,PW,1936,-0.5,,CELSIUS,SE,0,N,
DATAFLOW,SPC:DF_CLIMATE_CHANGE(1.0),I,A,ST_ANOM,PW,1937,-0.3,,CELSIUS,SE,0.1,N,
DATAFLOW,SPC:DF_CLIMATE_CHANGE(1.0),I,A,ST_ANOM,PW,1938,-0.3,,CELSIUS,SE,0.1,N,
DATAFLOW,SPC:DF_CLIMATE_CHANGE(1.0),I,A,ST_ANOM,PW,1939,-0.3,,CELSIUS,SE,0,N,
DATAFLOW,SPC:DF_CLIMATE_CHANGE(1.0),I,A,ST_ANOM,PW,1940,-0.4,,CELSIUS,SE,0.1,N,
DATAFLOW,SPC:DF_CLIMATE_CHANGE(1.0),I,A,ST_ANOM,PW,1941,-0.3,,CELSIUS,SE,0.1,N,
DATAFLOW,SPC:DF_CLIMATE_CHANGE(1.0),I,A,ST_ANOM,PW,1942,-0.2,,CELSIUS,SE,0.1,N,
DATAFLOW,SPC:DF_CLIMATE_CHANGE(1.0),I,A,ST_ANOM,PW,1943,0.1,,CELSIUS,SE,0.1,N,
DATAFLOW,SPC:DF_CLIMATE_CHANGE(1.0),I,A,ST_ANOM,PW,1944,0.1,,CELSIUS,SE,0.1,N,
DATAFLOW,SPC:DF_CLIMATE_CHANGE(1.0),I,A,ST_ANOM,PW,1945,0.3,,CELSIUS,SE,0.1,N,
DATAFLOW,SPC:DF_CLIMATE_CHANGE(1.0),I,A,ST_ANOM,PW,1946,0.2,,CELSIUS,SE,0.2,N,
DATAFLOW,SPC:DF_CLIMATE_CHANGE(1.0),I,A,ST_ANOM,PW,1947,-0.1,,CELSIUS,SE,0.1,N,
DATAFLOW,SPC:DF_CLIMATE_CHANGE(1.0),I,A,ST_ANOM,PW,1948,-0.3,,CELSIUS,SE,0.1,N,
DATAFLOW,SPC:DF_CLIMATE_CHANGE(1.0),I,A,ST_ANOM,PW,1949,-0.4,,CELSIUS,SE,0.1,N,
DATAFLOW,SPC:DF_CLIMATE_CHANGE(1.0),I,A,ST_ANOM,PW,1950,-0.2,,CELSIUS,SE,0.1,N,
DATAFLOW,SPC:DF_CLIMATE_CHANGE(1.0),I,A,ST_ANOM,PW,1951,-0.3,,CELSIUS,SE,0.1,N,
DATAFLOW,SPC:DF_CLIMATE_CHANGE(1.0),I,A,ST_ANOM,PW,1952,-0.4,,CELSIUS,SE,0.1,N,
DATAFLOW,SPC:DF_CLIMATE_CHANGE(1.0),I,A,ST_ANOM,PW,1953,-0.2,,CELSIUS,SE,0.1,N,
DATAFLOW,SPC:DF_CLIMATE_CHANGE(1.0),I,A,ST_ANOM,PW,1954,-0.1,,CELSIUS,SE,0.1,N,
DATAFLOW,SPC:DF_CLIMATE_CHANGE(1.0),I,A,ST_ANOM,PW,1955,-0.3,,CELSIUS,SE,0.1,N,
DATAFLOW,SPC:DF_CLIMATE_CHANGE(1.0),I,A,ST_ANOM,PW,1956,-0.3,,CELSIUS,SE,0.1,N,
DATAFLOW,SPC:DF_CLIMATE_CHANGE(1.0),I,A,ST_ANOM,PW,1957,-0.2,,CELSIUS,SE,0,N,
DATAFLOW,SPC:DF_CLIMATE_CHANGE(1.0),I,A,ST_ANOM,PW,1958,-0.5,,CELSIUS,SE,0,N,
DATAFLOW,SPC:DF_CLIMATE_CHANGE(1.0),I,A,ST_ANOM,PW,1959,-0.4,,CELSIUS,SE,0,N,
DATAFLOW,SPC:DF_CLIMATE_CHANGE(1.0),I,A,ST_ANOM,PW,1960,-0.1,,CELSIUS,SE,0,N,
DATAFLOW,SPC:DF_CLIMATE_CHANGE(1.0),I,A,ST_ANOM,PW,1961,-0.3,,CELSIUS,SE,0.1,N,
DATAFLOW,SPC:DF_CLIMATE_CHANGE(1.0),I,A,ST_ANOM,PW,1962,-0.3,,CELSIUS,SE,0,N,
DATAFLOW,SPC:DF_CLIMATE_CHANGE(1.0),I,A,ST_ANOM,PW,1963,-0.4,,CELSIUS,SE,0,N,
DATAFLOW,SPC:DF_CLIMATE_CHANGE(1.0),I,A,ST_ANOM,PW,1964,-0.1,,CELSIUS,SE,0,N,
DATAFLOW,SPC:DF_CLIMATE_CHANGE(1.0),I,A,ST_ANOM,PW,1965,-0.5,,CELSIUS,SE,0.1,N,
DATAFLOW,SPC:DF_CLIMATE_CHANGE(1.0),I,A,ST_ANOM,PW,1966,-0.4,,CELSIUS,SE,0.1,N,
DATAFLOW,SPC:DF_CLIMATE_CHANGE(1.0),I,A,ST_ANOM,PW,1967,-0.5,,CELSIUS,SE,0.1,N,
DATAFLOW,SPC:DF_CLIMATE_CHANGE(1.0),I,A,ST_ANOM,PW,1968,-0.3,,CELSIUS,SE,0.1,N,
DATAFLOW,SPC:DF_CLIMATE_CHANGE(1.0),I,A,ST_ANOM,PW,1969,-0.2,,CELSIUS,SE,0.1,N,
DATAFLOW,SPC:DF_CLIMATE_CHANGE(1.0),I,A,ST_ANOM,PW,1970,0,,CELSIUS,SE,0,N,
DATAFLOW,SPC:DF_CLIMATE_CHANGE(1.0),I,A,ST_ANOM,PW,1971,-0.2,,CELSIUS,SE,0.1,N,
DATAFLOW,SPC:DF_CLIMATE_CHANGE(1.0),I,A,ST_ANOM,PW,1972,-0.4,,CELSIUS,SE,0.1,N,
DATAFLOW,SPC:DF_CLIMATE_CHANGE(1.0),I,A,ST_ANOM,PW,1973,-0.1,,CELSIUS,SE,0.1,N,
DATAFLOW,SPC:DF_CLIMATE_CHANGE(1.0),I,A,ST_ANOM,PW,1974,-0.2,,CELSIUS,SE,0.1,N,
DATAFLOW,SPC:DF_CLIMATE_CHANGE(1.0),I,A,ST_ANOM,PW,1975,-0.2,,CELSIUS,SE,0.1,N,
DATAFLOW,SPC:DF_CLIMATE_CHANGE(1.0),I,A,ST_ANOM,PW,1976,-0.4,,CELSIUS,SE,0.1,N,
DATAFLOW,SPC:DF_CLIMATE_CHANGE(1.0),I,A,ST_ANOM,PW,1977,-0.2,,CELSIUS,SE,0,N,
DATAFLOW,SPC:DF_CLIMATE_CHANGE(1.0),I,A,ST_ANOM,PW,1978,-0.1,,CELSIUS,SE,0.1,N,
DATAFLOW,SPC:DF_CLIMATE_CHANGE(1.0),I,A,ST_ANOM,PW,1979,-0.2,,CELSIUS,SE,0.1,N,
DATAFLOW,SPC:DF_CLIMATE_CHANGE(1.0),I,A,ST_ANOM,PW,1980,-0.3,,CELSIUS,SE,0,N,
DATAFLOW,SPC:DF_CLIMATE_CHANGE(1.0),I,A,ST_ANOM,PW,1981,0.1,,CELSIUS,SE,0.1,N,
DATAFLOW,SPC:DF_CLIMATE_CHANGE(1.0),I,A,ST_ANOM,PW,1982,-0.1,,CELSIUS,SE,0.1,N,
DATAFLOW,SPC:DF_CLIMATE_CHANGE(1.0),I,A,ST_ANOM,PW,1983,-0.1,,CELSIUS,SE,0.1,N,
DATAFLOW,SPC:DF_CLIMATE_CHANGE(1.0),I,A,ST_ANOM,PW,1984,0,,CELSIUS,SE,0.1,N,
DATAFLOW,SPC:DF_CLIMATE_CHANGE(1.0),I,A,ST_ANOM,PW,1985,0,,CELSIUS,SE,0.1,N,
DATAFLOW,SPC:DF_CLIMATE_CHANGE(1.0),I,A,ST_ANOM,PW,1986,-0.1,,CELSIUS,SE,0.1,N,
DATAFLOW,SPC:DF_CLIMATE_CHANGE(1.0),I,A,ST_ANOM,PW,1987,-0.1,,CELSIUS,SE,0.1,N,
DATAFLOW,SPC:DF_CLIMATE_CHANGE(1.0),I,A,ST_ANOM,PW,1988,0.3,,CELSIUS,SE,0.1,N,
DATAFLOW,SPC:DF_CLIMATE_CHANGE(1.0),I,A,ST_ANOM,PW,1989,0.2,,CELSIUS,SE,0.1,N,
DATAFLOW,SPC:DF_CLIMATE_CHANGE(1.0),I,A,ST_ANOM,PW,1990,-0.2,,CELSIUS,SE,0.1,N,
DATAFLOW,SPC:DF_CLIMATE_CHANGE(1.0),I,A,ST_ANOM,PW,1991,-0.4,,CELSIUS,SE,0,N,
DATAFLOW,SPC:DF_CLIMATE_CHANGE(1.0),I,A,ST_ANOM,PW,1992,-0.2,,CELSIUS,SE,0.1,N,
DATAFLOW,SPC:DF_CLIMATE_CHANGE(1.0),I,A,ST_ANOM,PW,1993,-0.3,,CELSIUS,SE,0.1,N,
DATAFLOW,SPC:DF_CLIMATE_CHANGE(1.0),I,A,ST_ANOM,PW,1994,-0.1,,CELSIUS,SE,0.1,N,
DATAFLOW,SPC:DF_CLIMATE_CHANGE(1.0),I,A,ST_ANOM,PW,1995,0.2,,CELSIUS,SE,0.1,N,
DATAFLOW,SPC:DF_CLIMATE_CHANGE(1.0),I,A,ST_ANOM,PW,1996,0.3,,CELSIUS,SE,0.1,N,
DATAFLOW,SPC:DF_CLIMATE_CHANGE(1.0),I,A,ST_ANOM,PW,1997,0,,CELSIUS,SE,0.1,N,
DATAFLOW,SPC:DF_CLIMATE_CHANGE(1.0),I,A,ST_ANOM,PW,1998,0.4,,CELSIUS,SE,0.2,N,
DATAFLOW,SPC:DF_CLIMATE_CHANGE(1.0),I,A,ST_ANOM,PW,1999,0.3,,CELSIUS,SE,0.1,N,
DATAFLOW,SPC:DF_CLIMATE_CHANGE(1.0),I,A,ST_ANOM,PW,2000,0.3,,CELSIUS,SE,0.1,N,
DATAFLOW,SPC:DF_CLIMATE_CHANGE(1.0),I,A,ST_ANOM,PW,2001,0.3,,CELSIUS,SE,0.1,N,
DATAFLOW,SPC:DF_CLIMATE_CHANGE(1.0),I,A,ST_ANOM,PW,2002,0.1,,CELSIUS,SE,0.1,N,
DATAFLOW,SPC:DF_CLIMATE_CHANGE(1.0),I,A,ST_ANOM,PW,2003,0.1,,CELSIUS,SE,0,N,
DATAFLOW,SPC:DF_CLIMATE_CHANGE(1.0),I,A,ST_ANOM,PW,2004,0,,CELSIUS,SE,0.1,N,
DATAFLOW,SPC:DF_CLIMATE_CHANGE(1.0),I,A,ST_ANOM,PW,2005,0.2,,CELSIUS,SE,0.1,N,
DATAFLOW,SPC:DF_CLIMATE_CHANGE(1.0),I,A,ST_ANOM,PW,2006,0.2,,CELSIUS,SE,0.1,N,
DATAFLOW,SPC:DF_CLIMATE_CHANGE(1.0),I,A,ST_ANOM,PW,2007,0.2,,CELSIUS,SE,0,N,
DATAFLOW,SPC:DF_CLIMATE_CHANGE(1.0),I,A,ST_ANOM,PW,2008,0.2,,CELSIUS,SE,0.1,N,
DATAFLOW,SPC:DF_CLIMATE_CHANGE(1.0),I,A,ST_ANOM,PW,2009,0.3,,CELSIUS,SE,0.1,N,
DATAFLOW,SPC:DF_CLIMATE_CHANGE(1.0),I,A,ST_ANOM,PW,2010,0.7,,CELSIUS,SE,0.1,N,
DATAFLOW,SPC:DF_CLIMATE_CHANGE(1.0),I,A,ST_ANOM,PW,2011,0.4,,CELSIUS,SE,0.1,N,
DATAFLOW,SPC:DF_CLIMATE_CHANGE(1.0),I,A,ST_ANOM,PW,2012,0.4,,CELSIUS,SE,0.1,N,
DATAFLOW,SPC:DF_CLIMATE_CHANGE(1.0),I,A,ST_ANOM,PW,2013,0.6,,CELSIUS,SE,0.1,N,
DATAFLOW,SPC:DF_CLIMATE_CHANGE(1.0),I,A,ST_ANOM,PW,2014,0.5,,CELSIUS,SE,0.1,N,
DATAFLOW,SPC:DF_CLIMATE_CHANGE(1.0),I,A,ST_ANOM,PW,2015,0.2,,CELSIUS,SE,0.1,N,
DATAFLOW,SPC:DF_CLIMATE_CHANGE(1.0),I,A,ST_ANOM,PW,2016,0.6,,CELSIUS,SE,0,N,
DATAFLOW,SPC:DF_CLIMATE_CHANGE(1.0),I,A,ST_ANOM,PW,2017,0.7,,CELSIUS,SE,0.1,N,
DATAFLOW,SPC:DF_CLIMATE_CHANGE(1.0),I,A,ST_ANOM,PW,2018,0.5,,CELSIUS,SE,0.1,N,
DATAFLOW,SPC:DF_CLIMATE_CHANGE(1.0),I,A,ST_ANOM,PW,2019,0.3,,CELSIUS,SE,0.1,N,
DATAFLOW,SPC:DF_CLIMATE_CHANGE(1.0),I,A,ST_ANOM,PW,2020,0.8,,CELSIUS,SE,0.1,N,
DATAFLOW,SPC:DF_CLIMATE_CHANGE(1.0),I,A,ST_ANOM,PW,2021,0.8,,CELSIUS,SE,0.1,N,
DATAFLOW,SPC:DF_CLIMATE_CHANGE(1.0),I,A,ST_ANOM,PW,2022,0.8,,CELSIUS,SE,0.1,N,
DATAFLOW,SPC:DF_CLIMATE_CHANGE(1.0),I,A,ST_ANOM,PW,2023,0.8,,CELSIUS,SE,0.1,N,
DATAFLOW,SPC:DF_CLIMATE_CHANGE(1.0),I,A,ST_ANOM,PW,2024,0.9,,CELSIUS,SE,0.1,N,
DATAFLOW,SPC:DF_CLIMATE_CHANGE(1.0),I,A,ST_ANOM,PW,2025,0.9,,CELSIUS,SE,0.1,N,
DATAFLOW,SPC:DF_CLIMATE_CHANGE(1.0),I,A,ST_ANOM,VU,1850,-0.4,,CELSIUS,SE,0.1,N,
DATAFLOW,SPC:DF_CLIMATE_CHANGE(1.0),I,A,ST_ANOM,VU,1851,0,,CELSIUS,SE,0.1,N,
DATAFLOW,SPC:DF_CLIMATE_CHANGE(1.0),I,A,ST_ANOM,VU,1852,-0.3,,CELSIUS,SE,0,N,
DATAFLOW,SPC:DF_CLIMATE_CHANGE(1.0),I,A,ST_ANOM,VU,1853,-0.6,,CELSIUS,SE,0.2,N,
DATAFLOW,SPC:DF_CLIMATE_CHANGE(1.0),I,A,ST_ANOM,VU,1854,-0.9,,CELSIUS,SE,0.1,N,
DATAFLOW,SPC:DF_CLIMATE_CHANGE(1.0),I,A,ST_ANOM,VU,1855,-0.7,,CELSIUS,SE,0.1,N,
DATAFLOW,SPC:DF_CLIMATE_CHANGE(1.0),I,A,ST_ANOM,VU,1856,-1,,CELSIUS,SE,0.1,N,
DATAFLOW,SPC:DF_CLIMATE_CHANGE(1.0),I,A,ST_ANOM,VU,1857,-0.1,,CELSIUS,SE,0.1,N,
DATAFLOW,SPC:DF_CLIMATE_CHANGE(1.0),I,A,ST_ANOM,VU,1858,-0.5,,CELSIUS,SE,0.1,N,
DATAFLOW,SPC:DF_CLIMATE_CHANGE(1.0),I,A,ST_ANOM,VU,1859,-0.3,,CELSIUS,SE,0,N,
DATAFLOW,SPC:DF_CLIMATE_CHANGE(1.0),I,A,ST_ANOM,VU,1860,-0.5,,CELSIUS,SE,0.1,N,
DATAFLOW,SPC:DF_CLIMATE_CHANGE(1.0),I,A,ST_ANOM,VU,1861,-0.6,,CELSIUS,SE,0.2,N,
DATAFLOW,SPC:DF_CLIMATE_CHANGE(1.0),I,A,ST_ANOM,VU,1862,-0.3,,CELSIUS,SE,0.1,N,
DATAFLOW,SPC:DF_CLIMATE_CHANGE(1.0),I,A,ST_ANOM,VU,1863,0,,CELSIUS,SE,0.1,N,
DATAFLOW,SPC:DF_CLIMATE_CHANGE(1.0),I,A,ST_ANOM,VU,1864,0.1,,CELSIUS,SE,0.1,N,
DATAFLOW,SPC:DF_CLIMATE_CHANGE(1.0),I,A,ST_ANOM,VU,1865,-0.1,,CELSIUS,SE,0.1,N,
DATAFLOW,SPC:DF_CLIMATE_CHANGE(1.0),I,A,ST_ANOM,VU,1866,0,,CELSIUS,SE,0.1,N,
DATAFLOW,SPC:DF_CLIMATE_CHANGE(1.0),I,A,ST_ANOM,VU,1867,0,,CELSIUS,SE,0.1,N,
DATAFLOW,SPC:DF_CLIMATE_CHANGE(1.0),I,A,ST_ANOM,VU,1868,-0.3,,CELSIUS,SE,0.1,N,
DATAFLOW,SPC:DF_CLIMATE_CHANGE(1.0),I,A,ST_ANOM,VU,1869,0,,CELSIUS,SE,0.1,N,
DATAFLOW,SPC:DF_CLIMATE_CHANGE(1.0),I,A,ST_ANOM,VU,1870,0,,CELSIUS,SE,0.1,N,
DATAFLOW,SPC:DF_CLIMATE_CHANGE(1.0),I,A,ST_ANOM,VU,1871,-0.2,,CELSIUS,SE,0.1,N,
DATAFLOW,SPC:DF_CLIMATE_CHANGE(1.0),I,A,ST_ANOM,VU,1872,-0.1,,CELSIUS,SE,0.1,N,
DATAFLOW,SPC:DF_CLIMATE_CHANGE(1.0),I,A,ST_ANOM,VU,1873,-0.1,,CELSIUS,SE,0.1,N,
DATAFLOW,SPC:DF_CLIMATE_CHANGE(1.0),I,A,ST_ANOM,VU,1874,-0.1,,CELSIUS,SE,0.1,N,
DATAFLOW,SPC:DF_CLIMATE_CHANGE(1.0),I,A,ST_ANOM,VU,1875,0,,CELSIUS,SE,0.1,N,
DATAFLOW,SPC:DF_CLIMATE_CHANGE(1.0),I,A,ST_ANOM,VU,1876,-0.2,,CELSIUS,SE,0.1,N,
DATAFLOW,SPC:DF_CLIMATE_CHANGE(1.0),I,A,ST_ANOM,VU,1877,-0.5,,CELSIUS,SE,0.1,N,
DATAFLOW,SPC:DF_CLIMATE_CHANGE(1.0),I,A,ST_ANOM,VU,1878,-0.2,,CELSIUS,SE,0.1,N,
DATAFLOW,SPC:DF_CLIMATE_CHANGE(1.0),I,A,ST_ANOM,VU,1879,0.1,,CELSIUS,SE,0.1,N,
DATAFLOW,SPC:DF_CLIMATE_CHANGE(1.0),I,A,ST_ANOM,VU,1880,-0.1,,CELSIUS,SE,0.1,N,
DATAFLOW,SPC:DF_CLIMATE_CHANGE(1.0),I,A,ST_ANOM,VU,1881,-0.2,,CELSIUS,SE,0.1,N,
DATAFLOW,SPC:DF_CLIMATE_CHANGE(1.0),I,A,ST_ANOM,VU,1882,-0.1,,CELSIUS,SE,0.1,N,
DATAFLOW,SPC:DF_CLIMATE_CHANGE(1.0),I,A,ST_ANOM,VU,1883,-0.4,,CELSIUS,SE,0.1,N,
DATAFLOW,SPC:DF_CLIMATE_CHANGE(1.0),I,A,ST_ANOM,VU,1884,-0.9,,CELSIUS,SE,0,N,
DATAFLOW,SPC:DF_CLIMATE_CHANGE(1.0),I,A,ST_ANOM,VU,1885,-1.1,,CELSIUS,SE,0.1,N,
DATAFLOW,SPC:DF_CLIMATE_CHANGE(1.0),I,A,ST_ANOM,VU,1886,-0.7,,CELSIUS,SE,0.1,N,
DATAFLOW,SPC:DF_CLIMATE_CHANGE(1.0),I,A,ST_ANOM,VU,1887,-0.4,,CELSIUS,SE,0.1,N,
DATAFLOW,SPC:DF_CLIMATE_CHANGE(1.0),I,A,ST_ANOM,VU,1888,-0.9,,CELSIUS,SE,0.1,N,
DATAFLOW,SPC:DF_CLIMATE_CHANGE(1.0),I,A,ST_ANOM,VU,1889,-0.4,,CELSIUS,SE,0.1,N,
DATAFLOW,SPC:DF_CLIMATE_CHANGE(1.0),I,A,ST_ANOM,VU,1890,-0.1,,CELSIUS,SE,0.1,N,
DATAFLOW,SPC:DF_CLIMATE_CHANGE(1.0),I,A,ST_ANOM,VU,1891,-0.2,,CELSIUS,SE,0.1,N,
DATAFLOW,SPC:DF_CLIMATE_CHANGE(1.0),I,A,ST_ANOM,VU,1892,-0.3,,CELSIUS,SE,0.1,N,
DATAFLOW,SPC:DF_CLIMATE_CHANGE(1.0),I,A,ST_ANOM,VU,1893,0.4,,CELSIUS,SE,0.1,N,
DATAFLOW,SPC:DF_CLIMATE_CHANGE(1.0),I,A,ST_ANOM,VU,1894,-0.4,,CELSIUS,SE,0.1,N,
DATAFLOW,SPC:DF_CLIMATE_CHANGE(1.0),I,A,ST_ANOM,VU,1895,-0.4,,CELSIUS,SE,0.1,N,
DATAFLOW,SPC:DF_CLIMATE_CHANGE(1.0),I,A,ST_ANOM,VU,1896,-0.3,,CELSIUS,SE,0.1,N,
DATAFLOW,SPC:DF_CLIMATE_CHANGE(1.0),I,A,ST_ANOM,VU,1897,-0.2,,CELSIUS,SE,0.1,N,
DATAFLOW,SPC:DF_CLIMATE_CHANGE(1.0),I,A,ST_ANOM,VU,1898,-0.2,,CELSIUS,SE,0,N,
DATAFLOW,SPC:DF_CLIMATE_CHANGE(1.0),I,A,ST_ANOM,VU,1899,-0.4,,CELSIUS,SE,0.1,N,
DATAFLOW,SPC:DF_CLIMATE_CHANGE(1.0),I,A,ST_ANOM,VU,1900,-0.4,,CELSIUS,SE,0.1,N,
DATAFLOW,SPC:DF_CLIMATE_CHANGE(1.0),I,A,ST_ANOM,VU,1901,-0.7,,CELSIUS,SE,0.1,N,
DATAFLOW,SPC:DF_CLIMATE_CHANGE(1.0),I,A,ST_ANOM,VU,1902,-1,,CELSIUS,SE,0.1,N,
DATAFLOW,SPC:DF_CLIMATE_CHANGE(1.0),I,A,ST_ANOM,VU,1903,-0.9,,CELSIUS,SE,0.1,N,
DATAFLOW,SPC:DF_CLIMATE_CHANGE(1.0),I,A,ST_ANOM,VU,1904,-0.7,,CELSIUS,SE,0.1,N,
DATAFLOW,SPC:DF_CLIMATE_CHANGE(1.0),I,A,ST_ANOM,VU,1905,-1.1,,CELSIUS,SE,0.1,N,
DATAFLOW,SPC:DF_CLIMATE_CHANGE(1.0),I,A,ST_ANOM,VU,1906,-0.8,,CELSIUS,SE,0.1,N,
DATAFLOW,SPC:DF_CLIMATE_CHANGE(1.0),I,A,ST_ANOM,VU,1907,-0.4,,CELSIUS,SE,0.1,N,
DATAFLOW,SPC:DF_CLIMATE_CHANGE(1.0),I,A,ST_ANOM,VU,1908,-0.4,,CELSIUS,SE,0.1,N,
DATAFLOW,SPC:DF_CLIMATE_CHANGE(1.0),I,A,ST_ANOM,VU,1909,-0.4,,CELSIUS,SE,0.1,N,
DATAFLOW,SPC:DF_CLIMATE_CHANGE(1.0),I,A,ST_ANOM,VU,1910,-0.2,,CELSIUS,SE,0,N,
DATAFLOW,SPC:DF_CLIMATE_CHANGE(1.0),I,A,ST_ANOM,VU,1911,-0.6,,CELSIUS,SE,0.1,N,
DATAFLOW,SPC:DF_CLIMATE_CHANGE(1.0),I,A,ST_ANOM,VU,1912,-0.7,,CELSIUS,SE,0,N,
DATAFLOW,SPC:DF_CLIMATE_CHANGE(1.0),I,A,ST_ANOM,VU,1913,-0.9,,CELSIUS,SE,0,N,
DATAFLOW,SPC:DF_CLIMATE_CHANGE(1.0),I,A,ST_ANOM,VU,1914,-0.9,,CELSIUS,SE,0.1,N,
DATAFLOW,SPC:DF_CLIMATE_CHANGE(1.0),I,A,ST_ANOM,VU,1915,-0.5,,CELSIUS,SE,0.1,N,
DATAFLOW,SPC:DF_CLIMATE_CHANGE(1.0),I,A,ST_ANOM,VU,1916,0,,CELSIUS,SE,0.1,N,
DATAFLOW,SPC:DF_CLIMATE_CHANGE(1.0),I,A,ST_ANOM,VU,1917,-0.2,,CELSIUS,SE,0.1,N,
DATAFLOW,SPC:DF_CLIMATE_CHANGE(1.0),I,A,ST_ANOM,VU,1918,-0.6,,CELSIUS,SE,0.1,N,
DATAFLOW,SPC:DF_CLIMATE_CHANGE(1.0),I,A,ST_ANOM,VU,1919,-0.9,,CELSIUS,SE,0.1,N,
DATAFLOW,SPC:DF_CLIMATE_CHANGE(1.0),I,A,ST_ANOM,VU,1920,-0.6,,CELSIUS,SE,0.1,N,
DATAFLOW,SPC:DF_CLIMATE_CHANGE(1.0),I,A,ST_ANOM,VU,1921,-0.5,,CELSIUS,SE,0.1,N,
DATAFLOW,SPC:DF_CLIMATE_CHANGE(1.0),I,A,ST_ANOM,VU,1922,-0.4,,CELSIUS,SE,0,N,
DATAFLOW,SPC:DF_CLIMATE_CHANGE(1.0),I,A,ST_ANOM,VU,1923,-0.6,,CELSIUS,SE,0,N,
DATAFLOW,SPC:DF_CLIMATE_CHANGE(1.0),I,A,ST_ANOM,VU,1924,-0.1,,CELSIUS,SE,0.1,N,
DATAFLOW,SPC:DF_CLIMATE_CHANGE(1.0),I,A,ST_ANOM,VU,1925,-0.6,,CELSIUS,SE,0.1,N,
DATAFLOW,SPC:DF_CLIMATE_CHANGE(1.0),I,A,ST_ANOM,VU,1926,-0.6,,CELSIUS,SE,0.1,N,
DATAFLOW,SPC:DF_CLIMATE_CHANGE(1.0),I,A,ST_ANOM,VU,1927,-0.4,,CELSIUS,SE,0,N,
DATAFLOW,SPC:DF_CLIMATE_CHANGE(1.0),I,A,ST_ANOM,VU,1928,-0.5,,CELSIUS,SE,0,N,
DATAFLOW,SPC:DF_CLIMATE_CHANGE(1.0),I,A,ST_ANOM,VU,1929,-0.6,,CELSIUS,SE,0,N,
DATAFLOW,SPC:DF_CLIMATE_CHANGE(1.0),I,A,ST_ANOM,VU,1930,-0.9,,CELSIUS,SE,0.1,N,
DATAFLOW,SPC:DF_CLIMATE_CHANGE(1.0),I,A,ST_ANOM,VU,1931,-0.7,,CELSIUS,SE,0.1,N,
DATAFLOW,SPC:DF_CLIMATE_CHANGE(1.0),I,A,ST_ANOM,VU,1932,-0.7,,CELSIUS,SE,0,N,
DATAFLOW,SPC:DF_CLIMATE_CHANGE(1.0),I,A,ST_ANOM,VU,1933,-0.3,,CELSIUS,SE,0.1,N,
DATAFLOW,SPC:DF_CLIMATE_CHANGE(1.0),I,A,ST_ANOM,VU,1934,-0.7,,CELSIUS,SE,0.1,N,
DATAFLOW,SPC:DF_CLIMATE_CHANGE(1.0),I,A,ST_ANOM,VU,1935,-0.4,,CELSIUS,SE,0.1,N,
DATAFLOW,SPC:DF_CLIMATE_CHANGE(1.0),I,A,ST_ANOM,VU,1936,-0.4,,CELSIUS,SE,0.1,N,
DATAFLOW,SPC:DF_CLIMATE_CHANGE(1.0),I,A,ST_ANOM,VU,1937,-0.4,,CELSIUS,SE,0.1,N,
DATAFLOW,SPC:DF_CLIMATE_CHANGE(1.0),I,A,ST_ANOM,VU,1938,-0.1,,CELSIUS,SE,0.1,N,
DATAFLOW,SPC:DF_CLIMATE_CHANGE(1.0),I,A,ST_ANOM,VU,1939,-0.5,,CELSIUS,SE,0.1,N,
DATAFLOW,SPC:DF_CLIMATE_CHANGE(1.0),I,A,ST_ANOM,VU,1940,-0.8,,CELSIUS,SE,0.1,N,
DATAFLOW,SPC:DF_CLIMATE_CHANGE(1.0),I,A,ST_ANOM,VU,1941,-0.7,,CELSIUS,SE,0,N,
DATAFLOW,SPC:DF_CLIMATE_CHANGE(1.0),I,A,ST_ANOM,VU,1942,-0.4,,CELSIUS,SE,0.1,N,
DATAFLOW,SPC:DF_CLIMATE_CHANGE(1.0),I,A,ST_ANOM,VU,1943,0.3,,CELSIUS,SE,0.1,N,
DATAFLOW,SPC:DF_CLIMATE_CHANGE(1.0),I,A,ST_ANOM,VU,1944,0,,CELSIUS,SE,0.1,N,
DATAFLOW,SPC:DF_CLIMATE_CHANGE(1.0),I,A,ST_ANOM,VU,1945,0,,CELSIUS,SE,0,N,
DATAFLOW,SPC:DF_CLIMATE_CHANGE(1.0),I,A,ST_ANOM,VU,1946,-0.5,,CELSIUS,SE,0.1,N,
DATAFLOW,SPC:DF_CLIMATE_CHANGE(1.0),I,A,ST_ANOM,VU,1947,-0.4,,CELSIUS,SE,0.1,N,
DATAFLOW,SPC:DF_CLIMATE_CHANGE(1.0),I,A,ST_ANOM,VU,1948,-0.3,,CELSIUS,SE,0,N,
DATAFLOW,SPC:DF_CLIMATE_CHANGE(1.0),I,A,ST_ANOM,VU,1949,-0.4,,CELSIUS,SE,0,N,
DATAFLOW,SPC:DF_CLIMATE_CHANGE(1.0),I,A,ST_ANOM,VU,1950,-0.1,,CELSIUS,SE,0.1,N,
DATAFLOW,SPC:DF_CLIMATE_CHANGE(1.0),I,A,ST_ANOM,VU,1951,-0.3,,CELSIUS,SE,0.1,N,
DATAFLOW,SPC:DF_CLIMATE_CHANGE(1.0),I,A,ST_ANOM,VU,1952,-0.2,,CELSIUS,SE,0,N,
DATAFLOW,SPC:DF_CLIMATE_CHANGE(1.0),I,A,ST_ANOM,VU,1953,-0.3,,CELSIUS,SE,0.1,N,
DATAFLOW,SPC:DF_CLIMATE_CHANGE(1.0),I,A,ST_ANOM,VU,1954,-0.4,,CELSIUS,SE,0,N,
DATAFLOW,SPC:DF_CLIMATE_CHANGE(1.0),I,A,ST_ANOM,VU,1955,-0.2,,CELSIUS,SE,0.1,N,
DATAFLOW,SPC:DF_CLIMATE_CHANGE(1.0),I,A,ST_ANOM,VU,1956,0.2,,CELSIUS,SE,0.1,N,
DATAFLOW,SPC:DF_CLIMATE_CHANGE(1.0),I,A,ST_ANOM,VU,1957,-0.4,,CELSIUS,SE,0.1,N,
DATAFLOW,SPC:DF_CLIMATE_CHANGE(1.0),I,A,ST_ANOM,VU,1958,-0.4,,CELSIUS,SE,0.1,N,
DATAFLOW,SPC:DF_CLIMATE_CHANGE(1.0),I,A,ST_ANOM,VU,1959,-0.4,,CELSIUS,SE,0.1,N,
DATAFLOW,SPC:DF_CLIMATE_CHANGE(1.0),I,A,ST_ANOM,VU,1960,-0.2,,CELSIUS,SE,0.1,N,
DATAFLOW,SPC:DF_CLIMATE_CHANGE(1.0),I,A,ST_ANOM,VU,1961,-0.2,,CELSIUS,SE,0,N,
DATAFLOW,SPC:DF_CLIMATE_CHANGE(1.0),I,A,ST_ANOM,VU,1962,0,,CELSIUS,SE,0,N,
DATAFLOW,SPC:DF_CLIMATE_CHANGE(1.0),I,A,ST_ANOM,VU,1963,-0.3,,CELSIUS,SE,0.1,N,
DATAFLOW,SPC:DF_CLIMATE_CHANGE(1.0),I,A,ST_ANOM,VU,1964,-0.2,,CELSIUS,SE,0.1,N,
DATAFLOW,SPC:DF_CLIMATE_CHANGE(1.0),I,A,ST_ANOM,VU,1965,-0.8,,CELSIUS,SE,0.1,N,
DATAFLOW,SPC:DF_CLIMATE_CHANGE(1.0),I,A,ST_ANOM,VU,1966,-0.7,,CELSIUS,SE,0.1,N,
DATAFLOW,SPC:DF_CLIMATE_CHANGE(1.0),I,A,ST_ANOM,VU,1967,-0.3,,CELSIUS,SE,0.1,N,
DATAFLOW,SPC:DF_CLIMATE_CHANGE(1.0),I,A,ST_ANOM,VU,1968,-0.2,,CELSIUS,SE,0.1,N,
DATAFLOW,SPC:DF_CLIMATE_CHANGE(1.0),I,A,ST_ANOM,VU,1969,-0.3,,CELSIUS,SE,0.1,N,
DATAFLOW,SPC:DF_CLIMATE_CHANGE(1.0),I,A,ST_ANOM,VU,1970,0.1,,CELSIUS,SE,0,N,
DATAFLOW,SPC:DF_CLIMATE_CHANGE(1.0),I,A,ST_ANOM,VU,1971,0.2,,CELSIUS,SE,0.1,N,
DATAFLOW,SPC:DF_CLIMATE_CHANGE(1.0),I,A,ST_ANOM,VU,1972,-0.3,,CELSIUS,SE,0.1,N,
DATAFLOW,SPC:DF_CLIMATE_CHANGE(1.0),I,A,ST_ANOM,VU,1973,0.2,,CELSIUS,SE,0.1,N,
DATAFLOW,SPC:DF_CLIMATE_CHANGE(1.0),I,A,ST_ANOM,VU,1974,0.3,,CELSIUS,SE,0.1,N,
DATAFLOW,SPC:DF_CLIMATE_CHANGE(1.0),I,A,ST_ANOM,VU,1975,0.2,,CELSIUS,SE,0.1,N,
DATAFLOW,SPC:DF_CLIMATE_CHANGE(1.0),I,A,ST_ANOM,VU,1976,0,,CELSIUS,SE,0,N,
DATAFLOW,SPC:DF_CLIMATE_CHANGE(1.0),I,A,ST_ANOM,VU,1977,-0.4,,CELSIUS,SE,0.1,N,
DATAFLOW,SPC:DF_CLIMATE_CHANGE(1.0),I,A,ST_ANOM,VU,1978,-0.3,,CELSIUS,SE,0.1,N,
DATAFLOW,SPC:DF_CLIMATE_CHANGE(1.0),I,A,ST_ANOM,VU,1979,-0.1,,CELSIUS,SE,0.1,N,
DATAFLOW,SPC:DF_CLIMATE_CHANGE(1.0),I,A,ST_ANOM,VU,1980,-0.2,,CELSIUS,SE,0.1,N,
DATAFLOW,SPC:DF_CLIMATE_CHANGE(1.0),I,A,ST_ANOM,VU,1981,0,,CELSIUS,SE,0.1,N,
DATAFLOW,SPC:DF_CLIMATE_CHANGE(1.0),I,A,ST_ANOM,VU,1982,-0.4,,CELSIUS,SE,0.1,N,
DATAFLOW,SPC:DF_CLIMATE_CHANGE(1.0),I,A,ST_ANOM,VU,1983,-0.3,,CELSIUS,SE,0.1,N,
DATAFLOW,SPC:DF_CLIMATE_CHANGE(1.0),I,A,ST_ANOM,VU,1984,0.1,,CELSIUS,SE,0.1,N,
DATAFLOW,SPC:DF_CLIMATE_CHANGE(1.0),I,A,ST_ANOM,VU,1985,0.1,,CELSIUS,SE,0.1,N,
DATAFLOW,SPC:DF_CLIMATE_CHANGE(1.0),I,A,ST_ANOM,VU,1986,-0.2,,CELSIUS,SE,0.1,N,
DATAFLOW,SPC:DF_CLIMATE_CHANGE(1.0),I,A,ST_ANOM,VU,1987,-0.4,,CELSIUS,SE,0.1,N,
DATAFLOW,SPC:DF_CLIMATE_CHANGE(1.0),I,A,ST_ANOM,VU,1988,0.4,,CELSIUS,SE,0.1,N,
DATAFLOW,SPC:DF_CLIMATE_CHANGE(1.0),I,A,ST_ANOM,VU,1989,0.2,,CELSIUS,SE,0.1,N,
DATAFLOW,SPC:DF_CLIMATE_CHANGE(1.0),I,A,ST_ANOM,VU,1990,0.2,,CELSIUS,SE,0,N,
DATAFLOW,SPC:DF_CLIMATE_CHANGE(1.0),I,A,ST_ANOM,VU,1991,-0.3,,CELSIUS,SE,0.1,N,
DATAFLOW,SPC:DF_CLIMATE_CHANGE(1.0),I,A,ST_ANOM,VU,1992,-0.4,,CELSIUS,SE,0.1,N,
DATAFLOW,SPC:DF_CLIMATE_CHANGE(1.0),I,A,ST_ANOM,VU,1993,-0.7,,CELSIUS,SE,0.1,N,
DATAFLOW,SPC:DF_CLIMATE_CHANGE(1.0),I,A,ST_ANOM,VU,1994,-0.5,,CELSIUS,SE,0.1,N,
DATAFLOW,SPC:DF_CLIMATE_CHANGE(1.0),I,A,ST_ANOM,VU,1995,0.1,,CELSIUS,SE,0.1,N,
DATAFLOW,SPC:DF_CLIMATE_CHANGE(1.0),I,A,ST_ANOM,VU,1996,0.2,,CELSIUS,SE,0.1,N,
DATAFLOW,SPC:DF_CLIMATE_CHANGE(1.0),I,A,ST_ANOM,VU,1997,-0.2,,CELSIUS,SE,0.1,N,
DATAFLOW,SPC:DF_CLIMATE_CHANGE(1.0),I,A,ST_ANOM,VU,1998,0.5,,CELSIUS,SE,0.1,N,
DATAFLOW,SPC:DF_CLIMATE_CHANGE(1.0),I,A,ST_ANOM,VU,1999,0.4,,CELSIUS,SE,0.1,N,
DATAFLOW,SPC:DF_CLIMATE_CHANGE(1.0),I,A,ST_ANOM,VU,2000,0.3,,CELSIUS,SE,0,N,
DATAFLOW,SPC:DF_CLIMATE_CHANGE(1.0),I,A,ST_ANOM,VU,2001,0.4,,CELSIUS,SE,0.1,N,
DATAFLOW,SPC:DF_CLIMATE_CHANGE(1.0),I,A,ST_ANOM,VU,2002,0.2,,CELSIUS,SE,0.1,N,
DATAFLOW,SPC:DF_CLIMATE_CHANGE(1.0),I,A,ST_ANOM,VU,2003,0.2,,CELSIUS,SE,0.1,N,
DATAFLOW,SPC:DF_CLIMATE_CHANGE(1.0),I,A,ST_ANOM,VU,2004,0,,CELSIUS,SE,0.1,N,
DATAFLOW,SPC:DF_CLIMATE_CHANGE(1.0),I,A,ST_ANOM,VU,2005,0.3,,CELSIUS,SE,0,N,
DATAFLOW,SPC:DF_CLIMATE_CHANGE(1.0),I,A,ST_ANOM,VU,2006,0.1,,CELSIUS,SE,0.1,N,
DATAFLOW,SPC:DF_CLIMATE_CHANGE(1.0),I,A,ST_ANOM,VU,2007,0.4,,CELSIUS,SE,0.1,N,
DATAFLOW,SPC:DF_CLIMATE_CHANGE(1.0),I,A,ST_ANOM,VU,2008,0.5,,CELSIUS,SE,0.1,N,
DATAFLOW,SPC:DF_CLIMATE_CHANGE(1.0),I,A,ST_ANOM,VU,2009,0.1,,CELSIUS,SE,0.1,N,
DATAFLOW,SPC:DF_CLIMATE_CHANGE(1.0),I,A,ST_ANOM,VU,2010,0.4,,CELSIUS,SE,0.1,N,
DATAFLOW,SPC:DF_CLIMATE_CHANGE(1.0),I,A,ST_ANOM,VU,2011,0.5,,CELSIUS,SE,0,N,
DATAFLOW,SPC:DF_CLIMATE_CHANGE(1.0),I,A,ST_ANOM,VU,2012,0.2,,CELSIUS,SE,0,N,
DATAFLOW,SPC:DF_CLIMATE_CHANGE(1.0),I,A,ST_ANOM,VU,2013,0.4,,CELSIUS,SE,0.1,N,
DATAFLOW,SPC:DF_CLIMATE_CHANGE(1.0),I,A,ST_ANOM,VU,2014,0.2,,CELSIUS,SE,0,N,
DATAFLOW,SPC:DF_CLIMATE_CHANGE(1.0),I,A,ST_ANOM,VU,2015,-0.1,,CELSIUS,SE,0.1,N,
DATAFLOW,SPC:DF_CLIMATE_CHANGE(1.0),I,A,ST_ANOM,VU,2016,0.6,,CELSIUS,SE,0.1,N,
DATAFLOW,SPC:DF_CLIMATE_CHANGE(1.0),I,A,ST_ANOM,VU,2017,0.5,,CELSIUS,SE,0.1,N,
DATAFLOW,SPC:DF_CLIMATE_CHANGE(1.0),I,A,ST_ANOM,VU,2018,0.4,,CELSIUS,SE,0,N,
DATAFLOW,SPC:DF_CLIMATE_CHANGE(1.0),I,A,ST_ANOM,VU,2019,0.2,,CELSIUS,SE,0.1,N,
DATAFLOW,SPC:DF_CLIMATE_CHANGE(1.0),I,A,ST_ANOM,VU,2020,0.5,,CELSIUS,SE,0.1,N,
DATAFLOW,SPC:DF_CLIMATE_CHANGE(1.0),I,A,ST_ANOM,VU,2021,0.6,,CELSIUS,SE,0.1,N,
DATAFLOW,SPC:DF_CLIMATE_CHANGE(1.0),I,A,ST_ANOM,VU,2022,1.2,,CELSIUS,SE,0.1,N,
DATAFLOW,SPC:DF_CLIMATE_CHANGE(1.0),I,A,ST_ANOM,VU,2023,0.5,,CELSIUS,SE,0.1,N,
DATAFLOW,SPC:DF_CLIMATE_CHANGE(1.0),I,A,ST_ANOM,VU,2024,0.7,,CELSIUS,SE,0,N,
DATAFLOW,SPC:DF_CLIMATE_CHANGE(1.0),I,A,ST_ANOM,VU,2025,0.9,,CELSIUS,SE,0.1,N,
DATAFLOW,SPC:DF_CLIMATE_CHANGE(1.0),I,A,ST_ANOM,TO,1850,-0.2,,CELSIUS,SE,0.1,N,
DATAFLOW,SPC:DF_CLIMATE_CHANGE(1.0),I,A,ST_ANOM,TO,1851,-0.3,,CELSIUS,SE,0,N,
DATAFLOW,SPC:DF_CLIMATE_CHANGE(1.0),I,A,ST_ANOM,TO,1852,-0.1,,CELSIUS,SE,0,N,
DATAFLOW,SPC:DF_CLIMATE_CHANGE(1.0),I,A,ST_ANOM,TO,1853,0.4,,CELSIUS,SE,0.1,N,
DATAFLOW,SPC:DF_CLIMATE_CHANGE(1.0),I,A,ST_ANOM,TO,1854,0.1,,CELSIUS,SE,0.1,N,
DATAFLOW,SPC:DF_CLIMATE_CHANGE(1.0),I,A,ST_ANOM,TO,1855,-0.2,,CELSIUS,SE,0.1,N,
DATAFLOW,SPC:DF_CLIMATE_CHANGE(1.0),I,A,ST_ANOM,TO,1856,-0.2,,CELSIUS,SE,0.1,N,
DATAFLOW,SPC:DF_CLIMATE_CHANGE(1.0),I,A,ST_ANOM,TO,1857,0,,CELSIUS,SE,0.1,N,
DATAFLOW,SPC:DF_CLIMATE_CHANGE(1.0),I,A,ST_ANOM,TO,1858,-0.1,,CELSIUS,SE,0,N,
DATAFLOW,SPC:DF_CLIMATE_CHANGE(1.0),I,A,ST_ANOM,TO,1859,0.2,,CELSIUS,SE,0.1,N,
DATAFLOW,SPC:DF_CLIMATE_CHANGE(1.0),I,A,ST_ANOM,TO,1860,0.1,,CELSIUS,SE,0,N,
DATAFLOW,SPC:DF_CLIMATE_CHANGE(1.0),I,A,ST_ANOM,TO,1861,0,,CELSIUS,SE,0.1,N,
DATAFLOW,SPC:DF_CLIMATE_CHANGE(1.0),I,A,ST_ANOM,TO,1862,-0.1,,CELSIUS,SE,0,N,
DATAFLOW,SPC:DF_CLIMATE_CHANGE(1.0),I,A,ST_ANOM,TO,1863,0,,CELSIUS,SE,0,N,
DATAFLOW,SPC:DF_CLIMATE_CHANGE(1.0),I,A,ST_ANOM,TO,1864,0.1,,CELSIUS,SE,0.1,N,
DATAFLOW,SPC:DF_CLIMATE_CHANGE(1.0),I,A,ST_ANOM,TO,1865,0,,CELSIUS,SE,0,N,
DATAFLOW,SPC:DF_CLIMATE_CHANGE(1.0),I,A,ST_ANOM,TO,1866,0,,CELSIUS,SE,0,N,
DATAFLOW,SPC:DF_CLIMATE_CHANGE(1.0),I,A,ST_ANOM,TO,1867,0.2,,CELSIUS,SE,0.1,N,
DATAFLOW,SPC:DF_CLIMATE_CHANGE(1.0),I,A,ST_ANOM,TO,1868,0.1,,CELSIUS,SE,0.1,N,
DATAFLOW,SPC:DF_CLIMATE_CHANGE(1.0),I,A,ST_ANOM,TO,1869,0.1,,CELSIUS,SE,0.2,N,
DATAFLOW,SPC:DF_CLIMATE_CHANGE(1.0),I,A,ST_ANOM,TO,1870,0.2,,CELSIUS,SE,0.1,N,
DATAFLOW,SPC:DF_CLIMATE_CHANGE(1.0),I,A,ST_ANOM,TO,1871,0.4,,CELSIUS,SE,0.1,N,
DATAFLOW,SPC:DF_CLIMATE_CHANGE(1.0),I,A,ST_ANOM,TO,1872,0.3,,CELSIUS,SE,0.1,N,
DATAFLOW,SPC:DF_CLIMATE_CHANGE(1.0),I,A,ST_ANOM,TO,1873,0,,CELSIUS,SE,0.1,N,
DATAFLOW,SPC:DF_CLIMATE_CHANGE(1.0),I,A,ST_ANOM,TO,1874,0.3,,CELSIUS,SE,0.2,N,
DATAFLOW,SPC:DF_CLIMATE_CHANGE(1.0),I,A,ST_ANOM,TO,1875,0.2,,CELSIUS,SE,0.1,N,
DATAFLOW,SPC:DF_CLIMATE_CHANGE(1.0),I,A,ST_ANOM,TO,1876,0.2,,CELSIUS,SE,0.1,N,
DATAFLOW,SPC:DF_CLIMATE_CHANGE(1.0),I,A,ST_ANOM,TO,1877,-0.4,,CELSIUS,SE,0.1,N,
DATAFLOW,SPC:DF_CLIMATE_CHANGE(1.0),I,A,ST_ANOM,TO,1878,-0.2,,CELSIUS,SE,0.1,N,
DATAFLOW,SPC:DF_CLIMATE_CHANGE(1.0),I,A,ST_ANOM,TO,1879,0.3,,CELSIUS,SE,0.1,N,
DATAFLOW,SPC:DF_CLIMATE_CHANGE(1.0),I,A,ST_ANOM,TO,1880,0.1,,CELSIUS,SE,0.1,N,
DATAFLOW,SPC:DF_CLIMATE_CHANGE(1.0),I,A,ST_ANOM,TO,1881,0,,CELSIUS,SE,0.1,N,
DATAFLOW,SPC:DF_CLIMATE_CHANGE(1.0),I,A,ST_ANOM,TO,1882,0.1,,CELSIUS,SE,0.1,N,
DATAFLOW,SPC:DF_CLIMATE_CHANGE(1.0),I,A,ST_ANOM,TO,1883,-0.5,,CELSIUS,SE,0.1,N,
DATAFLOW,SPC:DF_CLIMATE_CHANGE(1.0),I,A,ST_ANOM,TO,1884,-0.7,,CELSIUS,SE,0.2,N,
DATAFLOW,SPC:DF_CLIMATE_CHANGE(1.0),I,A,ST_ANOM,TO,1885,-1,,CELSIUS,SE,0.1,N,
DATAFLOW,SPC:DF_CLIMATE_CHANGE(1.0),I,A,ST_ANOM,TO,1886,-0.6,,CELSIUS,SE,0.1,N,
DATAFLOW,SPC:DF_CLIMATE_CHANGE(1.0),I,A,ST_ANOM,TO,1887,-0.4,,CELSIUS,SE,0.1,N,
DATAFLOW,SPC:DF_CLIMATE_CHANGE(1.0),I,A,ST_ANOM,TO,1888,-0.7,,CELSIUS,SE,0.1,N,
DATAFLOW,SPC:DF_CLIMATE_CHANGE(1.0),I,A,ST_ANOM,TO,1889,-0.2,,CELSIUS,SE,0.1,N,
DATAFLOW,SPC:DF_CLIMATE_CHANGE(1.0),I,A,ST_ANOM,TO,1890,-0.2,,CELSIUS,SE,0.1,N,
DATAFLOW,SPC:DF_CLIMATE_CHANGE(1.0),I,A,ST_ANOM,TO,1891,-0.4,,CELSIUS,SE,0.1,N,
DATAFLOW,SPC:DF_CLIMATE_CHANGE(1.0),I,A,ST_ANOM,TO,1892,-0.3,,CELSIUS,SE,0.1,N,
DATAFLOW,SPC:DF_CLIMATE_CHANGE(1.0),I,A,ST_ANOM,TO,1893,-0.1,,CELSIUS,SE,0.1,N,
DATAFLOW,SPC:DF_CLIMATE_CHANGE(1.0),I,A,ST_ANOM,TO,1894,-0.3,,CELSIUS,SE,0,N,
DATAFLOW,SPC:DF_CLIMATE_CHANGE(1.0),I,A,ST_ANOM,TO,1895,-0.2,,CELSIUS,SE,0.1,N,
DATAFLOW,SPC:DF_CLIMATE_CHANGE(1.0),I,A,ST_ANOM,TO,1896,-0.6,,CELSIUS,SE,0.1,N,
DATAFLOW,SPC:DF_CLIMATE_CHANGE(1.0),I,A,ST_ANOM,TO,1897,-0.5,,CELSIUS,SE,0.1,N,
DATAFLOW,SPC:DF_CLIMATE_CHANGE(1.0),I,A,ST_ANOM,TO,1898,0,,CELSIUS,SE,0.1,N,
DATAFLOW,SPC:DF_CLIMATE_CHANGE(1.0),I,A,ST_ANOM,TO,1899,-0.1,,CELSIUS,SE,0.1,N,
DATAFLOW,SPC:DF_CLIMATE_CHANGE(1.0),I,A,ST_ANOM,TO,1900,-0.6,,CELSIUS,SE,0.2,N,
DATAFLOW,SPC:DF_CLIMATE_CHANGE(1.0),I,A,ST_ANOM,TO,1901,0,,CELSIUS,SE,0.1,N,
DATAFLOW,SPC:DF_CLIMATE_CHANGE(1.0),I,A,ST_ANOM,TO,1902,-0.9,,CELSIUS,SE,0.1,N,
DATAFLOW,SPC:DF_CLIMATE_CHANGE(1.0),I,A,ST_ANOM,TO,1903,-0.6,,CELSIUS,SE,0,N,
DATAFLOW,SPC:DF_CLIMATE_CHANGE(1.0),I,A,ST_ANOM,TO,1904,-0.6,,CELSIUS,SE,0.1,N,
DATAFLOW,SPC:DF_CLIMATE_CHANGE(1.0),I,A,ST_ANOM,TO,1905,-1,,CELSIUS,SE,0.1,N,
DATAFLOW,SPC:DF_CLIMATE_CHANGE(1.0),I,A,ST_ANOM,TO,1906,-0.3,,CELSIUS,SE,0.1,N,
DATAFLOW,SPC:DF_CLIMATE_CHANGE(1.0),I,A,ST_ANOM,TO,1907,-0.6,,CELSIUS,SE,0.1,N,
DATAFLOW,SPC:DF_CLIMATE_CHANGE(1.0),I,A,ST_ANOM,TO,1908,-0.6,,CELSIUS,SE,0.1,N,
DATAFLOW,SPC:DF_CLIMATE_CHANGE(1.0),I,A,ST_ANOM,TO,1909,-0.5,,CELSIUS,SE,0.1,N,
DATAFLOW,SPC:DF_CLIMATE_CHANGE(1.0),I,A,ST_ANOM,TO,1910,-0.3,,CELSIUS,SE,0.1,N,
DATAFLOW,SPC:DF_CLIMATE_CHANGE(1.0),I,A,ST_ANOM,TO,1911,-0.5,,CELSIUS,SE,0.1,N,
DATAFLOW,SPC:DF_CLIMATE_CHANGE(1.0),I,A,ST_ANOM,TO,1912,-0.6,,CELSIUS,SE,0.1,N,
DATAFLOW,SPC:DF_CLIMATE_CHANGE(1.0),I,A,ST_ANOM,TO,1913,-0.7,,CELSIUS,SE,0.1,N,
DATAFLOW,SPC:DF_CLIMATE_CHANGE(1.0),I,A,ST_ANOM,TO,1914,-0.5,,CELSIUS,SE,0.1,N,
DATAFLOW,SPC:DF_CLIMATE_CHANGE(1.0),I,A,ST_ANOM,TO,1915,-0.2,,CELSIUS,SE,0.1,N,
DATAFLOW,SPC:DF_CLIMATE_CHANGE(1.0),I,A,ST_ANOM,TO,1916,0.2,,CELSIUS,SE,0.1,N,
DATAFLOW,SPC:DF_CLIMATE_CHANGE(1.0),I,A,ST_ANOM,TO,1917,0,,CELSIUS,SE,0.1,N,
DATAFLOW,SPC:DF_CLIMATE_CHANGE(1.0),I,A,ST_ANOM,TO,1918,-0.4,,CELSIUS,SE,0,N,
DATAFLOW,SPC:DF_CLIMATE_CHANGE(1.0),I,A,ST_ANOM,TO,1919,-0.9,,CELSIUS,SE,0.1,N,
DATAFLOW,SPC:DF_CLIMATE_CHANGE(1.0),I,A,ST_ANOM,TO,1920,-0.5,,CELSIUS,SE,0.1,N,
DATAFLOW,SPC:DF_CLIMATE_CHANGE(1.0),I,A,ST_ANOM,TO,1921,-0.6,,CELSIUS,SE,0.1,N,
DATAFLOW,SPC:DF_CLIMATE_CHANGE(1.0),I,A,ST_ANOM,TO,1922,-0.2,,CELSIUS,SE,0,N,
DATAFLOW,SPC:DF_CLIMATE_CHANGE(1.0),I,A,ST_ANOM,TO,1923,-0.5,,CELSIUS,SE,0.1,N,
DATAFLOW,SPC:DF_CLIMATE_CHANGE(1.0),I,A,ST_ANOM,TO,1924,-0.1,,CELSIUS,SE,0.1,N,
DATAFLOW,SPC:DF_CLIMATE_CHANGE(1.0),I,A,ST_ANOM,TO,1925,-0.4,,CELSIUS,SE,0.1,N,
DATAFLOW,SPC:DF_CLIMATE_CHANGE(1.0),I,A,ST_ANOM,TO,1926,-0.6,,CELSIUS,SE,0.1,N,
DATAFLOW,SPC:DF_CLIMATE_CHANGE(1.0),I,A,ST_ANOM,TO,1927,-0.2,,CELSIUS,SE,0.1,N,
DATAFLOW,SPC:DF_CLIMATE_CHANGE(1.0),I,A,ST_ANOM,TO,1928,-0.5,,CELSIUS,SE,0.1,N,
DATAFLOW,SPC:DF_CLIMATE_CHANGE(1.0),I,A,ST_ANOM,TO,1929,-0.4,,CELSIUS,SE,0,N,
DATAFLOW,SPC:DF_CLIMATE_CHANGE(1.0),I,A,ST_ANOM,TO,1930,-0.8,,CELSIUS,SE,0.1,N,
DATAFLOW,SPC:DF_CLIMATE_CHANGE(1.0),I,A,ST_ANOM,TO,1931,-0.7,,CELSIUS,SE,0.1,N,
DATAFLOW,SPC:DF_CLIMATE_CHANGE(1.0),I,A,ST_ANOM,TO,1932,-0.3,,CELSIUS,SE,0,N,
DATAFLOW,SPC:DF_CLIMATE_CHANGE(1.0),I,A,ST_ANOM,TO,1933,-0.4,,CELSIUS,SE,0.1,N,
DATAFLOW,SPC:DF_CLIMATE_CHANGE(1.0),I,A,ST_ANOM,TO,1934,-0.5,,CELSIUS,SE,0.1,N,
DATAFLOW,SPC:DF_CLIMATE_CHANGE(1.0),I,A,ST_ANOM,TO,1935,-0.3,,CELSIUS,SE,0.1,N,
DATAFLOW,SPC:DF_CLIMATE_CHANGE(1.0),I,A,ST_ANOM,TO,1936,-0.2,,CELSIUS,SE,0.1,N,
DATAFLOW,SPC:DF_CLIMATE_CHANGE(1.0),I,A,ST_ANOM,TO,1937,-0.2,,CELSIUS,SE,0.1,N,
DATAFLOW,SPC:DF_CLIMATE_CHANGE(1.0),I,A,ST_ANOM,TO,1938,-0.2,,CELSIUS,SE,0.1,N,
DATAFLOW,SPC:DF_CLIMATE_CHANGE(1.0),I,A,ST_ANOM,TO,1939,-0.5,,CELSIUS,SE,0.1,N,
DATAFLOW,SPC:DF_CLIMATE_CHANGE(1.0),I,A,ST_ANOM,TO,1940,-0.6,,CELSIUS,SE,0.1,N,
DATAFLOW,SPC:DF_CLIMATE_CHANGE(1.0),I,A,ST_ANOM,TO,1941,-0.4,,CELSIUS,SE,0.1,N,
DATAFLOW,SPC:DF_CLIMATE_CHANGE(1.0),I,A,ST_ANOM,TO,1942,-0.1,,CELSIUS,SE,0.1,N,
DATAFLOW,SPC:DF_CLIMATE_CHANGE(1.0),I,A,ST_ANOM,TO,1943,0.3,,CELSIUS,SE,0.1,N,
DATAFLOW,SPC:DF_CLIMATE_CHANGE(1.0),I,A,ST_ANOM,TO,1944,0.3,,CELSIUS,SE,0.1,N,
DATAFLOW,SPC:DF_CLIMATE_CHANGE(1.0),I,A,ST_ANOM,TO,1945,0.1,,CELSIUS,SE,0.1,N,
DATAFLOW,SPC:DF_CLIMATE_CHANGE(1.0),I,A,ST_ANOM,TO,1946,0,,CELSIUS,SE,0.1,N,
DATAFLOW,SPC:DF_CLIMATE_CHANGE(1.0),I,A,ST_ANOM,TO,1947,0,,CELSIUS,SE,0.1,N,
DATAFLOW,SPC:DF_CLIMATE_CHANGE(1.0),I,A,ST_ANOM,TO,1948,-0.2,,CELSIUS,SE,0.1,N,
DATAFLOW,SPC:DF_CLIMATE_CHANGE(1.0),I,A,ST_ANOM,TO,1949,-0.1,,CELSIUS,SE,0.1,N,
DATAFLOW,SPC:DF_CLIMATE_CHANGE(1.0),I,A,ST_ANOM,TO,1950,0.1,,CELSIUS,SE,0.1,N,
DATAFLOW,SPC:DF_CLIMATE_CHANGE(1.0),I,A,ST_ANOM,TO,1951,-0.1,,CELSIUS,SE,0.1,N,
DATAFLOW,SPC:DF_CLIMATE_CHANGE(1.0),I,A,ST_ANOM,TO,1952,0.3,,CELSIUS,SE,0.1,N,
DATAFLOW,SPC:DF_CLIMATE_CHANGE(1.0),I,A,ST_ANOM,TO,1953,0.1,,CELSIUS,SE,0.1,N,
DATAFLOW,SPC:DF_CLIMATE_CHANGE(1.0),I,A,ST_ANOM,TO,1954,-0.1,,CELSIUS,SE,0.1,N,
DATAFLOW,SPC:DF_CLIMATE_CHANGE(1.0),I,A,ST_ANOM,TO,1955,0,,CELSIUS,SE,0.1,N,
DATAFLOW,SPC:DF_CLIMATE_CHANGE(1.0),I,A,ST_ANOM,TO,1956,0.1,,CELSIUS,SE,0.1,N,
DATAFLOW,SPC:DF_CLIMATE_CHANGE(1.0),I,A,ST_ANOM,TO,1957,-0.2,,CELSIUS,SE,0.1,N,
DATAFLOW,SPC:DF_CLIMATE_CHANGE(1.0),I,A,ST_ANOM,TO,1958,-0.3,,CELSIUS,SE,0.1,N,
DATAFLOW,SPC:DF_CLIMATE_CHANGE(1.0),I,A,ST_ANOM,TO,1959,-0.1,,CELSIUS,SE,0.1,N,
DATAFLOW,SPC:DF_CLIMATE_CHANGE(1.0),I,A,ST_ANOM,TO,1960,0,,CELSIUS,SE,0.1,N,
DATAFLOW,SPC:DF_CLIMATE_CHANGE(1.0),I,A,ST_ANOM,TO,1961,0.1,,CELSIUS,SE,0.1,N,
DATAFLOW,SPC:DF_CLIMATE_CHANGE(1.0),I,A,ST_ANOM,TO,1962,-0.1,,CELSIUS,SE,0.1,N,
DATAFLOW,SPC:DF_CLIMATE_CHANGE(1.0),I,A,ST_ANOM,TO,1963,-0.2,,CELSIUS,SE,0.1,N,
DATAFLOW,SPC:DF_CLIMATE_CHANGE(1.0),I,A,ST_ANOM,TO,1964,0,,CELSIUS,SE,0.1,N,
DATAFLOW,SPC:DF_CLIMATE_CHANGE(1.0),I,A,ST_ANOM,TO,1965,-0.4,,CELSIUS,SE,0,N,
DATAFLOW,SPC:DF_CLIMATE_CHANGE(1.0),I,A,ST_ANOM,TO,1966,-0.3,,CELSIUS,SE,0.1,N,
DATAFLOW,SPC:DF_CLIMATE_CHANGE(1.0),I,A,ST_ANOM,TO,1967,-0.2,,CELSIUS,SE,0.1,N,
DATAFLOW,SPC:DF_CLIMATE_CHANGE(1.0),I,A,ST_ANOM,TO,1968,0.1,,CELSIUS,SE,0.1,N,
DATAFLOW,SPC:DF_CLIMATE_CHANGE(1.0),I,A,ST_ANOM,TO,1969,-0.2,,CELSIUS,SE,0.1,N,
DATAFLOW,SPC:DF_CLIMATE_CHANGE(1.0),I,A,ST_ANOM,TO,1970,0.2,,CELSIUS,SE,0.1,N,
DATAFLOW,SPC:DF_CLIMATE_CHANGE(1.0),I,A,ST_ANOM,TO,1971,0.2,,CELSIUS,SE,0.1,N,
DATAFLOW,SPC:DF_CLIMATE_CHANGE(1.0),I,A,ST_ANOM,TO,1972,-0.1,,CELSIUS,SE,0.1,N,
DATAFLOW,SPC:DF_CLIMATE_CHANGE(1.0),I,A,ST_ANOM,TO,1973,0.4,,CELSIUS,SE,0.1,N,
DATAFLOW,SPC:DF_CLIMATE_CHANGE(1.0),I,A,ST_ANOM,TO,1974,0.3,,CELSIUS,SE,0.1,N,
DATAFLOW,SPC:DF_CLIMATE_CHANGE(1.0),I,A,ST_ANOM,TO,1975,0.2,,CELSIUS,SE,0.1,N,
DATAFLOW,SPC:DF_CLIMATE_CHANGE(1.0),I,A,ST_ANOM,TO,1976,0,,CELSIUS,SE,0.1,N,
DATAFLOW,SPC:DF_CLIMATE_CHANGE(1.0),I,A,ST_ANOM,TO,1977,-0.4,,CELSIUS,SE,0.1,N,
DATAFLOW,SPC:DF_CLIMATE_CHANGE(1.0),I,A,ST_ANOM,TO,1978,-0.3,,CELSIUS,SE,0.1,N,
DATAFLOW,SPC:DF_CLIMATE_CHANGE(1.0),I,A,ST_ANOM,TO,1979,-0.2,,CELSIUS,SE,0.1,N,
DATAFLOW,SPC:DF_CLIMATE_CHANGE(1.0),I,A,ST_ANOM,TO,1980,0,,CELSIUS,SE,0.1,N,
DATAFLOW,SPC:DF_CLIMATE_CHANGE(1.0),I,A,ST_ANOM,TO,1981,-0.1,,CELSIUS,SE,0,N,
DATAFLOW,SPC:DF_CLIMATE_CHANGE(1.0),I,A,ST_ANOM,TO,1982,-0.2,,CELSIUS,SE,0.1,N,
DATAFLOW,SPC:DF_CLIMATE_CHANGE(1.0),I,A,ST_ANOM,TO,1983,-0.3,,CELSIUS,SE,0.1,N,
DATAFLOW,SPC:DF_CLIMATE_CHANGE(1.0),I,A,ST_ANOM,TO,1984,0.1,,CELSIUS,SE,0.1,N,
DATAFLOW,SPC:DF_CLIMATE_CHANGE(1.0),I,A,ST_ANOM,TO,1985,-0.1,,CELSIUS,SE,0.1,N,
DATAFLOW,SPC:DF_CLIMATE_CHANGE(1.0),I,A,ST_ANOM,TO,1986,-0.4,,CELSIUS,SE,0.1,N,
DATAFLOW,SPC:DF_CLIMATE_CHANGE(1.0),I,A,ST_ANOM,TO,1987,-0.5,,CELSIUS,SE,0.1,N,
DATAFLOW,SPC:DF_CLIMATE_CHANGE(1.0),I,A,ST_ANOM,TO,1988,0.4,,CELSIUS,SE,0.1,N,
DATAFLOW,SPC:DF_CLIMATE_CHANGE(1.0),I,A,ST_ANOM,TO,1989,0.1,,CELSIUS,SE,0.1,N,
DATAFLOW,SPC:DF_CLIMATE_CHANGE(1.0),I,A,ST_ANOM,TO,1990,0,,CELSIUS,SE,0.1,N,
DATAFLOW,SPC:DF_CLIMATE_CHANGE(1.0),I,A,ST_ANOM,TO,1991,0,,CELSIUS,SE,0.1,N,
DATAFLOW,SPC:DF_CLIMATE_CHANGE(1.0),I,A,ST_ANOM,TO,1992,0,,CELSIUS,SE,0.1,N,
DATAFLOW,SPC:DF_CLIMATE_CHANGE(1.0),I,A,ST_ANOM,TO,1993,-0.3,,CELSIUS,SE,0.1,N,
DATAFLOW,SPC:DF_CLIMATE_CHANGE(1.0),I,A,ST_ANOM,TO,1994,-0.3,,CELSIUS,SE,0.1,N,
DATAFLOW,SPC:DF_CLIMATE_CHANGE(1.0),I,A,ST_ANOM,TO,1995,0.2,,CELSIUS,SE,0.1,N,
DATAFLOW,SPC:DF_CLIMATE_CHANGE(1.0),I,A,ST_ANOM,TO,1996,0.3,,CELSIUS,SE,0.1,N,
DATAFLOW,SPC:DF_CLIMATE_CHANGE(1.0),I,A,ST_ANOM,TO,1997,-0.2,,CELSIUS,SE,0.2,N,
DATAFLOW,SPC:DF_CLIMATE_CHANGE(1.0),I,A,ST_ANOM,TO,1998,-0.1,,CELSIUS,SE,0.2,N,
DATAFLOW,SPC:DF_CLIMATE_CHANGE(1.0),I,A,ST_ANOM,TO,1999,0.4,,CELSIUS,SE,0,N,
DATAFLOW,SPC:DF_CLIMATE_CHANGE(1.0),I,A,ST_ANOM,TO,2000,0.5,,CELSIUS,SE,0.1,N,
DATAFLOW,SPC:DF_CLIMATE_CHANGE(1.0),I,A,ST_ANOM,TO,2001,0.2,,CELSIUS,SE,0.1,N,
DATAFLOW,SPC:DF_CLIMATE_CHANGE(1.0),I,A,ST_ANOM,TO,2002,0.3,,CELSIUS,SE,0.1,N,
DATAFLOW,SPC:DF_CLIMATE_CHANGE(1.0),I,A,ST_ANOM,TO,2003,0.3,,CELSIUS,SE,0.1,N,
DATAFLOW,SPC:DF_CLIMATE_CHANGE(1.0),I,A,ST_ANOM,TO,2004,0.4,,CELSIUS,SE,0.1,N,
DATAFLOW,SPC:DF_CLIMATE_CHANGE(1.0),I,A,ST_ANOM,TO,2005,0.4,,CELSIUS,SE,0.1,N,
DATAFLOW,SPC:DF_CLIMATE_CHANGE(1.0),I,A,ST_ANOM,TO,2006,0.4,,CELSIUS,SE,0.1,N,
DATAFLOW,SPC:DF_CLIMATE_CHANGE(1.0),I,A,ST_ANOM,TO,2007,0.4,,CELSIUS,SE,0.1,N,
DATAFLOW,SPC:DF_CLIMATE_CHANGE(1.0),I,A,ST_ANOM,TO,2008,0.5,,CELSIUS,SE,0.1,N,
DATAFLOW,SPC:DF_CLIMATE_CHANGE(1.0),I,A,ST_ANOM,TO,2009,0.3,,CELSIUS,SE,0.1,N,
DATAFLOW,SPC:DF_CLIMATE_CHANGE(1.0),I,A,ST_ANOM,TO,2010,0.6,,CELSIUS,SE,0.1,N,
DATAFLOW,SPC:DF_CLIMATE_CHANGE(1.0),I,A,ST_ANOM,TO,2011,0.7,,CELSIUS,SE,0.1,N,
DATAFLOW,SPC:DF_CLIMATE_CHANGE(1.0),I,A,ST_ANOM,TO,2012,0.4,,CELSIUS,SE,0.1,N,
DATAFLOW,SPC:DF_CLIMATE_CHANGE(1.0),I,A,ST_ANOM,TO,2013,0.6,,CELSIUS,SE,0.1,N,
DATAFLOW,SPC:DF_CLIMATE_CHANGE(1.0),I,A,ST_ANOM,TO,2014,0.5,,CELSIUS,SE,0.1,N,
DATAFLOW,SPC:DF_CLIMATE_CHANGE(1.0),I,A,ST_ANOM,TO,2015,-0.1,,CELSIUS,SE,0.1,N,
DATAFLOW,SPC:DF_CLIMATE_CHANGE(1.0),I,A,ST_ANOM,TO,2016,0.4,,CELSIUS,SE,0.2,N,
DATAFLOW,SPC:DF_CLIMATE_CHANGE(1.0),I,A,ST_ANOM,TO,2017,0.6,,CELSIUS,SE,0.1,N,
DATAFLOW,SPC:DF_CLIMATE_CHANGE(1.0),I,A,ST_ANOM,TO,2018,0.5,,CELSIUS,SE,0.1,N,
DATAFLOW,SPC:DF_CLIMATE_CHANGE(1.0),I,A,ST_ANOM,TO,2019,0.5,,CELSIUS,SE,0.1,N,
DATAFLOW,SPC:DF_CLIMATE_CHANGE(1.0),I,A,ST_ANOM,TO,2020,0.7,,CELSIUS,SE,0.1,N,
DATAFLOW,SPC:DF_CLIMATE_CHANGE(1.0),I,A,ST_ANOM,TO,2021,0.8,,CELSIUS,SE,0,N,
DATAFLOW,SPC:DF_CLIMATE_CHANGE(1.0),I,A,ST_ANOM,TO,2022,1.1,,CELSIUS,SE,0.1,N,
DATAFLOW,SPC:DF_CLIMATE_CHANGE(1.0),I,A,ST_ANOM,TO,2023,0.5,,CELSIUS,SE,0.1,N,
DATAFLOW,SPC:DF_CLIMATE_CHANGE(1.0),I,A,ST_ANOM,TO,2024,0.6,,CELSIUS,SE,0.1,N,
DATAFLOW,SPC:DF_CLIMATE_CHANGE(1.0),I,A,ST_ANOM,TO,2025,0.6,,CELSIUS,SE,0.1,N,
DATAFLOW,SPC:DF_CLIMATE_CHANGE(1.0),I,A,ST_ANOM,FM,1850,0,,CELSIUS,SE,0.1,N,
DATAFLOW,SPC:DF_CLIMATE_CHANGE(1.0),I,A,ST_ANOM,FM,1851,0.1,,CELSIUS,SE,0.1,N,
DATAFLOW,SPC:DF_CLIMATE_CHANGE(1.0),I,A,ST_ANOM,FM,1852,0,,CELSIUS,SE,0.1,N,
DATAFLOW,SPC:DF_CLIMATE_CHANGE(1.0),I,A,ST_ANOM,FM,1853,-0.1,,CELSIUS,SE,0.1,N,
DATAFLOW,SPC:DF_CLIMATE_CHANGE(1.0),I,A,ST_ANOM,FM,1854,-0.2,,CELSIUS,SE,0.1,N,
DATAFLOW,SPC:DF_CLIMATE_CHANGE(1.0),I,A,ST_ANOM,FM,1855,-0.4,,CELSIUS,SE,0.1,N,
DATAFLOW,SPC:DF_CLIMATE_CHANGE(1.0),I,A,ST_ANOM,FM,1856,-0.2,,CELSIUS,SE,0,N,
DATAFLOW,SPC:DF_CLIMATE_CHANGE(1.0),I,A,ST_ANOM,FM,1857,0,,CELSIUS,SE,0.1,N,
DATAFLOW,SPC:DF_CLIMATE_CHANGE(1.0),I,A,ST_ANOM,FM,1858,-0.5,,CELSIUS,SE,0.1,N,
DATAFLOW,SPC:DF_CLIMATE_CHANGE(1.0),I,A,ST_ANOM,FM,1859,0.1,,CELSIUS,SE,0,N,
DATAFLOW,SPC:DF_CLIMATE_CHANGE(1.0),I,A,ST_ANOM,FM,1860,-0.3,,CELSIUS,SE,0.1,N,
DATAFLOW,SPC:DF_CLIMATE_CHANGE(1.0),I,A,ST_ANOM,FM,1861,-0.8,,CELSIUS,SE,0.2,N,
DATAFLOW,SPC:DF_CLIMATE_CHANGE(1.0),I,A,ST_ANOM,FM,1862,-0.5,,CELSIUS,SE,0.1,N,
DATAFLOW,SPC:DF_CLIMATE_CHANGE(1.0),I,A,ST_ANOM,FM,1863,-0.2,,CELSIUS,SE,0.1,N,
DATAFLOW,SPC:DF_CLIMATE_CHANGE(1.0),I,A,ST_ANOM,FM,1864,-0.1,,CELSIUS,SE,0.1,N,
DATAFLOW,SPC:DF_CLIMATE_CHANGE(1.0),I,A,ST_ANOM,FM,1865,0,,CELSIUS,SE,0,N,
DATAFLOW,SPC:DF_CLIMATE_CHANGE(1.0),I,A,ST_ANOM,FM,1866,0,,CELSIUS,SE,0.1,N,
DATAFLOW,SPC:DF_CLIMATE_CHANGE(1.0),I,A,ST_ANOM,FM,1867,-0.2,,CELSIUS,SE,0.1,N,
DATAFLOW,SPC:DF_CLIMATE_CHANGE(1.0),I,A,ST_ANOM,FM,1868,-0.2,,CELSIUS,SE,0.1,N,
DATAFLOW,SPC:DF_CLIMATE_CHANGE(1.0),I,A,ST_ANOM,FM,1869,0.2,,CELSIUS,SE,0.1,N,
DATAFLOW,SPC:DF_CLIMATE_CHANGE(1.0),I,A,ST_ANOM,FM,1870,0,,CELSIUS,SE,0.1,N,
DATAFLOW,SPC:DF_CLIMATE_CHANGE(1.0),I,A,ST_ANOM,FM,1871,-0.2,,CELSIUS,SE,0,N,
DATAFLOW,SPC:DF_CLIMATE_CHANGE(1.0),I,A,ST_ANOM,FM,1872,-0.1,,CELSIUS,SE,0.1,N,
DATAFLOW,SPC:DF_CLIMATE_CHANGE(1.0),I,A,ST_ANOM,FM,1873,0,,CELSIUS,SE,0,N,
DATAFLOW,SPC:DF_CLIMATE_CHANGE(1.0),I,A,ST_ANOM,FM,1874,-0.1,,CELSIUS,SE,0.1,N,
DATAFLOW,SPC:DF_CLIMATE_CHANGE(1.0),I,A,ST_ANOM,FM,1875,-0.3,,CELSIUS,SE,0.1,N,
DATAFLOW,SPC:DF_CLIMATE_CHANGE(1.0),I,A,ST_ANOM,FM,1876,-0.1,,CELSIUS,SE,0,N,
DATAFLOW,SPC:DF_CLIMATE_CHANGE(1.0),I,A,ST_ANOM,FM,1877,-0.2,,CELSIUS,SE,0.1,N,
DATAFLOW,SPC:DF_CLIMATE_CHANGE(1.0),I,A,ST_ANOM,FM,1878,0,,CELSIUS,SE,0.1,N,
DATAFLOW,SPC:DF_CLIMATE_CHANGE(1.0),I,A,ST_ANOM,FM,1879,-0.2,,CELSIUS,SE,0.1,N,
DATAFLOW,SPC:DF_CLIMATE_CHANGE(1.0),I,A,ST_ANOM,FM,1880,-0.4,,CELSIUS,SE,0,N,
DATAFLOW,SPC:DF_CLIMATE_CHANGE(1.0),I,A,ST_ANOM,FM,1881,-0.1,,CELSIUS,SE,0.1,N,
DATAFLOW,SPC:DF_CLIMATE_CHANGE(1.0),I,A,ST_ANOM,FM,1882,0,,CELSIUS,SE,0.1,N,
DATAFLOW,SPC:DF_CLIMATE_CHANGE(1.0),I,A,ST_ANOM,FM,1883,-0.4,,CELSIUS,SE,0.1,N,
DATAFLOW,SPC:DF_CLIMATE_CHANGE(1.0),I,A,ST_ANOM,FM,1884,-0.7,,CELSIUS,SE,0,N,
DATAFLOW,SPC:DF_CLIMATE_CHANGE(1.0),I,A,ST_ANOM,FM,1885,-0.5,,CELSIUS,SE,0.1,N,
DATAFLOW,SPC:DF_CLIMATE_CHANGE(1.0),I,A,ST_ANOM,FM,1886,-0.3,,CELSIUS,SE,0.1,N,
DATAFLOW,SPC:DF_CLIMATE_CHANGE(1.0),I,A,ST_ANOM,FM,1887,0.1,,CELSIUS,SE,0.1,N,
DATAFLOW,SPC:DF_CLIMATE_CHANGE(1.0),I,A,ST_ANOM,FM,1888,-0.1,,CELSIUS,SE,0.1,N,
DATAFLOW,SPC:DF_CLIMATE_CHANGE(1.0),I,A,ST_ANOM,FM,1889,0,,CELSIUS,SE,0.1,N,
DATAFLOW,SPC:DF_CLIMATE_CHANGE(1.0),I,A,ST_ANOM,FM,1890,0.1,,CELSIUS,SE,0.1,N,
DATAFLOW,SPC:DF_CLIMATE_CHANGE(1.0),I,A,ST_ANOM,FM,1891,0.4,,CELSIUS,SE,0.1,N,
DATAFLOW,SPC:DF_CLIMATE_CHANGE(1.0),I,A,ST_ANOM,FM,1892,0.2,,CELSIUS,SE,0.1,N,
DATAFLOW,SPC:DF_CLIMATE_CHANGE(1.0),I,A,ST_ANOM,FM,1893,0.1,,CELSIUS,SE,0.1,N,
DATAFLOW,SPC:DF_CLIMATE_CHANGE(1.0),I,A,ST_ANOM,FM,1894,0,,CELSIUS,SE,0.1,N,
DATAFLOW,SPC:DF_CLIMATE_CHANGE(1.0),I,A,ST_ANOM,FM,1895,0.1,,CELSIUS,SE,0,N,
DATAFLOW,SPC:DF_CLIMATE_CHANGE(1.0),I,A,ST_ANOM,FM,1896,-0.1,,CELSIUS,SE,0.1,N,
DATAFLOW,SPC:DF_CLIMATE_CHANGE(1.0),I,A,ST_ANOM,FM,1897,0.3,,CELSIUS,SE,0.1,N,
DATAFLOW,SPC:DF_CLIMATE_CHANGE(1.0),I,A,ST_ANOM,FM,1898,-0.1,,CELSIUS,SE,0.1,N,
DATAFLOW,SPC:DF_CLIMATE_CHANGE(1.0),I,A,ST_ANOM,FM,1899,-0.3,,CELSIUS,SE,0.1,N,
DATAFLOW,SPC:DF_CLIMATE_CHANGE(1.0),I,A,ST_ANOM,FM,1900,0,,CELSIUS,SE,0.1,N,
DATAFLOW,SPC:DF_CLIMATE_CHANGE(1.0),I,A,ST_ANOM,FM,1901,-0.1,,CELSIUS,SE,0,N,
DATAFLOW,SPC:DF_CLIMATE_CHANGE(1.0),I,A,ST_ANOM,FM,1902,-0.4,,CELSIUS,SE,0.1,N,
DATAFLOW,SPC:DF_CLIMATE_CHANGE(1.0),I,A,ST_ANOM,FM,1903,-0.5,,CELSIUS,SE,0.1,N,
DATAFLOW,SPC:DF_CLIMATE_CHANGE(1.0),I,A,ST_ANOM,FM,1904,-0.6,,CELSIUS,SE,0.1,N,
DATAFLOW,SPC:DF_CLIMATE_CHANGE(1.0),I,A,ST_ANOM,FM,1905,-0.7,,CELSIUS,SE,0.1,N,
DATAFLOW,SPC:DF_CLIMATE_CHANGE(1.0),I,A,ST_ANOM,FM,1906,-0.5,,CELSIUS,SE,0.1,N,
DATAFLOW,SPC:DF_CLIMATE_CHANGE(1.0),I,A,ST_ANOM,FM,1907,-0.4,,CELSIUS,SE,0.1,N,
DATAFLOW,SPC:DF_CLIMATE_CHANGE(1.0),I,A,ST_ANOM,FM,1908,-0.4,,CELSIUS,SE,0.1,N,
DATAFLOW,SPC:DF_CLIMATE_CHANGE(1.0),I,A,ST_ANOM,FM,1909,-0.4,,CELSIUS,SE,0,N,
DATAFLOW,SPC:DF_CLIMATE_CHANGE(1.0),I,A,ST_ANOM,FM,1910,-0.4,,CELSIUS,SE,0,N,
DATAFLOW,SPC:DF_CLIMATE_CHANGE(1.0),I,A,ST_ANOM,FM,1911,-0.7,,CELSIUS,SE,0,N,
DATAFLOW,SPC:DF_CLIMATE_CHANGE(1.0),I,A,ST_ANOM,FM,1912,-0.7,,CELSIUS,SE,0,N,
DATAFLOW,SPC:DF_CLIMATE_CHANGE(1.0),I,A,ST_ANOM,FM,1913,-0.7,,CELSIUS,SE,0,N,
DATAFLOW,SPC:DF_CLIMATE_CHANGE(1.0),I,A,ST_ANOM,FM,1914,-0.6,,CELSIUS,SE,0.1,N,
DATAFLOW,SPC:DF_CLIMATE_CHANGE(1.0),I,A,ST_ANOM,FM,1915,-0.4,,CELSIUS,SE,0.1,N,
DATAFLOW,SPC:DF_CLIMATE_CHANGE(1.0),I,A,ST_ANOM,FM,1916,-0.3,,CELSIUS,SE,0.1,N,
DATAFLOW,SPC:DF_CLIMATE_CHANGE(1.0),I,A,ST_ANOM,FM,1917,-0.6,,CELSIUS,SE,0.1,N,
DATAFLOW,SPC:DF_CLIMATE_CHANGE(1.0),I,A,ST_ANOM,FM,1918,-0.8,,CELSIUS,SE,0.1,N,
DATAFLOW,SPC:DF_CLIMATE_CHANGE(1.0),I,A,ST_ANOM,FM,1919,-0.9,,CELSIUS,SE,0.1,N,
DATAFLOW,SPC:DF_CLIMATE_CHANGE(1.0),I,A,ST_ANOM,FM,1920,-0.7,,CELSIUS,SE,0.1,N,
DATAFLOW,SPC:DF_CLIMATE_CHANGE(1.0),I,A,ST_ANOM,FM,1921,-0.1,,CELSIUS,SE,0,N,
DATAFLOW,SPC:DF_CLIMATE_CHANGE(1.0),I,A,ST_ANOM,FM,1922,-0.2,,CELSIUS,SE,0.1,N,
DATAFLOW,SPC:DF_CLIMATE_CHANGE(1.0),I,A,ST_ANOM,FM,1923,-0.4,,CELSIUS,SE,0,N,
DATAFLOW,SPC:DF_CLIMATE_CHANGE(1.0),I,A,ST_ANOM,FM,1924,-0.3,,CELSIUS,SE,0.1,N,
DATAFLOW,SPC:DF_CLIMATE_CHANGE(1.0),I,A,ST_ANOM,FM,1925,-0.2,,CELSIUS,SE,0,N,
DATAFLOW,SPC:DF_CLIMATE_CHANGE(1.0),I,A,ST_ANOM,FM,1926,-0.3,,CELSIUS,SE,0,N,
DATAFLOW,SPC:DF_CLIMATE_CHANGE(1.0),I,A,ST_ANOM,FM,1927,-0.2,,CELSIUS,SE,0.1,N,
DATAFLOW,SPC:DF_CLIMATE_CHANGE(1.0),I,A,ST_ANOM,FM,1928,-0.3,,CELSIUS,SE,0.1,N,
DATAFLOW,SPC:DF_CLIMATE_CHANGE(1.0),I,A,ST_ANOM,FM,1929,-0.4,,CELSIUS,SE,0.1,N,
DATAFLOW,SPC:DF_CLIMATE_CHANGE(1.0),I,A,ST_ANOM,FM,1930,-0.5,,CELSIUS,SE,0,N,
DATAFLOW,SPC:DF_CLIMATE_CHANGE(1.0),I,A,ST_ANOM,FM,1931,-0.3,,CELSIUS,SE,0,N,
DATAFLOW,SPC:DF_CLIMATE_CHANGE(1.0),I,A,ST_ANOM,FM,1932,-0.4,,CELSIUS,SE,0,N,
DATAFLOW,SPC:DF_CLIMATE_CHANGE(1.0),I,A,ST_ANOM,FM,1933,-0.4,,CELSIUS,SE,0,N,
DATAFLOW,SPC:DF_CLIMATE_CHANGE(1.0),I,A,ST_ANOM,FM,1934,-0.3,,CELSIUS,SE,0,N,
DATAFLOW,SPC:DF_CLIMATE_CHANGE(1.0),I,A,ST_ANOM,FM,1935,-0.4,,CELSIUS,SE,0,N,
DATAFLOW,SPC:DF_CLIMATE_CHANGE(1.0),I,A,ST_ANOM,FM,1936,-0.4,,CELSIUS,SE,0,N,
DATAFLOW,SPC:DF_CLIMATE_CHANGE(1.0),I,A,ST_ANOM,FM,1937,-0.3,,CELSIUS,SE,0,N,
DATAFLOW,SPC:DF_CLIMATE_CHANGE(1.0),I,A,ST_ANOM,FM,1938,-0.3,,CELSIUS,SE,0,N,
DATAFLOW,SPC:DF_CLIMATE_CHANGE(1.0),I,A,ST_ANOM,FM,1939,-0.3,,CELSIUS,SE,0,N,
DATAFLOW,SPC:DF_CLIMATE_CHANGE(1.0),I,A,ST_ANOM,FM,1940,-0.4,,CELSIUS,SE,0,N,
DATAFLOW,SPC:DF_CLIMATE_CHANGE(1.0),I,A,ST_ANOM,FM,1941,-0.3,,CELSIUS,SE,0,N,
DATAFLOW,SPC:DF_CLIMATE_CHANGE(1.0),I,A,ST_ANOM,FM,1942,-0.3,,CELSIUS,SE,0.1,N,
DATAFLOW,SPC:DF_CLIMATE_CHANGE(1.0),I,A,ST_ANOM,FM,1943,0.3,,CELSIUS,SE,0.1,N,
DATAFLOW,SPC:DF_CLIMATE_CHANGE(1.0),I,A,ST_ANOM,FM,1944,0.2,,CELSIUS,SE,0.1,N,
DATAFLOW,SPC:DF_CLIMATE_CHANGE(1.0),I,A,ST_ANOM,FM,1945,0.3,,CELSIUS,SE,0,N,
DATAFLOW,SPC:DF_CLIMATE_CHANGE(1.0),I,A,ST_ANOM,FM,1946,0.2,,CELSIUS,SE,0.1,N,
DATAFLOW,SPC:DF_CLIMATE_CHANGE(1.0),I,A,ST_ANOM,FM,1947,-0.1,,CELSIUS,SE,0.1,N,
DATAFLOW,SPC:DF_CLIMATE_CHANGE(1.0),I,A,ST_ANOM,FM,1948,-0.2,,CELSIUS,SE,0,N,
DATAFLOW,SPC:DF_CLIMATE_CHANGE(1.0),I,A,ST_ANOM,FM,1949,-0.4,,CELSIUS,SE,0.1,N,
DATAFLOW,SPC:DF_CLIMATE_CHANGE(1.0),I,A,ST_ANOM,FM,1950,-0.1,,CELSIUS,SE,0.1,N,
DATAFLOW,SPC:DF_CLIMATE_CHANGE(1.0),I,A,ST_ANOM,FM,1951,-0.2,,CELSIUS,SE,0.1,N,
DATAFLOW,SPC:DF_CLIMATE_CHANGE(1.0),I,A,ST_ANOM,FM,1952,-0.3,,CELSIUS,SE,0,N,
DATAFLOW,SPC:DF_CLIMATE_CHANGE(1.0),I,A,ST_ANOM,FM,1953,-0.2,,CELSIUS,SE,0,N,
DATAFLOW,SPC:DF_CLIMATE_CHANGE(1.0),I,A,ST_ANOM,FM,1954,-0.2,,CELSIUS,SE,0,N,
DATAFLOW,SPC:DF_CLIMATE_CHANGE(1.0),I,A,ST_ANOM,FM,1955,-0.4,,CELSIUS,SE,0.1,N,
DATAFLOW,SPC:DF_CLIMATE_CHANGE(1.0),I,A,ST_ANOM,FM,1956,-0.2,,CELSIUS,SE,0.1,N,
DATAFLOW,SPC:DF_CLIMATE_CHANGE(1.0),I,A,ST_ANOM,FM,1957,-0.2,,CELSIUS,SE,0,N,
DATAFLOW,SPC:DF_CLIMATE_CHANGE(1.0),I,A,ST_ANOM,FM,1958,-0.4,,CELSIUS,SE,0,N,
DATAFLOW,SPC:DF_CLIMATE_CHANGE(1.0),I,A,ST_ANOM,FM,1959,-0.3,,CELSIUS,SE,0,N,
DATAFLOW,SPC:DF_CLIMATE_CHANGE(1.0),I,A,ST_ANOM,FM,1960,-0.1,,CELSIUS,SE,0,N,
DATAFLOW,SPC:DF_CLIMATE_CHANGE(1.0),I,A,ST_ANOM,FM,1961,-0.2,,CELSIUS,SE,0,N,
DATAFLOW,SPC:DF_CLIMATE_CHANGE(1.0),I,A,ST_ANOM,FM,1962,-0.1,,CELSIUS,SE,0,N,
DATAFLOW,SPC:DF_CLIMATE_CHANGE(1.0),I,A,ST_ANOM,FM,1963,0,,CELSIUS,SE,0,N,
DATAFLOW,SPC:DF_CLIMATE_CHANGE(1.0),I,A,ST_ANOM,FM,1964,0,,CELSIUS,SE,0,N,
DATAFLOW,SPC:DF_CLIMATE_CHANGE(1.0),I,A,ST_ANOM,FM,1965,-0.4,,CELSIUS,SE,0.1,N,
DATAFLOW,SPC:DF_CLIMATE_CHANGE(1.0),I,A,ST_ANOM,FM,1966,-0.3,,CELSIUS,SE,0.1,N,
DATAFLOW,SPC:DF_CLIMATE_CHANGE(1.0),I,A,ST_ANOM,FM,1967,-0.2,,CELSIUS,SE,0,N,
DATAFLOW,SPC:DF_CLIMATE_CHANGE(1.0),I,A,ST_ANOM,FM,1968,-0.1,,CELSIUS,SE,0,N,
DATAFLOW,SPC:DF_CLIMATE_CHANGE(1.0),I,A,ST_ANOM,FM,1969,-0.1,,CELSIUS,SE,0,N,
DATAFLOW,SPC:DF_CLIMATE_CHANGE(1.0),I,A,ST_ANOM,FM,1970,0,,CELSIUS,SE,0,N,
DATAFLOW,SPC:DF_CLIMATE_CHANGE(1.0),I,A,ST_ANOM,FM,1971,-0.1,,CELSIUS,SE,0.1,N,
DATAFLOW,SPC:DF_CLIMATE_CHANGE(1.0),I,A,ST_ANOM,FM,1972,-0.5,,CELSIUS,SE,0,N,
DATAFLOW,SPC:DF_CLIMATE_CHANGE(1.0),I,A,ST_ANOM,FM,1973,-0.2,,CELSIUS,SE,0.1,N,
DATAFLOW,SPC:DF_CLIMATE_CHANGE(1.0),I,A,ST_ANOM,FM,1974,-0.2,,CELSIUS,SE,0,N,
DATAFLOW,SPC:DF_CLIMATE_CHANGE(1.0),I,A,ST_ANOM,FM,1975,-0.3,,CELSIUS,SE,0,N,
DATAFLOW,SPC:DF_CLIMATE_CHANGE(1.0),I,A,ST_ANOM,FM,1976,-0.3,,CELSIUS,SE,0.1,N,
DATAFLOW,SPC:DF_CLIMATE_CHANGE(1.0),I,A,ST_ANOM,FM,1977,-0.2,,CELSIUS,SE,0,N,
DATAFLOW,SPC:DF_CLIMATE_CHANGE(1.0),I,A,ST_ANOM,FM,1978,-0.1,,CELSIUS,SE,0,N,
DATAFLOW,SPC:DF_CLIMATE_CHANGE(1.0),I,A,ST_ANOM,FM,1979,-0.2,,CELSIUS,SE,0,N,
DATAFLOW,SPC:DF_CLIMATE_CHANGE(1.0),I,A,ST_ANOM,FM,1980,-0.2,,CELSIUS,SE,0,N,
DATAFLOW,SPC:DF_CLIMATE_CHANGE(1.0),I,A,ST_ANOM,FM,1981,0.1,,CELSIUS,SE,0.1,N,
DATAFLOW,SPC:DF_CLIMATE_CHANGE(1.0),I,A,ST_ANOM,FM,1982,-0.1,,CELSIUS,SE,0.1,N,
DATAFLOW,SPC:DF_CLIMATE_CHANGE(1.0),I,A,ST_ANOM,FM,1983,-0.2,,CELSIUS,SE,0.1,N,
DATAFLOW,SPC:DF_CLIMATE_CHANGE(1.0),I,A,ST_ANOM,FM,1984,0.1,,CELSIUS,SE,0,N,
DATAFLOW,SPC:DF_CLIMATE_CHANGE(1.0),I,A,ST_ANOM,FM,1985,0,,CELSIUS,SE,0,N,
DATAFLOW,SPC:DF_CLIMATE_CHANGE(1.0),I,A,ST_ANOM,FM,1986,0,,CELSIUS,SE,0.1,N,
DATAFLOW,SPC:DF_CLIMATE_CHANGE(1.0),I,A,ST_ANOM,FM,1987,-0.1,,CELSIUS,SE,0,N,
DATAFLOW,SPC:DF_CLIMATE_CHANGE(1.0),I,A,ST_ANOM,FM,1988,0.2,,CELSIUS,SE,0,N,
DATAFLOW,SPC:DF_CLIMATE_CHANGE(1.0),I,A,ST_ANOM,FM,1989,0.1,,CELSIUS,SE,0,N,
DATAFLOW,SPC:DF_CLIMATE_CHANGE(1.0),I,A,ST_ANOM,FM,1990,0,,CELSIUS,SE,0,N,
DATAFLOW,SPC:DF_CLIMATE_CHANGE(1.0),I,A,ST_ANOM,FM,1991,-0.2,,CELSIUS,SE,0,N,
DATAFLOW,SPC:DF_CLIMATE_CHANGE(1.0),I,A,ST_ANOM,FM,1992,-0.3,,CELSIUS,SE,0,N,
DATAFLOW,SPC:DF_CLIMATE_CHANGE(1.0),I,A,ST_ANOM,FM,1993,-0.4,,CELSIUS,SE,0.1,N,
DATAFLOW,SPC:DF_CLIMATE_CHANGE(1.0),I,A,ST_ANOM,FM,1994,0,,CELSIUS,SE,0.1,N,
DATAFLOW,SPC:DF_CLIMATE_CHANGE(1.0),I,A,ST_ANOM,FM,1995,0.3,,CELSIUS,SE,0.1,N,
DATAFLOW,SPC:DF_CLIMATE_CHANGE(1.0),I,A,ST_ANOM,FM,1996,0.4,,CELSIUS,SE,0,N,
DATAFLOW,SPC:DF_CLIMATE_CHANGE(1.0),I,A,ST_ANOM,FM,1997,0,,CELSIUS,SE,0,N,
DATAFLOW,SPC:DF_CLIMATE_CHANGE(1.0),I,A,ST_ANOM,FM,1998,0.2,,CELSIUS,SE,0.1,N,
DATAFLOW,SPC:DF_CLIMATE_CHANGE(1.0),I,A,ST_ANOM,FM,1999,0.2,,CELSIUS,SE,0,N,
DATAFLOW,SPC:DF_CLIMATE_CHANGE(1.0),I,A,ST_ANOM,FM,2000,0.3,,CELSIUS,SE,0,N,
DATAFLOW,SPC:DF_CLIMATE_CHANGE(1.0),I,A,ST_ANOM,FM,2001,0.4,,CELSIUS,SE,0,N,
DATAFLOW,SPC:DF_CLIMATE_CHANGE(1.0),I,A,ST_ANOM,FM,2002,0.2,,CELSIUS,SE,0,N,
DATAFLOW,SPC:DF_CLIMATE_CHANGE(1.0),I,A,ST_ANOM,FM,2003,0.3,,CELSIUS,SE,0,N,
DATAFLOW,SPC:DF_CLIMATE_CHANGE(1.0),I,A,ST_ANOM,FM,2004,0.2,,CELSIUS,SE,0.1,N,
DATAFLOW,SPC:DF_CLIMATE_CHANGE(1.0),I,A,ST_ANOM,FM,2005,0.3,,CELSIUS,SE,0,N,
DATAFLOW,SPC:DF_CLIMATE_CHANGE(1.0),I,A,ST_ANOM,FM,2006,0.3,,CELSIUS,SE,0.1,N,
DATAFLOW,SPC:DF_CLIMATE_CHANGE(1.0),I,A,ST_ANOM,FM,2007,0.4,,CELSIUS,SE,0,N,
DATAFLOW,SPC:DF_CLIMATE_CHANGE(1.0),I,A,ST_ANOM,FM,2008,0.3,,CELSIUS,SE,0.1,N,
DATAFLOW,SPC:DF_CLIMATE_CHANGE(1.0),I,A,ST_ANOM,FM,2009,0.4,,CELSIUS,SE,0,N,
DATAFLOW,SPC:DF_CLIMATE_CHANGE(1.0),I,A,ST_ANOM,FM,2010,0.5,,CELSIUS,SE,0.1,N,
DATAFLOW,SPC:DF_CLIMATE_CHANGE(1.0),I,A,ST_ANOM,FM,2011,0.5,,CELSIUS,SE,0.1,N,
DATAFLOW,SPC:DF_CLIMATE_CHANGE(1.0),I,A,ST_ANOM,FM,2012,0.4,,CELSIUS,SE,0,N,
DATAFLOW,SPC:DF_CLIMATE_CHANGE(1.0),I,A,ST_ANOM,FM,2013,0.5,,CELSIUS,SE,0,N,
DATAFLOW,SPC:DF_CLIMATE_CHANGE(1.0),I,A,ST_ANOM,FM,2014,0.6,,CELSIUS,SE,0,N,
DATAFLOW,SPC:DF_CLIMATE_CHANGE(1.0),I,A,ST_ANOM,FM,2015,0.3,,CELSIUS,SE,0.1,N,
DATAFLOW,SPC:DF_CLIMATE_CHANGE(1.0),I,A,ST_ANOM,FM,2016,0.6,,CELSIUS,SE,0.1,N,
DATAFLOW,SPC:DF_CLIMATE_CHANGE(1.0),I,A,ST_ANOM,FM,2017,0.8,,CELSIUS,SE,0,N,
DATAFLOW,SPC:DF_CLIMATE_CHANGE(1.0),I,A,ST_ANOM,FM,2018,0.6,,CELSIUS,SE,0,N,
DATAFLOW,SPC:DF_CLIMATE_CHANGE(1.0),I,A,ST_ANOM,FM,2019,0.5,,CELSIUS,SE,0.1,N,
DATAFLOW,SPC:DF_CLIMATE_CHANGE(1.0),I,A,ST_ANOM,FM,2020,0.8,,CELSIUS,SE,0.1,N,
DATAFLOW,SPC:DF_CLIMATE_CHANGE(1.0),I,A,ST_ANOM,FM,2021,0.8,,CELSIUS,SE,0,N,
DATAFLOW,SPC:DF_CLIMATE_CHANGE(1.0),I,A,ST_ANOM,FM,2022,0.7,,CELSIUS,SE,0,N,
DATAFLOW,SPC:DF_CLIMATE_CHANGE(1.0),I,A,ST_ANOM,FM,2023,0.7,,CELSIUS,SE,0,N,
DATAFLOW,SPC:DF_CLIMATE_CHANGE(1.0),I,A,ST_ANOM,FM,2024,0.8,,CELSIUS,SE,0,N,
DATAFLOW,SPC:DF_CLIMATE_CHANGE(1.0),I,A,ST_ANOM,FM,2025,0.9,,CELSIUS,SE,0.1,N,
DATAFLOW,SPC:DF_CLIMATE_CHANGE(1.0),I,A,ST_ANOM,AS,1850,0.1,,CELSIUS,SE,0,N,
DATAFLOW,SPC:DF_CLIMATE_CHANGE(1.0),I,A,ST_ANOM,AS,1851,-0.3,,CELSIUS,SE,0,N,
DATAFLOW,SPC:DF_CLIMATE_CHANGE(1.0),I,A,ST_ANOM,AS,1852,0,,CELSIUS,SE,0,N,
DATAFLOW,SPC:DF_CLIMATE_CHANGE(1.0),I,A,ST_ANOM,AS,1853,0.3,,CELSIUS,SE,0.1,N,
DATAFLOW,SPC:DF_CLIMATE_CHANGE(1.0),I,A,ST_ANOM,AS,1854,0.1,,CELSIUS,SE,0.1,N,
DATAFLOW,SPC:DF_CLIMATE_CHANGE(1.0),I,A,ST_ANOM,AS,1855,-0.2,,CELSIUS,SE,0,N,
DATAFLOW,SPC:DF_CLIMATE_CHANGE(1.0),I,A,ST_ANOM,AS,1856,-0.2,,CELSIUS,SE,0.1,N,
DATAFLOW,SPC:DF_CLIMATE_CHANGE(1.0),I,A,ST_ANOM,AS,1857,-0.5,,CELSIUS,SE,0,N,
DATAFLOW,SPC:DF_CLIMATE_CHANGE(1.0),I,A,ST_ANOM,AS,1858,-0.2,,CELSIUS,SE,0.1,N,
DATAFLOW,SPC:DF_CLIMATE_CHANGE(1.0),I,A,ST_ANOM,AS,1859,0.1,,CELSIUS,SE,0,N,
DATAFLOW,SPC:DF_CLIMATE_CHANGE(1.0),I,A,ST_ANOM,AS,1860,-0.3,,CELSIUS,SE,0,N,
DATAFLOW,SPC:DF_CLIMATE_CHANGE(1.0),I,A,ST_ANOM,AS,1861,-0.6,,CELSIUS,SE,0.1,N,
DATAFLOW,SPC:DF_CLIMATE_CHANGE(1.0),I,A,ST_ANOM,AS,1862,-0.4,,CELSIUS,SE,0,N,
DATAFLOW,SPC:DF_CLIMATE_CHANGE(1.0),I,A,ST_ANOM,AS,1863,-0.4,,CELSIUS,SE,0,N,
DATAFLOW,SPC:DF_CLIMATE_CHANGE(1.0),I,A,ST_ANOM,AS,1864,-0.3,,CELSIUS,SE,0,N,
DATAFLOW,SPC:DF_CLIMATE_CHANGE(1.0),I,A,ST_ANOM,AS,1865,-0.3,,CELSIUS,SE,0,N,
DATAFLOW,SPC:DF_CLIMATE_CHANGE(1.0),I,A,ST_ANOM,AS,1866,-0.3,,CELSIUS,SE,0,N,
DATAFLOW,SPC:DF_CLIMATE_CHANGE(1.0),I,A,ST_ANOM,AS,1867,-0.2,,CELSIUS,SE,0,N,
DATAFLOW,SPC:DF_CLIMATE_CHANGE(1.0),I,A,ST_ANOM,AS,1868,-0.2,,CELSIUS,SE,0.1,N,
DATAFLOW,SPC:DF_CLIMATE_CHANGE(1.0),I,A,ST_ANOM,AS,1869,-0.1,,CELSIUS,SE,0.1,N,
DATAFLOW,SPC:DF_CLIMATE_CHANGE(1.0),I,A,ST_ANOM,AS,1870,-0.4,,CELSIUS,SE,0,N,
DATAFLOW,SPC:DF_CLIMATE_CHANGE(1.0),I,A,ST_ANOM,AS,1871,-0.1,,CELSIUS,SE,0,N,
DATAFLOW,SPC:DF_CLIMATE_CHANGE(1.0),I,A,ST_ANOM,AS,1872,-0.1,,CELSIUS,SE,0.1,N,
DATAFLOW,SPC:DF_CLIMATE_CHANGE(1.0),I,A,ST_ANOM,AS,1873,-0.5,,CELSIUS,SE,0,N,
DATAFLOW,SPC:DF_CLIMATE_CHANGE(1.0),I,A,ST_ANOM,AS,1874,-0.1,,CELSIUS,SE,0.1,N,
DATAFLOW,SPC:DF_CLIMATE_CHANGE(1.0),I,A,ST_ANOM,AS,1875,-0.2,,CELSIUS,SE,0.1,N,
DATAFLOW,SPC:DF_CLIMATE_CHANGE(1.0),I,A,ST_ANOM,AS,1876,-0.2,,CELSIUS,SE,0,N,
DATAFLOW,SPC:DF_CLIMATE_CHANGE(1.0),I,A,ST_ANOM,AS,1877,-0.2,,CELSIUS,SE,0,N,
DATAFLOW,SPC:DF_CLIMATE_CHANGE(1.0),I,A,ST_ANOM,AS,1878,-0.2,,CELSIUS,SE,0.1,N,
DATAFLOW,SPC:DF_CLIMATE_CHANGE(1.0),I,A,ST_ANOM,AS,1879,-0.4,,CELSIUS,SE,0.1,N,
DATAFLOW,SPC:DF_CLIMATE_CHANGE(1.0),I,A,ST_ANOM,AS,1880,-0.3,,CELSIUS,SE,0,N,
DATAFLOW,SPC:DF_CLIMATE_CHANGE(1.0),I,A,ST_ANOM,AS,1881,0.1,,CELSIUS,SE,0.1,N,
DATAFLOW,SPC:DF_CLIMATE_CHANGE(1.0),I,A,ST_ANOM,AS,1882,0,,CELSIUS,SE,0.1,N,
DATAFLOW,SPC:DF_CLIMATE_CHANGE(1.0),I,A,ST_ANOM,AS,1883,-0.4,,CELSIUS,SE,0.1,N,
DATAFLOW,SPC:DF_CLIMATE_CHANGE(1.0),I,A,ST_ANOM,AS,1884,-0.4,,CELSIUS,SE,0.1,N,
DATAFLOW,SPC:DF_CLIMATE_CHANGE(1.0),I,A,ST_ANOM,AS,1885,-0.5,,CELSIUS,SE,0.1,N,
DATAFLOW,SPC:DF_CLIMATE_CHANGE(1.0),I,A,ST_ANOM,AS,1886,-0.4,,CELSIUS,SE,0.1,N,
DATAFLOW,SPC:DF_CLIMATE_CHANGE(1.0),I,A,ST_ANOM,AS,1887,-0.4,,CELSIUS,SE,0.1,N,
DATAFLOW,SPC:DF_CLIMATE_CHANGE(1.0),I,A,ST_ANOM,AS,1888,-0.1,,CELSIUS,SE,0,N,
DATAFLOW,SPC:DF_CLIMATE_CHANGE(1.0),I,A,ST_ANOM,AS,1889,-0.2,,CELSIUS,SE,0,N,
DATAFLOW,SPC:DF_CLIMATE_CHANGE(1.0),I,A,ST_ANOM,AS,1890,-0.5,,CELSIUS,SE,0.1,N,
DATAFLOW,SPC:DF_CLIMATE_CHANGE(1.0),I,A,ST_ANOM,AS,1891,-0.4,,CELSIUS,SE,0.1,N,
DATAFLOW,SPC:DF_CLIMATE_CHANGE(1.0),I,A,ST_ANOM,AS,1892,-0.3,,CELSIUS,SE,0.1,N,
DATAFLOW,SPC:DF_CLIMATE_CHANGE(1.0),I,A,ST_ANOM,AS,1893,-0.7,,CELSIUS,SE,0.1,N,
DATAFLOW,SPC:DF_CLIMATE_CHANGE(1.0),I,A,ST_ANOM,AS,1894,-0.3,,CELSIUS,SE,0.1,N,
DATAFLOW,SPC:DF_CLIMATE_CHANGE(1.0),I,A,ST_ANOM,AS,1895,-0.2,,CELSIUS,SE,0.1,N,
DATAFLOW,SPC:DF_CLIMATE_CHANGE(1.0),I,A,ST_ANOM,AS,1896,-0.3,,CELSIUS,SE,0.1,N,
DATAFLOW,SPC:DF_CLIMATE_CHANGE(1.0),I,A,ST_ANOM,AS,1897,-0.2,,CELSIUS,SE,0.1,N,
DATAFLOW,SPC:DF_CLIMATE_CHANGE(1.0),I,A,ST_ANOM,AS,1898,-0.3,,CELSIUS,SE,0,N,
DATAFLOW,SPC:DF_CLIMATE_CHANGE(1.0),I,A,ST_ANOM,AS,1899,-0.2,,CELSIUS,SE,0.1,N,
DATAFLOW,SPC:DF_CLIMATE_CHANGE(1.0),I,A,ST_ANOM,AS,1900,0.2,,CELSIUS,SE,0.1,N,
DATAFLOW,SPC:DF_CLIMATE_CHANGE(1.0),I,A,ST_ANOM,AS,1901,0.1,,CELSIUS,SE,0.1,N,
DATAFLOW,SPC:DF_CLIMATE_CHANGE(1.0),I,A,ST_ANOM,AS,1902,-0.4,,CELSIUS,SE,0.1,N,
DATAFLOW,SPC:DF_CLIMATE_CHANGE(1.0),I,A,ST_ANOM,AS,1903,-0.2,,CELSIUS,SE,0.1,N,
DATAFLOW,SPC:DF_CLIMATE_CHANGE(1.0),I,A,ST_ANOM,AS,1904,-0.6,,CELSIUS,SE,0.1,N,
DATAFLOW,SPC:DF_CLIMATE_CHANGE(1.0),I,A,ST_ANOM,AS,1905,-0.4,,CELSIUS,SE,0,N,
DATAFLOW,SPC:DF_CLIMATE_CHANGE(1.0),I,A,ST_ANOM,AS,1906,-0.3,,CELSIUS,SE,0.1,N,
DATAFLOW,SPC:DF_CLIMATE_CHANGE(1.0),I,A,ST_ANOM,AS,1907,-0.4,,CELSIUS,SE,0.1,N,
DATAFLOW,SPC:DF_CLIMATE_CHANGE(1.0),I,A,ST_ANOM,AS,1908,-0.5,,CELSIUS,SE,0.1,N,
DATAFLOW,SPC:DF_CLIMATE_CHANGE(1.0),I,A,ST_ANOM,AS,1909,-0.8,,CELSIUS,SE,0.1,N,
DATAFLOW,SPC:DF_CLIMATE_CHANGE(1.0),I,A,ST_ANOM,AS,1910,-0.9,,CELSIUS,SE,0,N,
DATAFLOW,SPC:DF_CLIMATE_CHANGE(1.0),I,A,ST_ANOM,AS,1911,-0.6,,CELSIUS,SE,0.1,N,
DATAFLOW,SPC:DF_CLIMATE_CHANGE(1.0),I,A,ST_ANOM,AS,1912,-0.3,,CELSIUS,SE,0,N,
DATAFLOW,SPC:DF_CLIMATE_CHANGE(1.0),I,A,ST_ANOM,AS,1913,-0.5,,CELSIUS,SE,0,N,
DATAFLOW,SPC:DF_CLIMATE_CHANGE(1.0),I,A,ST_ANOM,AS,1914,-0.3,,CELSIUS,SE,0.1,N,
DATAFLOW,SPC:DF_CLIMATE_CHANGE(1.0),I,A,ST_ANOM,AS,1915,-0.2,,CELSIUS,SE,0.1,N,
DATAFLOW,SPC:DF_CLIMATE_CHANGE(1.0),I,A,ST_ANOM,AS,1916,-0.5,,CELSIUS,SE,0.1,N,
DATAFLOW,SPC:DF_CLIMATE_CHANGE(1.0),I,A,ST_ANOM,AS,1917,-1.1,,CELSIUS,SE,0.1,N,
DATAFLOW,SPC:DF_CLIMATE_CHANGE(1.0),I,A,ST_ANOM,AS,1918,-0.6,,CELSIUS,SE,0.1,N,
DATAFLOW,SPC:DF_CLIMATE_CHANGE(1.0),I,A,ST_ANOM,AS,1919,-0.8,,CELSIUS,SE,0.1,N,
DATAFLOW,SPC:DF_CLIMATE_CHANGE(1.0),I,A,ST_ANOM,AS,1920,-0.5,,CELSIUS,SE,0.1,N,
DATAFLOW,SPC:DF_CLIMATE_CHANGE(1.0),I,A,ST_ANOM,AS,1921,-0.5,,CELSIUS,SE,0.1,N,
DATAFLOW,SPC:DF_CLIMATE_CHANGE(1.0),I,A,ST_ANOM,AS,1922,-0.2,,CELSIUS,SE,0.1,N,
DATAFLOW,SPC:DF_CLIMATE_CHANGE(1.0),I,A,ST_ANOM,AS,1923,-0.4,,CELSIUS,SE,0,N,
DATAFLOW,SPC:DF_CLIMATE_CHANGE(1.0),I,A,ST_ANOM,AS,1924,-0.2,,CELSIUS,SE,0.1,N,
DATAFLOW,SPC:DF_CLIMATE_CHANGE(1.0),I,A,ST_ANOM,AS,1925,-0.3,,CELSIUS,SE,0.1,N,
DATAFLOW,SPC:DF_CLIMATE_CHANGE(1.0),I,A,ST_ANOM,AS,1926,-0.2,,CELSIUS,SE,0.1,N,
DATAFLOW,SPC:DF_CLIMATE_CHANGE(1.0),I,A,ST_ANOM,AS,1927,-0.4,,CELSIUS,SE,0.1,N,
DATAFLOW,SPC:DF_CLIMATE_CHANGE(1.0),I,A,ST_ANOM,AS,1928,-0.3,,CELSIUS,SE,0.1,N,
DATAFLOW,SPC:DF_CLIMATE_CHANGE(1.0),I,A,ST_ANOM,AS,1929,-0.3,,CELSIUS,SE,0,N,
DATAFLOW,SPC:DF_CLIMATE_CHANGE(1.0),I,A,ST_ANOM,AS,1930,-0.3,,CELSIUS,SE,0.1,N,
DATAFLOW,SPC:DF_CLIMATE_CHANGE(1.0),I,A,ST_ANOM,AS,1931,-0.2,,CELSIUS,SE,0,N,
DATAFLOW,SPC:DF_CLIMATE_CHANGE(1.0),I,A,ST_ANOM,AS,1932,-0.2,,CELSIUS,SE,0,N,
DATAFLOW,SPC:DF_CLIMATE_CHANGE(1.0),I,A,ST_ANOM,AS,1933,-0.6,,CELSIUS,SE,0.1,N,
DATAFLOW,SPC:DF_CLIMATE_CHANGE(1.0),I,A,ST_ANOM,AS,1934,-0.4,,CELSIUS,SE,0.1,N,
DATAFLOW,SPC:DF_CLIMATE_CHANGE(1.0),I,A,ST_ANOM,AS,1935,-0.4,,CELSIUS,SE,0.1,N,
DATAFLOW,SPC:DF_CLIMATE_CHANGE(1.0),I,A,ST_ANOM,AS,1936,-0.3,,CELSIUS,SE,0,N,
DATAFLOW,SPC:DF_CLIMATE_CHANGE(1.0),I,A,ST_ANOM,AS,1937,-0.3,,CELSIUS,SE,0,N,
DATAFLOW,SPC:DF_CLIMATE_CHANGE(1.0),I,A,ST_ANOM,AS,1938,-0.4,,CELSIUS,SE,0,N,
DATAFLOW,SPC:DF_CLIMATE_CHANGE(1.0),I,A,ST_ANOM,AS,1939,-0.6,,CELSIUS,SE,0,N,
DATAFLOW,SPC:DF_CLIMATE_CHANGE(1.0),I,A,ST_ANOM,AS,1940,0,,CELSIUS,SE,0.1,N,
DATAFLOW,SPC:DF_CLIMATE_CHANGE(1.0),I,A,ST_ANOM,AS,1941,0.1,,CELSIUS,SE,0,N,
DATAFLOW,SPC:DF_CLIMATE_CHANGE(1.0),I,A,ST_ANOM,AS,1942,0,,CELSIUS,SE,0.1,N,
DATAFLOW,SPC:DF_CLIMATE_CHANGE(1.0),I,A,ST_ANOM,AS,1943,-0.1,,CELSIUS,SE,0.1,N,
DATAFLOW,SPC:DF_CLIMATE_CHANGE(1.0),I,A,ST_ANOM,AS,1944,0.1,,CELSIUS,SE,0.1,N,
DATAFLOW,SPC:DF_CLIMATE_CHANGE(1.0),I,A,ST_ANOM,AS,1945,0.1,,CELSIUS,SE,0,N,
DATAFLOW,SPC:DF_CLIMATE_CHANGE(1.0),I,A,ST_ANOM,AS,1946,0.2,,CELSIUS,SE,0.1,N,
DATAFLOW,SPC:DF_CLIMATE_CHANGE(1.0),I,A,ST_ANOM,AS,1947,0.1,,CELSIUS,SE,0.1,N,
DATAFLOW,SPC:DF_CLIMATE_CHANGE(1.0),I,A,ST_ANOM,AS,1948,-0.2,,CELSIUS,SE,0.1,N,
DATAFLOW,SPC:DF_CLIMATE_CHANGE(1.0),I,A,ST_ANOM,AS,1949,-0.2,,CELSIUS,SE,0,N,
DATAFLOW,SPC:DF_CLIMATE_CHANGE(1.0),I,A,ST_ANOM,AS,1950,-0.4,,CELSIUS,SE,0.1,N,
DATAFLOW,SPC:DF_CLIMATE_CHANGE(1.0),I,A,ST_ANOM,AS,1951,-0.1,,CELSIUS,SE,0,N,
DATAFLOW,SPC:DF_CLIMATE_CHANGE(1.0),I,A,ST_ANOM,AS,1952,0,,CELSIUS,SE,0,N,
DATAFLOW,SPC:DF_CLIMATE_CHANGE(1.0),I,A,ST_ANOM,AS,1953,0.1,,CELSIUS,SE,0.1,N,
DATAFLOW,SPC:DF_CLIMATE_CHANGE(1.0),I,A,ST_ANOM,AS,1954,-0.1,,CELSIUS,SE,0.1,N,
DATAFLOW,SPC:DF_CLIMATE_CHANGE(1.0),I,A,ST_ANOM,AS,1955,-0.4,,CELSIUS,SE,0.1,N,
DATAFLOW,SPC:DF_CLIMATE_CHANGE(1.0),I,A,ST_ANOM,AS,1956,-0.4,,CELSIUS,SE,0.1,N,
DATAFLOW,SPC:DF_CLIMATE_CHANGE(1.0),I,A,ST_ANOM,AS,1957,-0.2,,CELSIUS,SE,0,N,
DATAFLOW,SPC:DF_CLIMATE_CHANGE(1.0),I,A,ST_ANOM,AS,1958,0,,CELSIUS,SE,0,N,
DATAFLOW,SPC:DF_CLIMATE_CHANGE(1.0),I,A,ST_ANOM,AS,1959,0.1,,CELSIUS,SE,0.1,N,
DATAFLOW,SPC:DF_CLIMATE_CHANGE(1.0),I,A,ST_ANOM,AS,1960,-0.1,,CELSIUS,SE,0.1,N,
DATAFLOW,SPC:DF_CLIMATE_CHANGE(1.0),I,A,ST_ANOM,AS,1961,0,,CELSIUS,SE,0.1,N,
DATAFLOW,SPC:DF_CLIMATE_CHANGE(1.0),I,A,ST_ANOM,AS,1962,-0.1,,CELSIUS,SE,0,N,
DATAFLOW,SPC:DF_CLIMATE_CHANGE(1.0),I,A,ST_ANOM,AS,1963,0,,CELSIUS,SE,0,N,
DATAFLOW,SPC:DF_CLIMATE_CHANGE(1.0),I,A,ST_ANOM,AS,1964,-0.2,,CELSIUS,SE,0.1,N,
DATAFLOW,SPC:DF_CLIMATE_CHANGE(1.0),I,A,ST_ANOM,AS,1965,-0.3,,CELSIUS,SE,0,N,
DATAFLOW,SPC:DF_CLIMATE_CHANGE(1.0),I,A,ST_ANOM,AS,1966,0.1,,CELSIUS,SE,0,N,
DATAFLOW,SPC:DF_CLIMATE_CHANGE(1.0),I,A,ST_ANOM,AS,1967,-0.3,,CELSIUS,SE,0,N,
DATAFLOW,SPC:DF_CLIMATE_CHANGE(1.0),I,A,ST_ANOM,AS,1968,-0.1,,CELSIUS,SE,0.1,N,
DATAFLOW,SPC:DF_CLIMATE_CHANGE(1.0),I,A,ST_ANOM,AS,1969,0.3,,CELSIUS,SE,0,N,
DATAFLOW,SPC:DF_CLIMATE_CHANGE(1.0),I,A,ST_ANOM,AS,1970,0,,CELSIUS,SE,0.1,N,
DATAFLOW,SPC:DF_CLIMATE_CHANGE(1.0),I,A,ST_ANOM,AS,1971,-0.3,,CELSIUS,SE,0.1,N,
DATAFLOW,SPC:DF_CLIMATE_CHANGE(1.0),I,A,ST_ANOM,AS,1972,-0.2,,CELSIUS,SE,0,N,
DATAFLOW,SPC:DF_CLIMATE_CHANGE(1.0),I,A,ST_ANOM,AS,1973,0,,CELSIUS,SE,0.1,N,
DATAFLOW,SPC:DF_CLIMATE_CHANGE(1.0),I,A,ST_ANOM,AS,1974,-0.4,,CELSIUS,SE,0.1,N,
DATAFLOW,SPC:DF_CLIMATE_CHANGE(1.0),I,A,ST_ANOM,AS,1975,-0.4,,CELSIUS,SE,0.1,N,
DATAFLOW,SPC:DF_CLIMATE_CHANGE(1.0),I,A,ST_ANOM,AS,1976,-0.4,,CELSIUS,SE,0.1,N,
DATAFLOW,SPC:DF_CLIMATE_CHANGE(1.0),I,A,ST_ANOM,AS,1977,0,,CELSIUS,SE,0,N,
DATAFLOW,SPC:DF_CLIMATE_CHANGE(1.0),I,A,ST_ANOM,AS,1978,0,,CELSIUS,SE,0.1,N,
DATAFLOW,SPC:DF_CLIMATE_CHANGE(1.0),I,A,ST_ANOM,AS,1979,0,,CELSIUS,SE,0,N,
DATAFLOW,SPC:DF_CLIMATE_CHANGE(1.0),I,A,ST_ANOM,AS,1980,0.2,,CELSIUS,SE,0,N,
DATAFLOW,SPC:DF_CLIMATE_CHANGE(1.0),I,A,ST_ANOM,AS,1981,-0.1,,CELSIUS,SE,0.1,N,
DATAFLOW,SPC:DF_CLIMATE_CHANGE(1.0),I,A,ST_ANOM,AS,1982,0,,CELSIUS,SE,0.1,N,
DATAFLOW,SPC:DF_CLIMATE_CHANGE(1.0),I,A,ST_ANOM,AS,1983,-0.2,,CELSIUS,SE,0.1,N,
DATAFLOW,SPC:DF_CLIMATE_CHANGE(1.0),I,A,ST_ANOM,AS,1984,0,,CELSIUS,SE,0.1,N,
DATAFLOW,SPC:DF_CLIMATE_CHANGE(1.0),I,A,ST_ANOM,AS,1985,-0.2,,CELSIUS,SE,0,N,
DATAFLOW,SPC:DF_CLIMATE_CHANGE(1.0),I,A,ST_ANOM,AS,1986,0,,CELSIUS,SE,0,N,
DATAFLOW,SPC:DF_CLIMATE_CHANGE(1.0),I,A,ST_ANOM,AS,1987,0,,CELSIUS,SE,0.1,N,
DATAFLOW,SPC:DF_CLIMATE_CHANGE(1.0),I,A,ST_ANOM,AS,1988,0.1,,CELSIUS,SE,0.1,N,
DATAFLOW,SPC:DF_CLIMATE_CHANGE(1.0),I,A,ST_ANOM,AS,1989,-0.2,,CELSIUS,SE,0.1,N,
DATAFLOW,SPC:DF_CLIMATE_CHANGE(1.0),I,A,ST_ANOM,AS,1990,0.1,,CELSIUS,SE,0.1,N,
DATAFLOW,SPC:DF_CLIMATE_CHANGE(1.0),I,A,ST_ANOM,AS,1991,0.4,,CELSIUS,SE,0,N,
DATAFLOW,SPC:DF_CLIMATE_CHANGE(1.0),I,A,ST_ANOM,AS,1992,0.2,,CELSIUS,SE,0.1,N,
DATAFLOW,SPC:DF_CLIMATE_CHANGE(1.0),I,A,ST_ANOM,AS,1993,0.1,,CELSIUS,SE,0,N,
DATAFLOW,SPC:DF_CLIMATE_CHANGE(1.0),I,A,ST_ANOM,AS,1994,0.3,,CELSIUS,SE,0,N,
DATAFLOW,SPC:DF_CLIMATE_CHANGE(1.0),I,A,ST_ANOM,AS,1995,0.3,,CELSIUS,SE,0,N,
DATAFLOW,SPC:DF_CLIMATE_CHANGE(1.0),I,A,ST_ANOM,AS,1996,0.1,,CELSIUS,SE,0,N,
DATAFLOW,SPC:DF_CLIMATE_CHANGE(1.0),I,A,ST_ANOM,AS,1997,-0.1,,CELSIUS,SE,0.1,N,
DATAFLOW,SPC:DF_CLIMATE_CHANGE(1.0),I,A,ST_ANOM,AS,1998,-0.2,,CELSIUS,SE,0,N,
DATAFLOW,SPC:DF_CLIMATE_CHANGE(1.0),I,A,ST_ANOM,AS,1999,0,,CELSIUS,SE,0,N,
DATAFLOW,SPC:DF_CLIMATE_CHANGE(1.0),I,A,ST_ANOM,AS,2000,0.2,,CELSIUS,SE,0,N,
DATAFLOW,SPC:DF_CLIMATE_CHANGE(1.0),I,A,ST_ANOM,AS,2001,0.2,,CELSIUS,SE,0,N,
DATAFLOW,SPC:DF_CLIMATE_CHANGE(1.0),I,A,ST_ANOM,AS,2002,0.4,,CELSIUS,SE,0,N,
DATAFLOW,SPC:DF_CLIMATE_CHANGE(1.0),I,A,ST_ANOM,AS,2003,0.5,,CELSIUS,SE,0,N,
DATAFLOW,SPC:DF_CLIMATE_CHANGE(1.0),I,A,ST_ANOM,AS,2004,0.5,,CELSIUS,SE,0,N,
DATAFLOW,SPC:DF_CLIMATE_CHANGE(1.0),I,A,ST_ANOM,AS,2005,0.6,,CELSIUS,SE,0,N,
DATAFLOW,SPC:DF_CLIMATE_CHANGE(1.0),I,A,ST_ANOM,AS,2006,0.5,,CELSIUS,SE,0,N,
DATAFLOW,SPC:DF_CLIMATE_CHANGE(1.0),I,A,ST_ANOM,AS,2007,0.5,,CELSIUS,SE,0.1,N,
DATAFLOW,SPC:DF_CLIMATE_CHANGE(1.0),I,A,ST_ANOM,AS,2008,0,,CELSIUS,SE,0.1,N,
DATAFLOW,SPC:DF_CLIMATE_CHANGE(1.0),I,A,ST_ANOM,AS,2009,0.4,,CELSIUS,SE,0,N,
DATAFLOW,SPC:DF_CLIMATE_CHANGE(1.0),I,A,ST_ANOM,AS,2010,0.4,,CELSIUS,SE,0.1,N,
DATAFLOW,SPC:DF_CLIMATE_CHANGE(1.0),I,A,ST_ANOM,AS,2011,0,,CELSIUS,SE,0.1,N,
DATAFLOW,SPC:DF_CLIMATE_CHANGE(1.0),I,A,ST_ANOM,AS,2012,0.4,,CELSIUS,SE,0.1,N,
DATAFLOW,SPC:DF_CLIMATE_CHANGE(1.0),I,A,ST_ANOM,AS,2013,0.5,,CELSIUS,SE,0,N,
DATAFLOW,SPC:DF_CLIMATE_CHANGE(1.0),I,A,ST_ANOM,AS,2014,0.6,,CELSIUS,SE,0,N,
DATAFLOW,SPC:DF_CLIMATE_CHANGE(1.0),I,A,ST_ANOM,AS,2015,0.5,,CELSIUS,SE,0.1,N,
DATAFLOW,SPC:DF_CLIMATE_CHANGE(1.0),I,A,ST_ANOM,AS,2016,0.6,,CELSIUS,SE,0,N,
DATAFLOW,SPC:DF_CLIMATE_CHANGE(1.0),I,A,ST_ANOM,AS,2017,0.6,,CELSIUS,SE,0,N,
DATAFLOW,SPC:DF_CLIMATE_CHANGE(1.0),I,A,ST_ANOM,AS,2018,0.6,,CELSIUS,SE,0.1,N,
DATAFLOW,SPC:DF_CLIMATE_CHANGE(1.0),I,A,ST_ANOM,AS,2019,0.7,,CELSIUS,SE,0,N,
DATAFLOW,SPC:DF_CLIMATE_CHANGE(1.0),I,A,ST_ANOM,AS,2020,0.6,,CELSIUS,SE,0.1,N,
DATAFLOW,SPC:DF_CLIMATE_CHANGE(1.0),I,A,ST_ANOM,AS,2021,0.3,,CELSIUS,SE,0,N,
DATAFLOW,SPC:DF_CLIMATE_CHANGE(1.0),I,A,ST_ANOM,AS,2022,0.2,,CELSIUS,SE,0,N,
DATAFLOW,SPC:DF_CLIMATE_CHANGE(1.0),I,A,ST_ANOM,AS,2023,0.6,,CELSIUS,SE,0,N,
DATAFLOW,SPC:DF_CLIMATE_CHANGE(1.0),I,A,ST_ANOM,AS,2024,0.8,,CELSIUS,SE,0.1,N,
DATAFLOW,SPC:DF_CLIMATE_CHANGE(1.0),I,A,ST_ANOM,AS,2025,0.5,,CELSIUS,SE,0,N,
DATAFLOW,SPC:DF_CLIMATE_CHANGE(1.0),I,A,ST_ANOM,NU,1850,-0.1,,CELSIUS,SE,0.1,N,
DATAFLOW,SPC:DF_CLIMATE_CHANGE(1.0),I,A,ST_ANOM,NU,1851,-0.4,,CELSIUS,SE,0,N,
DATAFLOW,SPC:DF_CLIMATE_CHANGE(1.0),I,A,ST_ANOM,NU,1852,0,,CELSIUS,SE,0,N,
DATAFLOW,SPC:DF_CLIMATE_CHANGE(1.0),I,A,ST_ANOM,NU,1853,0.7,,CELSIUS,SE,0.1,N,
DATAFLOW,SPC:DF_CLIMATE_CHANGE(1.0),I,A,ST_ANOM,NU,1854,0.4,,CELSIUS,SE,0.1,N,
DATAFLOW,SPC:DF_CLIMATE_CHANGE(1.0),I,A,ST_ANOM,NU,1855,-0.2,,CELSIUS,SE,0.1,N,
DATAFLOW,SPC:DF_CLIMATE_CHANGE(1.0),I,A,ST_ANOM,NU,1856,0,,CELSIUS,SE,0.1,N,
DATAFLOW,SPC:DF_CLIMATE_CHANGE(1.0),I,A,ST_ANOM,NU,1857,-0.3,,CELSIUS,SE,0.1,N,
DATAFLOW,SPC:DF_CLIMATE_CHANGE(1.0),I,A,ST_ANOM,NU,1858,-0.2,,CELSIUS,SE,0,N,
DATAFLOW,SPC:DF_CLIMATE_CHANGE(1.0),I,A,ST_ANOM,NU,1859,0.2,,CELSIUS,SE,0.1,N,
DATAFLOW,SPC:DF_CLIMATE_CHANGE(1.0),I,A,ST_ANOM,NU,1860,0,,CELSIUS,SE,0,N,
DATAFLOW,SPC:DF_CLIMATE_CHANGE(1.0),I,A,ST_ANOM,NU,1861,-0.4,,CELSIUS,SE,0.2,N,
DATAFLOW,SPC:DF_CLIMATE_CHANGE(1.0),I,A,ST_ANOM,NU,1862,-0.2,,CELSIUS,SE,0,N,
DATAFLOW,SPC:DF_CLIMATE_CHANGE(1.0),I,A,ST_ANOM,NU,1863,-0.3,,CELSIUS,SE,0,N,
DATAFLOW,SPC:DF_CLIMATE_CHANGE(1.0),I,A,ST_ANOM,NU,1864,0,,CELSIUS,SE,0,N,
DATAFLOW,SPC:DF_CLIMATE_CHANGE(1.0),I,A,ST_ANOM,NU,1865,0,,CELSIUS,SE,0,N,
DATAFLOW,SPC:DF_CLIMATE_CHANGE(1.0),I,A,ST_ANOM,NU,1866,-0.1,,CELSIUS,SE,0,N,
DATAFLOW,SPC:DF_CLIMATE_CHANGE(1.0),I,A,ST_ANOM,NU,1867,0,,CELSIUS,SE,0,N,
DATAFLOW,SPC:DF_CLIMATE_CHANGE(1.0),I,A,ST_ANOM,NU,1868,0.2,,CELSIUS,SE,0.1,N,
DATAFLOW,SPC:DF_CLIMATE_CHANGE(1.0),I,A,ST_ANOM,NU,1869,0.1,,CELSIUS,SE,0.1,N,
DATAFLOW,SPC:DF_CLIMATE_CHANGE(1.0),I,A,ST_ANOM,NU,1870,0.1,,CELSIUS,SE,0.1,N,
DATAFLOW,SPC:DF_CLIMATE_CHANGE(1.0),I,A,ST_ANOM,NU,1871,0.4,,CELSIUS,SE,0.1,N,
DATAFLOW,SPC:DF_CLIMATE_CHANGE(1.0),I,A,ST_ANOM,NU,1872,0.3,,CELSIUS,SE,0.1,N,
DATAFLOW,SPC:DF_CLIMATE_CHANGE(1.0),I,A,ST_ANOM,NU,1873,-0.1,,CELSIUS,SE,0.1,N,
DATAFLOW,SPC:DF_CLIMATE_CHANGE(1.0),I,A,ST_ANOM,NU,1874,0.3,,CELSIUS,SE,0.2,N,
DATAFLOW,SPC:DF_CLIMATE_CHANGE(1.0),I,A,ST_ANOM,NU,1875,0.2,,CELSIUS,SE,0.1,N,
DATAFLOW,SPC:DF_CLIMATE_CHANGE(1.0),I,A,ST_ANOM,NU,1876,0.2,,CELSIUS,SE,0.1,N,
DATAFLOW,SPC:DF_CLIMATE_CHANGE(1.0),I,A,ST_ANOM,NU,1877,-0.3,,CELSIUS,SE,0.1,N,
DATAFLOW,SPC:DF_CLIMATE_CHANGE(1.0),I,A,ST_ANOM,NU,1878,-0.2,,CELSIUS,SE,0.1,N,
DATAFLOW,SPC:DF_CLIMATE_CHANGE(1.0),I,A,ST_ANOM,NU,1879,0.1,,CELSIUS,SE,0.1,N,
DATAFLOW,SPC:DF_CLIMATE_CHANGE(1.0),I,A,ST_ANOM,NU,1880,0.1,,CELSIUS,SE,0,N,
DATAFLOW,SPC:DF_CLIMATE_CHANGE(1.0),I,A,ST_ANOM,NU,1881,0.1,,CELSIUS,SE,0.1,N,
DATAFLOW,SPC:DF_CLIMATE_CHANGE(1.0),I,A,ST_ANOM,NU,1882,0.2,,CELSIUS,SE,0.1,N,
DATAFLOW,SPC:DF_CLIMATE_CHANGE(1.0),I,A,ST_ANOM,NU,1883,-0.4,,CELSIUS,SE,0.1,N,
DATAFLOW,SPC:DF_CLIMATE_CHANGE(1.0),I,A,ST_ANOM,NU,1884,-0.5,,CELSIUS,SE,0.2,N,
DATAFLOW,SPC:DF_CLIMATE_CHANGE(1.0),I,A,ST_ANOM,NU,1885,-0.8,,CELSIUS,SE,0.1,N,
DATAFLOW,SPC:DF_CLIMATE_CHANGE(1.0),I,A,ST_ANOM,NU,1886,-0.5,,CELSIUS,SE,0.1,N,
DATAFLOW,SPC:DF_CLIMATE_CHANGE(1.0),I,A,ST_ANOM,NU,1887,-0.3,,CELSIUS,SE,0.2,N,
DATAFLOW,SPC:DF_CLIMATE_CHANGE(1.0),I,A,ST_ANOM,NU,1888,-0.5,,CELSIUS,SE,0.1,N,
DATAFLOW,SPC:DF_CLIMATE_CHANGE(1.0),I,A,ST_ANOM,NU,1889,-0.2,,CELSIUS,SE,0.1,N,
DATAFLOW,SPC:DF_CLIMATE_CHANGE(1.0),I,A,ST_ANOM,NU,1890,-0.2,,CELSIUS,SE,0.1,N,
DATAFLOW,SPC:DF_CLIMATE_CHANGE(1.0),I,A,ST_ANOM,NU,1891,-0.4,,CELSIUS,SE,0.1,N,
DATAFLOW,SPC:DF_CLIMATE_CHANGE(1.0),I,A,ST_ANOM,NU,1892,-0.2,,CELSIUS,SE,0.1,N,
DATAFLOW,SPC:DF_CLIMATE_CHANGE(1.0),I,A,ST_ANOM,NU,1893,-0.5,,CELSIUS,SE,0.1,N,
DATAFLOW,SPC:DF_CLIMATE_CHANGE(1.0),I,A,ST_ANOM,NU,1894,-0.2,,CELSIUS,SE,0.1,N,
DATAFLOW,SPC:DF_CLIMATE_CHANGE(1.0),I,A,ST_ANOM,NU,1895,-0.1,,CELSIUS,SE,0.1,N,
DATAFLOW,SPC:DF_CLIMATE_CHANGE(1.0),I,A,ST_ANOM,NU,1896,-0.6,,CELSIUS,SE,0.1,N,
DATAFLOW,SPC:DF_CLIMATE_CHANGE(1.0),I,A,ST_ANOM,NU,1897,-0.4,,CELSIUS,SE,0.1,N,
DATAFLOW,SPC:DF_CLIMATE_CHANGE(1.0),I,A,ST_ANOM,NU,1898,0,,CELSIUS,SE,0,N,
DATAFLOW,SPC:DF_CLIMATE_CHANGE(1.0),I,A,ST_ANOM,NU,1899,0.1,,CELSIUS,SE,0.1,N,
DATAFLOW,SPC:DF_CLIMATE_CHANGE(1.0),I,A,ST_ANOM,NU,1900,-0.1,,CELSIUS,SE,0.2,N,
DATAFLOW,SPC:DF_CLIMATE_CHANGE(1.0),I,A,ST_ANOM,NU,1901,0.4,,CELSIUS,SE,0.1,N,
DATAFLOW,SPC:DF_CLIMATE_CHANGE(1.0),I,A,ST_ANOM,NU,1902,-0.7,,CELSIUS,SE,0.1,N,
DATAFLOW,SPC:DF_CLIMATE_CHANGE(1.0),I,A,ST_ANOM,NU,1903,-0.2,,CELSIUS,SE,0.1,N,
DATAFLOW,SPC:DF_CLIMATE_CHANGE(1.0),I,A,ST_ANOM,NU,1904,-0.4,,CELSIUS,SE,0.1,N,
DATAFLOW,SPC:DF_CLIMATE_CHANGE(1.0),I,A,ST_ANOM,NU,1905,-0.7,,CELSIUS,SE,0.1,N,
DATAFLOW,SPC:DF_CLIMATE_CHANGE(1.0),I,A,ST_ANOM,NU,1906,0,,CELSIUS,SE,0.1,N,
DATAFLOW,SPC:DF_CLIMATE_CHANGE(1.0),I,A,ST_ANOM,NU,1907,-0.5,,CELSIUS,SE,0.1,N,
DATAFLOW,SPC:DF_CLIMATE_CHANGE(1.0),I,A,ST_ANOM,NU,1908,-0.5,,CELSIUS,SE,0.1,N,
DATAFLOW,SPC:DF_CLIMATE_CHANGE(1.0),I,A,ST_ANOM,NU,1909,-0.6,,CELSIUS,SE,0.1,N,
DATAFLOW,SPC:DF_CLIMATE_CHANGE(1.0),I,A,ST_ANOM,NU,1910,-0.5,,CELSIUS,SE,0.1,N,
DATAFLOW,SPC:DF_CLIMATE_CHANGE(1.0),I,A,ST_ANOM,NU,1911,-0.5,,CELSIUS,SE,0.1,N,
DATAFLOW,SPC:DF_CLIMATE_CHANGE(1.0),I,A,ST_ANOM,NU,1912,-0.4,,CELSIUS,SE,0.1,N,
DATAFLOW,SPC:DF_CLIMATE_CHANGE(1.0),I,A,ST_ANOM,NU,1913,-0.5,,CELSIUS,SE,0.1,N,
DATAFLOW,SPC:DF_CLIMATE_CHANGE(1.0),I,A,ST_ANOM,NU,1914,-0.2,,CELSIUS,SE,0.1,N,
DATAFLOW,SPC:DF_CLIMATE_CHANGE(1.0),I,A,ST_ANOM,NU,1915,-0.1,,CELSIUS,SE,0.1,N,
DATAFLOW,SPC:DF_CLIMATE_CHANGE(1.0),I,A,ST_ANOM,NU,1916,0.2,,CELSIUS,SE,0.1,N,
DATAFLOW,SPC:DF_CLIMATE_CHANGE(1.0),I,A,ST_ANOM,NU,1917,-0.3,,CELSIUS,SE,0.1,N,
DATAFLOW,SPC:DF_CLIMATE_CHANGE(1.0),I,A,ST_ANOM,NU,1918,-0.4,,CELSIUS,SE,0,N,
DATAFLOW,SPC:DF_CLIMATE_CHANGE(1.0),I,A,ST_ANOM,NU,1919,-0.9,,CELSIUS,SE,0.1,N,
DATAFLOW,SPC:DF_CLIMATE_CHANGE(1.0),I,A,ST_ANOM,NU,1920,-0.5,,CELSIUS,SE,0.1,N,
DATAFLOW,SPC:DF_CLIMATE_CHANGE(1.0),I,A,ST_ANOM,NU,1921,-0.4,,CELSIUS,SE,0.1,N,
DATAFLOW,SPC:DF_CLIMATE_CHANGE(1.0),I,A,ST_ANOM,NU,1922,0,,CELSIUS,SE,0.1,N,
DATAFLOW,SPC:DF_CLIMATE_CHANGE(1.0),I,A,ST_ANOM,NU,1923,-0.4,,CELSIUS,SE,0.1,N,
DATAFLOW,SPC:DF_CLIMATE_CHANGE(1.0),I,A,ST_ANOM,NU,1924,0,,CELSIUS,SE,0.1,N,
DATAFLOW,SPC:DF_CLIMATE_CHANGE(1.0),I,A,ST_ANOM,NU,1925,-0.3,,CELSIUS,SE,0.1,N,
DATAFLOW,SPC:DF_CLIMATE_CHANGE(1.0),I,A,ST_ANOM,NU,1926,-0.5,,CELSIUS,SE,0.1,N,
DATAFLOW,SPC:DF_CLIMATE_CHANGE(1.0),I,A,ST_ANOM,NU,1927,-0.2,,CELSIUS,SE,0.1,N,
DATAFLOW,SPC:DF_CLIMATE_CHANGE(1.0),I,A,ST_ANOM,NU,1928,-0.3,,CELSIUS,SE,0.1,N,
DATAFLOW,SPC:DF_CLIMATE_CHANGE(1.0),I,A,ST_ANOM,NU,1929,-0.3,,CELSIUS,SE,0,N,
DATAFLOW,SPC:DF_CLIMATE_CHANGE(1.0),I,A,ST_ANOM,NU,1930,-0.6,,CELSIUS,SE,0.1,N,
DATAFLOW,SPC:DF_CLIMATE_CHANGE(1.0),I,A,ST_ANOM,NU,1931,-0.5,,CELSIUS,SE,0.1,N,
DATAFLOW,SPC:DF_CLIMATE_CHANGE(1.0),I,A,ST_ANOM,NU,1932,-0.1,,CELSIUS,SE,0.1,N,
DATAFLOW,SPC:DF_CLIMATE_CHANGE(1.0),I,A,ST_ANOM,NU,1933,-0.5,,CELSIUS,SE,0.1,N,
DATAFLOW,SPC:DF_CLIMATE_CHANGE(1.0),I,A,ST_ANOM,NU,1934,-0.4,,CELSIUS,SE,0.1,N,
DATAFLOW,SPC:DF_CLIMATE_CHANGE(1.0),I,A,ST_ANOM,NU,1935,-0.4,,CELSIUS,SE,0.1,N,
DATAFLOW,SPC:DF_CLIMATE_CHANGE(1.0),I,A,ST_ANOM,NU,1936,-0.2,,CELSIUS,SE,0.1,N,
DATAFLOW,SPC:DF_CLIMATE_CHANGE(1.0),I,A,ST_ANOM,NU,1937,-0.3,,CELSIUS,SE,0.1,N,
DATAFLOW,SPC:DF_CLIMATE_CHANGE(1.0),I,A,ST_ANOM,NU,1938,-0.2,,CELSIUS,SE,0.1,N,
DATAFLOW,SPC:DF_CLIMATE_CHANGE(1.0),I,A,ST_ANOM,NU,1939,-0.4,,CELSIUS,SE,0.1,N,
DATAFLOW,SPC:DF_CLIMATE_CHANGE(1.0),I,A,ST_ANOM,NU,1940,-0.3,,CELSIUS,SE,0.1,N,
DATAFLOW,SPC:DF_CLIMATE_CHANGE(1.0),I,A,ST_ANOM,NU,1941,-0.1,,CELSIUS,SE,0.1,N,
DATAFLOW,SPC:DF_CLIMATE_CHANGE(1.0),I,A,ST_ANOM,NU,1942,0.3,,CELSIUS,SE,0.1,N,
DATAFLOW,SPC:DF_CLIMATE_CHANGE(1.0),I,A,ST_ANOM,NU,1943,0.5,,CELSIUS,SE,0.1,N,
DATAFLOW,SPC:DF_CLIMATE_CHANGE(1.0),I,A,ST_ANOM,NU,1944,0.4,,CELSIUS,SE,0.1,N,
DATAFLOW,SPC:DF_CLIMATE_CHANGE(1.0),I,A,ST_ANOM,NU,1945,0.2,,CELSIUS,SE,0.1,N,
DATAFLOW,SPC:DF_CLIMATE_CHANGE(1.0),I,A,ST_ANOM,NU,1946,0.3,,CELSIUS,SE,0.1,N,
DATAFLOW,SPC:DF_CLIMATE_CHANGE(1.0),I,A,ST_ANOM,NU,1947,0.2,,CELSIUS,SE,0.1,N,
DATAFLOW,SPC:DF_CLIMATE_CHANGE(1.0),I,A,ST_ANOM,NU,1948,-0.2,,CELSIUS,SE,0.1,N,
DATAFLOW,SPC:DF_CLIMATE_CHANGE(1.0),I,A,ST_ANOM,NU,1949,-0.1,,CELSIUS,SE,0.1,N,
DATAFLOW,SPC:DF_CLIMATE_CHANGE(1.0),I,A,ST_ANOM,NU,1950,0.2,,CELSIUS,SE,0.1,N,
DATAFLOW,SPC:DF_CLIMATE_CHANGE(1.0),I,A,ST_ANOM,NU,1951,0,,CELSIUS,SE,0.1,N,
DATAFLOW,SPC:DF_CLIMATE_CHANGE(1.0),I,A,ST_ANOM,NU,1952,0.3,,CELSIUS,SE,0.1,N,
DATAFLOW,SPC:DF_CLIMATE_CHANGE(1.0),I,A,ST_ANOM,NU,1953,0.1,,CELSIUS,SE,0.1,N,
DATAFLOW,SPC:DF_CLIMATE_CHANGE(1.0),I,A,ST_ANOM,NU,1954,0.1,,CELSIUS,SE,0.1,N,
DATAFLOW,SPC:DF_CLIMATE_CHANGE(1.0),I,A,ST_ANOM,NU,1955,-0.1,,CELSIUS,SE,0.1,N,
DATAFLOW,SPC:DF_CLIMATE_CHANGE(1.0),I,A,ST_ANOM,NU,1956,0,,CELSIUS,SE,0.1,N,
DATAFLOW,SPC:DF_CLIMATE_CHANGE(1.0),I,A,ST_ANOM,NU,1957,-0.2,,CELSIUS,SE,0.1,N,
DATAFLOW,SPC:DF_CLIMATE_CHANGE(1.0),I,A,ST_ANOM,NU,1958,-0.2,,CELSIUS,SE,0.1,N,
DATAFLOW,SPC:DF_CLIMATE_CHANGE(1.0),I,A,ST_ANOM,NU,1959,0.1,,CELSIUS,SE,0.1,N,
DATAFLOW,SPC:DF_CLIMATE_CHANGE(1.0),I,A,ST_ANOM,NU,1960,0,,CELSIUS,SE,0.1,N,
DATAFLOW,SPC:DF_CLIMATE_CHANGE(1.0),I,A,ST_ANOM,NU,1961,0.2,,CELSIUS,SE,0.1,N,
DATAFLOW,SPC:DF_CLIMATE_CHANGE(1.0),I,A,ST_ANOM,NU,1962,-0.1,,CELSIUS,SE,0.1,N,
DATAFLOW,SPC:DF_CLIMATE_CHANGE(1.0),I,A,ST_ANOM,NU,1963,0,,CELSIUS,SE,0.1,N,
DATAFLOW,SPC:DF_CLIMATE_CHANGE(1.0),I,A,ST_ANOM,NU,1964,0,,CELSIUS,SE,0.1,N,
DATAFLOW,SPC:DF_CLIMATE_CHANGE(1.0),I,A,ST_ANOM,NU,1965,-0.3,,CELSIUS,SE,0,N,
DATAFLOW,SPC:DF_CLIMATE_CHANGE(1.0),I,A,ST_ANOM,NU,1966,-0.1,,CELSIUS,SE,0.1,N,
DATAFLOW,SPC:DF_CLIMATE_CHANGE(1.0),I,A,ST_ANOM,NU,1967,-0.2,,CELSIUS,SE,0.1,N,
DATAFLOW,SPC:DF_CLIMATE_CHANGE(1.0),I,A,ST_ANOM,NU,1968,0.2,,CELSIUS,SE,0.1,N,
DATAFLOW,SPC:DF_CLIMATE_CHANGE(1.0),I,A,ST_ANOM,NU,1969,0.1,,CELSIUS,SE,0.1,N,
DATAFLOW,SPC:DF_CLIMATE_CHANGE(1.0),I,A,ST_ANOM,NU,1970,0.2,,CELSIUS,SE,0.1,N,
DATAFLOW,SPC:DF_CLIMATE_CHANGE(1.0),I,A,ST_ANOM,NU,1971,0.1,,CELSIUS,SE,0.1,N,
DATAFLOW,SPC:DF_CLIMATE_CHANGE(1.0),I,A,ST_ANOM,NU,1972,-0.1,,CELSIUS,SE,0.1,N,
DATAFLOW,SPC:DF_CLIMATE_CHANGE(1.0),I,A,ST_ANOM,NU,1973,0.4,,CELSIUS,SE,0.1,N,
DATAFLOW,SPC:DF_CLIMATE_CHANGE(1.0),I,A,ST_ANOM,NU,1974,0.1,,CELSIUS,SE,0.1,N,
DATAFLOW,SPC:DF_CLIMATE_CHANGE(1.0),I,A,ST_ANOM,NU,1975,0,,CELSIUS,SE,0,N,
DATAFLOW,SPC:DF_CLIMATE_CHANGE(1.0),I,A,ST_ANOM,NU,1976,-0.2,,CELSIUS,SE,0,N,
DATAFLOW,SPC:DF_CLIMATE_CHANGE(1.0),I,A,ST_ANOM,NU,1977,-0.3,,CELSIUS,SE,0.1,N,
DATAFLOW,SPC:DF_CLIMATE_CHANGE(1.0),I,A,ST_ANOM,NU,1978,-0.1,,CELSIUS,SE,0.1,N,
DATAFLOW,SPC:DF_CLIMATE_CHANGE(1.0),I,A,ST_ANOM,NU,1979,-0.1,,CELSIUS,SE,0.1,N,
DATAFLOW,SPC:DF_CLIMATE_CHANGE(1.0),I,A,ST_ANOM,NU,1980,0.1,,CELSIUS,SE,0.1,N,
DATAFLOW,SPC:DF_CLIMATE_CHANGE(1.0),I,A,ST_ANOM,NU,1981,-0.1,,CELSIUS,SE,0.1,N,
DATAFLOW,SPC:DF_CLIMATE_CHANGE(1.0),I,A,ST_ANOM,NU,1982,-0.1,,CELSIUS,SE,0.1,N,
DATAFLOW,SPC:DF_CLIMATE_CHANGE(1.0),I,A,ST_ANOM,NU,1983,-0.3,,CELSIUS,SE,0.1,N,
DATAFLOW,SPC:DF_CLIMATE_CHANGE(1.0),I,A,ST_ANOM,NU,1984,0,,CELSIUS,SE,0.1,N,
DATAFLOW,SPC:DF_CLIMATE_CHANGE(1.0),I,A,ST_ANOM,NU,1985,-0.2,,CELSIUS,SE,0.1,N,
DATAFLOW,SPC:DF_CLIMATE_CHANGE(1.0),I,A,ST_ANOM,NU,1986,-0.3,,CELSIUS,SE,0,N,
DATAFLOW,SPC:DF_CLIMATE_CHANGE(1.0),I,A,ST_ANOM,NU,1987,-0.4,,CELSIUS,SE,0.1,N,
DATAFLOW,SPC:DF_CLIMATE_CHANGE(1.0),I,A,ST_ANOM,NU,1988,0.3,,CELSIUS,SE,0.1,N,
DATAFLOW,SPC:DF_CLIMATE_CHANGE(1.0),I,A,ST_ANOM,NU,1989,0,,CELSIUS,SE,0.1,N,
DATAFLOW,SPC:DF_CLIMATE_CHANGE(1.0),I,A,ST_ANOM,NU,1990,0,,CELSIUS,SE,0.1,N,
DATAFLOW,SPC:DF_CLIMATE_CHANGE(1.0),I,A,ST_ANOM,NU,1991,0.3,,CELSIUS,SE,0.1,N,
DATAFLOW,SPC:DF_CLIMATE_CHANGE(1.0),I,A,ST_ANOM,NU,1992,0.2,,CELSIUS,SE,0.1,N,
DATAFLOW,SPC:DF_CLIMATE_CHANGE(1.0),I,A,ST_ANOM,NU,1993,0,,CELSIUS,SE,0.1,N,
DATAFLOW,SPC:DF_CLIMATE_CHANGE(1.0),I,A,ST_ANOM,NU,1994,0.1,,CELSIUS,SE,0.1,N,
DATAFLOW,SPC:DF_CLIMATE_CHANGE(1.0),I,A,ST_ANOM,NU,1995,0.3,,CELSIUS,SE,0.1,N,
DATAFLOW,SPC:DF_CLIMATE_CHANGE(1.0),I,A,ST_ANOM,NU,1996,0.3,,CELSIUS,SE,0,N,
DATAFLOW,SPC:DF_CLIMATE_CHANGE(1.0),I,A,ST_ANOM,NU,1997,-0.2,,CELSIUS,SE,0.2,N,
DATAFLOW,SPC:DF_CLIMATE_CHANGE(1.0),I,A,ST_ANOM,NU,1998,-0.3,,CELSIUS,SE,0.2,N,
DATAFLOW,SPC:DF_CLIMATE_CHANGE(1.0),I,A,ST_ANOM,NU,1999,0.4,,CELSIUS,SE,0.1,N,
DATAFLOW,SPC:DF_CLIMATE_CHANGE(1.0),I,A,ST_ANOM,NU,2000,0.5,,CELSIUS,SE,0.1,N,
DATAFLOW,SPC:DF_CLIMATE_CHANGE(1.0),I,A,ST_ANOM,NU,2001,0.2,,CELSIUS,SE,0.1,N,
DATAFLOW,SPC:DF_CLIMATE_CHANGE(1.0),I,A,ST_ANOM,NU,2002,0.4,,CELSIUS,SE,0.1,N,
DATAFLOW,SPC:DF_CLIMATE_CHANGE(1.0),I,A,ST_ANOM,NU,2003,0.4,,CELSIUS,SE,0,N,
DATAFLOW,SPC:DF_CLIMATE_CHANGE(1.0),I,A,ST_ANOM,NU,2004,0.6,,CELSIUS,SE,0,N,
DATAFLOW,SPC:DF_CLIMATE_CHANGE(1.0),I,A,ST_ANOM,NU,2005,0.6,,CELSIUS,SE,0.1,N,
DATAFLOW,SPC:DF_CLIMATE_CHANGE(1.0),I,A,ST_ANOM,NU,2006,0.5,,CELSIUS,SE,0.1,N,
DATAFLOW,SPC:DF_CLIMATE_CHANGE(1.0),I,A,ST_ANOM,NU,2007,0.5,,CELSIUS,SE,0.1,N,
DATAFLOW,SPC:DF_CLIMATE_CHANGE(1.0),I,A,ST_ANOM,NU,2008,0.3,,CELSIUS,SE,0.1,N,
DATAFLOW,SPC:DF_CLIMATE_CHANGE(1.0),I,A,ST_ANOM,NU,2009,0.4,,CELSIUS,SE,0.1,N,
DATAFLOW,SPC:DF_CLIMATE_CHANGE(1.0),I,A,ST_ANOM,NU,2010,0.7,,CELSIUS,SE,0.1,N,
DATAFLOW,SPC:DF_CLIMATE_CHANGE(1.0),I,A,ST_ANOM,NU,2011,0.5,,CELSIUS,SE,0.1,N,
DATAFLOW,SPC:DF_CLIMATE_CHANGE(1.0),I,A,ST_ANOM,NU,2012,0.4,,CELSIUS,SE,0.1,N,
DATAFLOW,SPC:DF_CLIMATE_CHANGE(1.0),I,A,ST_ANOM,NU,2013,0.6,,CELSIUS,SE,0.1,N,
DATAFLOW,SPC:DF_CLIMATE_CHANGE(1.0),I,A,ST_ANOM,NU,2014,0.6,,CELSIUS,SE,0,N,
DATAFLOW,SPC:DF_CLIMATE_CHANGE(1.0),I,A,ST_ANOM,NU,2015,0.1,,CELSIUS,SE,0.1,N,
DATAFLOW,SPC:DF_CLIMATE_CHANGE(1.0),I,A,ST_ANOM,NU,2016,0.4,,CELSIUS,SE,0.2,N,
DATAFLOW,SPC:DF_CLIMATE_CHANGE(1.0),I,A,ST_ANOM,NU,2017,0.8,,CELSIUS,SE,0.1,N,
DATAFLOW,SPC:DF_CLIMATE_CHANGE(1.0),I,A,ST_ANOM,NU,2018,0.6,,CELSIUS,SE,0.1,N,
DATAFLOW,SPC:DF_CLIMATE_CHANGE(1.0),I,A,ST_ANOM,NU,2019,0.7,,CELSIUS,SE,0,N,
DATAFLOW,SPC:DF_CLIMATE_CHANGE(1.0),I,A,ST_ANOM,NU,2020,0.7,,CELSIUS,SE,0.1,N,
DATAFLOW,SPC:DF_CLIMATE_CHANGE(1.0),I,A,ST_ANOM,NU,2021,0.7,,CELSIUS,SE,0,N,
DATAFLOW,SPC:DF_CLIMATE_CHANGE(1.0),I,A,ST_ANOM,NU,2022,0.7,,CELSIUS,SE,0.1,N,
DATAFLOW,SPC:DF_CLIMATE_CHANGE(1.0),I,A,ST_ANOM,NU,2023,0.5,,CELSIUS,SE,0.1,N,
DATAFLOW,SPC:DF_CLIMATE_CHANGE(1.0),I,A,ST_ANOM,NU,2024,0.6,,CELSIUS,SE,0.1,N,
DATAFLOW,SPC:DF_CLIMATE_CHANGE(1.0),I,A,ST_ANOM,NU,2025,0.5,,CELSIUS,SE,0,N,
DATAFLOW,SPC:DF_CLIMATE_CHANGE(1.0),I,A,ST_ANOM,NR,1850,0.3,,CELSIUS,SE,0.1,N,
DATAFLOW,SPC:DF_CLIMATE_CHANGE(1.0),I,A,ST_ANOM,NR,1851,-0.2,,CELSIUS,SE,0.1,N,
DATAFLOW,SPC:DF_CLIMATE_CHANGE(1.0),I,A,ST_ANOM,NR,1852,0.2,,CELSIUS,SE,0.1,N,
DATAFLOW,SPC:DF_CLIMATE_CHANGE(1.0),I,A,ST_ANOM,NR,1853,0.2,,CELSIUS,SE,0.1,N,
DATAFLOW,SPC:DF_CLIMATE_CHANGE(1.0),I,A,ST_ANOM,NR,1854,0.3,,CELSIUS,SE,0.1,N,
DATAFLOW,SPC:DF_CLIMATE_CHANGE(1.0),I,A,ST_ANOM,NR,1855,0.2,,CELSIUS,SE,0.2,N,
DATAFLOW,SPC:DF_CLIMATE_CHANGE(1.0),I,A,ST_ANOM,NR,1856,-0.1,,CELSIUS,SE,0.2,N,
DATAFLOW,SPC:DF_CLIMATE_CHANGE(1.0),I,A,ST_ANOM,NR,1857,-0.2,,CELSIUS,SE,0.1,N,
DATAFLOW,SPC:DF_CLIMATE_CHANGE(1.0),I,A,ST_ANOM,NR,1858,0,,CELSIUS,SE,0.1,N,
DATAFLOW,SPC:DF_CLIMATE_CHANGE(1.0),I,A,ST_ANOM,NR,1859,0.4,,CELSIUS,SE,0.1,N,
DATAFLOW,SPC:DF_CLIMATE_CHANGE(1.0),I,A,ST_ANOM,NR,1860,-0.1,,CELSIUS,SE,0,N,
DATAFLOW,SPC:DF_CLIMATE_CHANGE(1.0),I,A,ST_ANOM,NR,1861,-0.4,,CELSIUS,SE,0.2,N,
DATAFLOW,SPC:DF_CLIMATE_CHANGE(1.0),I,A,ST_ANOM,NR,1862,-0.1,,CELSIUS,SE,0,N,
DATAFLOW,SPC:DF_CLIMATE_CHANGE(1.0),I,A,ST_ANOM,NR,1863,-0.1,,CELSIUS,SE,0,N,
DATAFLOW,SPC:DF_CLIMATE_CHANGE(1.0),I,A,ST_ANOM,NR,1864,0,,CELSIUS,SE,0,N,
DATAFLOW,SPC:DF_CLIMATE_CHANGE(1.0),I,A,ST_ANOM,NR,1865,0,,CELSIUS,SE,0,N,
DATAFLOW,SPC:DF_CLIMATE_CHANGE(1.0),I,A,ST_ANOM,NR,1866,0,,CELSIUS,SE,0,N,
DATAFLOW,SPC:DF_CLIMATE_CHANGE(1.0),I,A,ST_ANOM,NR,1867,-0.2,,CELSIUS,SE,0,N,
DATAFLOW,SPC:DF_CLIMATE_CHANGE(1.0),I,A,ST_ANOM,NR,1868,-0.1,,CELSIUS,SE,0,N,
DATAFLOW,SPC:DF_CLIMATE_CHANGE(1.0),I,A,ST_ANOM,NR,1869,-0.1,,CELSIUS,SE,0.1,N,
DATAFLOW,SPC:DF_CLIMATE_CHANGE(1.0),I,A,ST_ANOM,NR,1870,-0.7,,CELSIUS,SE,0.1,N,
DATAFLOW,SPC:DF_CLIMATE_CHANGE(1.0),I,A,ST_ANOM,NR,1871,-0.2,,CELSIUS,SE,0,N,
DATAFLOW,SPC:DF_CLIMATE_CHANGE(1.0),I,A,ST_ANOM,NR,1872,-0.2,,CELSIUS,SE,0,N,
DATAFLOW,SPC:DF_CLIMATE_CHANGE(1.0),I,A,ST_ANOM,NR,1873,-0.5,,CELSIUS,SE,0.1,N,
DATAFLOW,SPC:DF_CLIMATE_CHANGE(1.0),I,A,ST_ANOM,NR,1874,-0.1,,CELSIUS,SE,0.1,N,
DATAFLOW,SPC:DF_CLIMATE_CHANGE(1.0),I,A,ST_ANOM,NR,1875,-0.2,,CELSIUS,SE,0,N,
DATAFLOW,SPC:DF_CLIMATE_CHANGE(1.0),I,A,ST_ANOM,NR,1876,-0.3,,CELSIUS,SE,0,N,
DATAFLOW,SPC:DF_CLIMATE_CHANGE(1.0),I,A,ST_ANOM,NR,1877,-0.4,,CELSIUS,SE,0,N,
DATAFLOW,SPC:DF_CLIMATE_CHANGE(1.0),I,A,ST_ANOM,NR,1878,-0.4,,CELSIUS,SE,0,N,
DATAFLOW,SPC:DF_CLIMATE_CHANGE(1.0),I,A,ST_ANOM,NR,1879,-0.7,,CELSIUS,SE,0,N,
DATAFLOW,SPC:DF_CLIMATE_CHANGE(1.0),I,A,ST_ANOM,NR,1880,-0.4,,CELSIUS,SE,0,N,
DATAFLOW,SPC:DF_CLIMATE_CHANGE(1.0),I,A,ST_ANOM,NR,1881,0.2,,CELSIUS,SE,0.1,N,
DATAFLOW,SPC:DF_CLIMATE_CHANGE(1.0),I,A,ST_ANOM,NR,1882,0.5,,CELSIUS,SE,0.1,N,
DATAFLOW,SPC:DF_CLIMATE_CHANGE(1.0),I,A,ST_ANOM,NR,1883,-0.1,,CELSIUS,SE,0.1,N,
DATAFLOW,SPC:DF_CLIMATE_CHANGE(1.0),I,A,ST_ANOM,NR,1884,0,,CELSIUS,SE,0.1,N,
DATAFLOW,SPC:DF_CLIMATE_CHANGE(1.0),I,A,ST_ANOM,NR,1885,-0.3,,CELSIUS,SE,0.1,N,
DATAFLOW,SPC:DF_CLIMATE_CHANGE(1.0),I,A,ST_ANOM,NR,1886,-0.4,,CELSIUS,SE,0.1,N,
DATAFLOW,SPC:DF_CLIMATE_CHANGE(1.0),I,A,ST_ANOM,NR,1887,-0.5,,CELSIUS,SE,0.2,N,
DATAFLOW,SPC:DF_CLIMATE_CHANGE(1.0),I,A,ST_ANOM,NR,1888,0,,CELSIUS,SE,0.2,N,
DATAFLOW,SPC:DF_CLIMATE_CHANGE(1.0),I,A,ST_ANOM,NR,1889,-0.5,,CELSIUS,SE,0.1,N,
DATAFLOW,SPC:DF_CLIMATE_CHANGE(1.0),I,A,ST_ANOM,NR,1890,-0.3,,CELSIUS,SE,0.1,N,
DATAFLOW,SPC:DF_CLIMATE_CHANGE(1.0),I,A,ST_ANOM,NR,1891,0,,CELSIUS,SE,0.1,N,
DATAFLOW,SPC:DF_CLIMATE_CHANGE(1.0),I,A,ST_ANOM,NR,1892,0.1,,CELSIUS,SE,0.1,N,
DATAFLOW,SPC:DF_CLIMATE_CHANGE(1.0),I,A,ST_ANOM,NR,1893,-0.2,,CELSIUS,SE,0,N,
DATAFLOW,SPC:DF_CLIMATE_CHANGE(1.0),I,A,ST_ANOM,NR,1894,-0.1,,CELSIUS,SE,0,N,
DATAFLOW,SPC:DF_CLIMATE_CHANGE(1.0),I,A,ST_ANOM,NR,1895,-0.1,,CELSIUS,SE,0,N,
DATAFLOW,SPC:DF_CLIMATE_CHANGE(1.0),I,A,ST_ANOM,NR,1896,-0.2,,CELSIUS,SE,0,N,
DATAFLOW,SPC:DF_CLIMATE_CHANGE(1.0),I,A,ST_ANOM,NR,1897,-0.1,,CELSIUS,SE,0.2,N,
DATAFLOW,SPC:DF_CLIMATE_CHANGE(1.0),I,A,ST_ANOM,NR,1898,-0.4,,CELSIUS,SE,0.1,N,
DATAFLOW,SPC:DF_CLIMATE_CHANGE(1.0),I,A,ST_ANOM,NR,1899,-0.1,,CELSIUS,SE,0.2,N,
DATAFLOW,SPC:DF_CLIMATE_CHANGE(1.0),I,A,ST_ANOM,NR,1900,0.3,,CELSIUS,SE,0.1,N,
DATAFLOW,SPC:DF_CLIMATE_CHANGE(1.0),I,A,ST_ANOM,NR,1901,0.1,,CELSIUS,SE,0,N,
DATAFLOW,SPC:DF_CLIMATE_CHANGE(1.0),I,A,ST_ANOM,NR,1902,-0.4,,CELSIUS,SE,0.2,N,
DATAFLOW,SPC:DF_CLIMATE_CHANGE(1.0),I,A,ST_ANOM,NR,1903,-0.2,,CELSIUS,SE,0.1,N,
DATAFLOW,SPC:DF_CLIMATE_CHANGE(1.0),I,A,ST_ANOM,NR,1904,-0.5,,CELSIUS,SE,0.1,N,
DATAFLOW,SPC:DF_CLIMATE_CHANGE(1.0),I,A,ST_ANOM,NR,1905,-0.3,,CELSIUS,SE,0.1,N,
DATAFLOW,SPC:DF_CLIMATE_CHANGE(1.0),I,A,ST_ANOM,NR,1906,-0.6,,CELSIUS,SE,0.1,N,
DATAFLOW,SPC:DF_CLIMATE_CHANGE(1.0),I,A,ST_ANOM,NR,1907,-0.3,,CELSIUS,SE,0.1,N,
DATAFLOW,SPC:DF_CLIMATE_CHANGE(1.0),I,A,ST_ANOM,NR,1908,-0.8,,CELSIUS,SE,0.2,N,
DATAFLOW,SPC:DF_CLIMATE_CHANGE(1.0),I,A,ST_ANOM,NR,1909,-0.8,,CELSIUS,SE,0.1,N,
DATAFLOW,SPC:DF_CLIMATE_CHANGE(1.0),I,A,ST_ANOM,NR,1910,-1.3,,CELSIUS,SE,0.1,N,
DATAFLOW,SPC:DF_CLIMATE_CHANGE(1.0),I,A,ST_ANOM,NR,1911,-0.7,,CELSIUS,SE,0.1,N,
DATAFLOW,SPC:DF_CLIMATE_CHANGE(1.0),I,A,ST_ANOM,NR,1912,-0.4,,CELSIUS,SE,0.2,N,
DATAFLOW,SPC:DF_CLIMATE_CHANGE(1.0),I,A,ST_ANOM,NR,1913,-0.5,,CELSIUS,SE,0.2,N,
DATAFLOW,SPC:DF_CLIMATE_CHANGE(1.0),I,A,ST_ANOM,NR,1914,-0.2,,CELSIUS,SE,0.1,N,
DATAFLOW,SPC:DF_CLIMATE_CHANGE(1.0),I,A,ST_ANOM,NR,1915,-0.5,,CELSIUS,SE,0.1,N,
DATAFLOW,SPC:DF_CLIMATE_CHANGE(1.0),I,A,ST_ANOM,NR,1916,-1.3,,CELSIUS,SE,0.2,N,
DATAFLOW,SPC:DF_CLIMATE_CHANGE(1.0),I,A,ST_ANOM,NR,1917,-2,,CELSIUS,SE,0.3,N,
DATAFLOW,SPC:DF_CLIMATE_CHANGE(1.0),I,A,ST_ANOM,NR,1918,-0.6,,CELSIUS,SE,0.2,N,
DATAFLOW,SPC:DF_CLIMATE_CHANGE(1.0),I,A,ST_ANOM,NR,1919,-1.1,,CELSIUS,SE,0.2,N,
DATAFLOW,SPC:DF_CLIMATE_CHANGE(1.0),I,A,ST_ANOM,NR,1920,-0.4,,CELSIUS,SE,0.1,N,
DATAFLOW,SPC:DF_CLIMATE_CHANGE(1.0),I,A,ST_ANOM,NR,1921,-0.5,,CELSIUS,SE,0.1,N,
DATAFLOW,SPC:DF_CLIMATE_CHANGE(1.0),I,A,ST_ANOM,NR,1922,-0.4,,CELSIUS,SE,0.1,N,
DATAFLOW,SPC:DF_CLIMATE_CHANGE(1.0),I,A,ST_ANOM,NR,1923,-0.2,,CELSIUS,SE,0.1,N,
DATAFLOW,SPC:DF_CLIMATE_CHANGE(1.0),I,A,ST_ANOM,NR,1924,-0.4,,CELSIUS,SE,0.2,N,
DATAFLOW,SPC:DF_CLIMATE_CHANGE(1.0),I,A,ST_ANOM,NR,1925,-0.7,,CELSIUS,SE,0.1,N,
DATAFLOW,SPC:DF_CLIMATE_CHANGE(1.0),I,A,ST_ANOM,NR,1926,-0.4,,CELSIUS,SE,0.1,N,
DATAFLOW,SPC:DF_CLIMATE_CHANGE(1.0),I,A,ST_ANOM,NR,1927,-0.8,,CELSIUS,SE,0.1,N,
DATAFLOW,SPC:DF_CLIMATE_CHANGE(1.0),I,A,ST_ANOM,NR,1928,-0.3,,CELSIUS,SE,0.1,N,
DATAFLOW,SPC:DF_CLIMATE_CHANGE(1.0),I,A,ST_ANOM,NR,1929,-0.2,,CELSIUS,SE,0.1,N,
DATAFLOW,SPC:DF_CLIMATE_CHANGE(1.0),I,A,ST_ANOM,NR,1930,-0.2,,CELSIUS,SE,0.1,N,
DATAFLOW,SPC:DF_CLIMATE_CHANGE(1.0),I,A,ST_ANOM,NR,1931,-0.2,,CELSIUS,SE,0.1,N,
DATAFLOW,SPC:DF_CLIMATE_CHANGE(1.0),I,A,ST_ANOM,NR,1932,-0.3,,CELSIUS,SE,0.1,N,
DATAFLOW,SPC:DF_CLIMATE_CHANGE(1.0),I,A,ST_ANOM,NR,1933,-0.9,,CELSIUS,SE,0.1,N,
DATAFLOW,SPC:DF_CLIMATE_CHANGE(1.0),I,A,ST_ANOM,NR,1934,-0.9,,CELSIUS,SE,0.2,N,
DATAFLOW,SPC:DF_CLIMATE_CHANGE(1.0),I,A,ST_ANOM,NR,1935,-0.4,,CELSIUS,SE,0,N,
DATAFLOW,SPC:DF_CLIMATE_CHANGE(1.0),I,A,ST_ANOM,NR,1936,-0.4,,CELSIUS,SE,0.1,N,
DATAFLOW,SPC:DF_CLIMATE_CHANGE(1.0),I,A,ST_ANOM,NR,1937,-0.5,,CELSIUS,SE,0.1,N,
DATAFLOW,SPC:DF_CLIMATE_CHANGE(1.0),I,A,ST_ANOM,NR,1938,-0.7,,CELSIUS,SE,0.2,N,
DATAFLOW,SPC:DF_CLIMATE_CHANGE(1.0),I,A,ST_ANOM,NR,1939,-0.4,,CELSIUS,SE,0.1,N,
DATAFLOW,SPC:DF_CLIMATE_CHANGE(1.0),I,A,ST_ANOM,NR,1940,0,,CELSIUS,SE,0.1,N,
DATAFLOW,SPC:DF_CLIMATE_CHANGE(1.0),I,A,ST_ANOM,NR,1941,0.2,,CELSIUS,SE,0.1,N,
DATAFLOW,SPC:DF_CLIMATE_CHANGE(1.0),I,A,ST_ANOM,NR,1942,0,,CELSIUS,SE,0.1,N,
DATAFLOW,SPC:DF_CLIMATE_CHANGE(1.0),I,A,ST_ANOM,NR,1943,-0.3,,CELSIUS,SE,0.1,N,
DATAFLOW,SPC:DF_CLIMATE_CHANGE(1.0),I,A,ST_ANOM,NR,1944,0.1,,CELSIUS,SE,0.1,N,
DATAFLOW,SPC:DF_CLIMATE_CHANGE(1.0),I,A,ST_ANOM,NR,1945,-0.2,,CELSIUS,SE,0.1,N,
DATAFLOW,SPC:DF_CLIMATE_CHANGE(1.0),I,A,ST_ANOM,NR,1946,0.1,,CELSIUS,SE,0.1,N,
DATAFLOW,SPC:DF_CLIMATE_CHANGE(1.0),I,A,ST_ANOM,NR,1947,-0.1,,CELSIUS,SE,0.1,N,
DATAFLOW,SPC:DF_CLIMATE_CHANGE(1.0),I,A,ST_ANOM,NR,1948,-0.8,,CELSIUS,SE,0.4,N,
DATAFLOW,SPC:DF_CLIMATE_CHANGE(1.0),I,A,ST_ANOM,NR,1949,-0.9,,CELSIUS,SE,0.2,N,
DATAFLOW,SPC:DF_CLIMATE_CHANGE(1.0),I,A,ST_ANOM,NR,1950,-0.9,,CELSIUS,SE,0.1,N,
DATAFLOW,SPC:DF_CLIMATE_CHANGE(1.0),I,A,ST_ANOM,NR,1951,-0.3,,CELSIUS,SE,0.1,N,
DATAFLOW,SPC:DF_CLIMATE_CHANGE(1.0),I,A,ST_ANOM,NR,1952,-0.4,,CELSIUS,SE,0.1,N,
DATAFLOW,SPC:DF_CLIMATE_CHANGE(1.0),I,A,ST_ANOM,NR,1953,-0.4,,CELSIUS,SE,0.1,N,
DATAFLOW,SPC:DF_CLIMATE_CHANGE(1.0),I,A,ST_ANOM,NR,1954,-0.6,,CELSIUS,SE,0.1,N,
DATAFLOW,SPC:DF_CLIMATE_CHANGE(1.0),I,A,ST_ANOM,NR,1955,-0.9,,CELSIUS,SE,0.1,N,
DATAFLOW,SPC:DF_CLIMATE_CHANGE(1.0),I,A,ST_ANOM,NR,1956,-0.6,,CELSIUS,SE,0.1,N,
DATAFLOW,SPC:DF_CLIMATE_CHANGE(1.0),I,A,ST_ANOM,NR,1957,-0.6,,CELSIUS,SE,0.1,N,
DATAFLOW,SPC:DF_CLIMATE_CHANGE(1.0),I,A,ST_ANOM,NR,1958,0,,CELSIUS,SE,0.1,N,
DATAFLOW,SPC:DF_CLIMATE_CHANGE(1.0),I,A,ST_ANOM,NR,1959,-0.2,,CELSIUS,SE,0.1,N,
DATAFLOW,SPC:DF_CLIMATE_CHANGE(1.0),I,A,ST_ANOM,NR,1960,-0.4,,CELSIUS,SE,0.1,N,
DATAFLOW,SPC:DF_CLIMATE_CHANGE(1.0),I,A,ST_ANOM,NR,1961,-0.5,,CELSIUS,SE,0.1,N,
DATAFLOW,SPC:DF_CLIMATE_CHANGE(1.0),I,A,ST_ANOM,NR,1962,-0.4,,CELSIUS,SE,0,N,
DATAFLOW,SPC:DF_CLIMATE_CHANGE(1.0),I,A,ST_ANOM,NR,1963,-0.3,,CELSIUS,SE,0.1,N,
DATAFLOW,SPC:DF_CLIMATE_CHANGE(1.0),I,A,ST_ANOM,NR,1964,-0.9,,CELSIUS,SE,0.1,N,
DATAFLOW,SPC:DF_CLIMATE_CHANGE(1.0),I,A,ST_ANOM,NR,1965,-0.6,,CELSIUS,SE,0.1,N,
DATAFLOW,SPC:DF_CLIMATE_CHANGE(1.0),I,A,ST_ANOM,NR,1966,0,,CELSIUS,SE,0,N,
DATAFLOW,SPC:DF_CLIMATE_CHANGE(1.0),I,A,ST_ANOM,NR,1967,-0.3,,CELSIUS,SE,0.1,N,
DATAFLOW,SPC:DF_CLIMATE_CHANGE(1.0),I,A,ST_ANOM,NR,1968,-0.2,,CELSIUS,SE,0.1,N,
DATAFLOW,SPC:DF_CLIMATE_CHANGE(1.0),I,A,ST_ANOM,NR,1969,0.5,,CELSIUS,SE,0.1,N,
DATAFLOW,SPC:DF_CLIMATE_CHANGE(1.0),I,A,ST_ANOM,NR,1970,-0.3,,CELSIUS,SE,0.2,N,
DATAFLOW,SPC:DF_CLIMATE_CHANGE(1.0),I,A,ST_ANOM,NR,1971,-0.8,,CELSIUS,SE,0.1,N,
DATAFLOW,SPC:DF_CLIMATE_CHANGE(1.0),I,A,ST_ANOM,NR,1972,-0.2,,CELSIUS,SE,0.1,N,
DATAFLOW,SPC:DF_CLIMATE_CHANGE(1.0),I,A,ST_ANOM,NR,1973,-0.4,,CELSIUS,SE,0.1,N,
DATAFLOW,SPC:DF_CLIMATE_CHANGE(1.0),I,A,ST_ANOM,NR,1974,-0.7,,CELSIUS,SE,0.1,N,
DATAFLOW,SPC:DF_CLIMATE_CHANGE(1.0),I,A,ST_ANOM,NR,1975,-1,,CELSIUS,SE,0.1,N,
DATAFLOW,SPC:DF_CLIMATE_CHANGE(1.0),I,A,ST_ANOM,NR,1976,-0.4,,CELSIUS,SE,0.1,N,
DATAFLOW,SPC:DF_CLIMATE_CHANGE(1.0),I,A,ST_ANOM,NR,1977,0.1,,CELSIUS,SE,0,N,
DATAFLOW,SPC:DF_CLIMATE_CHANGE(1.0),I,A,ST_ANOM,NR,1978,0.1,,CELSIUS,SE,0.1,N,
DATAFLOW,SPC:DF_CLIMATE_CHANGE(1.0),I,A,ST_ANOM,NR,1979,0.2,,CELSIUS,SE,0.1,N,
DATAFLOW,SPC:DF_CLIMATE_CHANGE(1.0),I,A,ST_ANOM,NR,1980,0.4,,CELSIUS,SE,0,N,
DATAFLOW,SPC:DF_CLIMATE_CHANGE(1.0),I,A,ST_ANOM,NR,1981,0,,CELSIUS,SE,0.1,N,
DATAFLOW,SPC:DF_CLIMATE_CHANGE(1.0),I,A,ST_ANOM,NR,1982,0.3,,CELSIUS,SE,0.1,N,
DATAFLOW,SPC:DF_CLIMATE_CHANGE(1.0),I,A,ST_ANOM,NR,1983,-0.2,,CELSIUS,SE,0.1,N,
DATAFLOW,SPC:DF_CLIMATE_CHANGE(1.0),I,A,ST_ANOM,NR,1984,-0.3,,CELSIUS,SE,0,N,
DATAFLOW,SPC:DF_CLIMATE_CHANGE(1.0),I,A,ST_ANOM,NR,1985,-0.3,,CELSIUS,SE,0.1,N,
DATAFLOW,SPC:DF_CLIMATE_CHANGE(1.0),I,A,ST_ANOM,NR,1986,0.2,,CELSIUS,SE,0.1,N,
DATAFLOW,SPC:DF_CLIMATE_CHANGE(1.0),I,A,ST_ANOM,NR,1987,0.1,,CELSIUS,SE,0.1,N,
DATAFLOW,SPC:DF_CLIMATE_CHANGE(1.0),I,A,ST_ANOM,NR,1988,-0.1,,CELSIUS,SE,0.1,N,
DATAFLOW,SPC:DF_CLIMATE_CHANGE(1.0),I,A,ST_ANOM,NR,1989,-0.3,,CELSIUS,SE,0.1,N,
DATAFLOW,SPC:DF_CLIMATE_CHANGE(1.0),I,A,ST_ANOM,NR,1990,0.4,,CELSIUS,SE,0,N,
DATAFLOW,SPC:DF_CLIMATE_CHANGE(1.0),I,A,ST_ANOM,NR,1991,0.5,,CELSIUS,SE,0.1,N,
DATAFLOW,SPC:DF_CLIMATE_CHANGE(1.0),I,A,ST_ANOM,NR,1992,0.1,,CELSIUS,SE,0.1,N,
DATAFLOW,SPC:DF_CLIMATE_CHANGE(1.0),I,A,ST_ANOM,NR,1993,0.1,,CELSIUS,SE,0.1,N,
DATAFLOW,SPC:DF_CLIMATE_CHANGE(1.0),I,A,ST_ANOM,NR,1994,0.3,,CELSIUS,SE,0.1,N,
DATAFLOW,SPC:DF_CLIMATE_CHANGE(1.0),I,A,ST_ANOM,NR,1995,0.4,,CELSIUS,SE,0.1,N,
DATAFLOW,SPC:DF_CLIMATE_CHANGE(1.0),I,A,ST_ANOM,NR,1996,0.1,,CELSIUS,SE,0.1,N,
DATAFLOW,SPC:DF_CLIMATE_CHANGE(1.0),I,A,ST_ANOM,NR,1997,0.2,,CELSIUS,SE,0.1,N,
DATAFLOW,SPC:DF_CLIMATE_CHANGE(1.0),I,A,ST_ANOM,NR,1998,-0.4,,CELSIUS,SE,0.1,N,
DATAFLOW,SPC:DF_CLIMATE_CHANGE(1.0),I,A,ST_ANOM,NR,1999,-0.6,,CELSIUS,SE,0.1,N,
DATAFLOW,SPC:DF_CLIMATE_CHANGE(1.0),I,A,ST_ANOM,NR,2000,-0.4,,CELSIUS,SE,0.1,N,
DATAFLOW,SPC:DF_CLIMATE_CHANGE(1.0),I,A,ST_ANOM,NR,2001,0.2,,CELSIUS,SE,0.1,N,
DATAFLOW,SPC:DF_CLIMATE_CHANGE(1.0),I,A,ST_ANOM,NR,2002,0.6,,CELSIUS,SE,0.1,N,
DATAFLOW,SPC:DF_CLIMATE_CHANGE(1.0),I,A,ST_ANOM,NR,2003,0.8,,CELSIUS,SE,0,N,
DATAFLOW,SPC:DF_CLIMATE_CHANGE(1.0),I,A,ST_ANOM,NR,2004,0.7,,CELSIUS,SE,0.1,N,
DATAFLOW,SPC:DF_CLIMATE_CHANGE(1.0),I,A,ST_ANOM,NR,2005,0.7,,CELSIUS,SE,0,N,
DATAFLOW,SPC:DF_CLIMATE_CHANGE(1.0),I,A,ST_ANOM,NR,2006,0.5,,CELSIUS,SE,0.1,N,
DATAFLOW,SPC:DF_CLIMATE_CHANGE(1.0),I,A,ST_ANOM,NR,2007,0.4,,CELSIUS,SE,0.1,N,
DATAFLOW,SPC:DF_CLIMATE_CHANGE(1.0),I,A,ST_ANOM,NR,2008,-0.5,,CELSIUS,SE,0.1,N,
DATAFLOW,SPC:DF_CLIMATE_CHANGE(1.0),I,A,ST_ANOM,NR,2009,0.5,,CELSIUS,SE,0.1,N,
DATAFLOW,SPC:DF_CLIMATE_CHANGE(1.0),I,A,ST_ANOM,NR,2010,0,,CELSIUS,SE,0.2,N,
DATAFLOW,SPC:DF_CLIMATE_CHANGE(1.0),I,A,ST_ANOM,NR,2011,-0.4,,CELSIUS,SE,0.1,N,
DATAFLOW,SPC:DF_CLIMATE_CHANGE(1.0),I,A,ST_ANOM,NR,2012,0.1,,CELSIUS,SE,0.2,N,
DATAFLOW,SPC:DF_CLIMATE_CHANGE(1.0),I,A,ST_ANOM,NR,2013,0.3,,CELSIUS,SE,0.1,N,
DATAFLOW,SPC:DF_CLIMATE_CHANGE(1.0),I,A,ST_ANOM,NR,2014,0.8,,CELSIUS,SE,0.1,N,
DATAFLOW,SPC:DF_CLIMATE_CHANGE(1.0),I,A,ST_ANOM,NR,2015,0.7,,CELSIUS,SE,0.1,N,
DATAFLOW,SPC:DF_CLIMATE_CHANGE(1.0),I,A,ST_ANOM,NR,2016,0.7,,CELSIUS,SE,0.1,N,
DATAFLOW,SPC:DF_CLIMATE_CHANGE(1.0),I,A,ST_ANOM,NR,2017,0.5,,CELSIUS,SE,0,N,
DATAFLOW,SPC:DF_CLIMATE_CHANGE(1.0),I,A,ST_ANOM,NR,2018,0.8,,CELSIUS,SE,0.1,N,
DATAFLOW,SPC:DF_CLIMATE_CHANGE(1.0),I,A,ST_ANOM,NR,2019,0.9,,CELSIUS,SE,0.1,N,
DATAFLOW,SPC:DF_CLIMATE_CHANGE(1.0),I,A,ST_ANOM,NR,2020,0.6,,CELSIUS,SE,0.1,N,
DATAFLOW,SPC:DF_CLIMATE_CHANGE(1.0),I,A,ST_ANOM,NR,2021,0,,CELSIUS,SE,0.1,N,
DATAFLOW,SPC:DF_CLIMATE_CHANGE(1.0),I,A,ST_ANOM,NR,2022,-0.2,,CELSIUS,SE,0.1,N,
DATAFLOW,SPC:DF_CLIMATE_CHANGE(1.0),I,A,ST_ANOM,NR,2023,0.7,,CELSIUS,SE,0.1,N,
DATAFLOW,SPC:DF_CLIMATE_CHANGE(1.0),I,A,ST_ANOM,NR,2024,1.1,,CELSIUS,SE,0.1,N,
DATAFLOW,SPC:DF_CLIMATE_CHANGE(1.0),I,A,ST_ANOM,NR,2025,0.3,,CELSIUS,SE,0.1,N,
DATAFLOW,SPC:DF_CLIMATE_CHANGE(1.0),I,A,ST_ANOM,KI,1850,0.1,,CELSIUS,SE,0.1,N,
DATAFLOW,SPC:DF_CLIMATE_CHANGE(1.0),I,A,ST_ANOM,KI,1851,-0.5,,CELSIUS,SE,0.1,N,
DATAFLOW,SPC:DF_CLIMATE_CHANGE(1.0),I,A,ST_ANOM,KI,1852,-0.1,,CELSIUS,SE,0.1,N,
DATAFLOW,SPC:DF_CLIMATE_CHANGE(1.0),I,A,ST_ANOM,KI,1853,0,,CELSIUS,SE,0.1,N,
DATAFLOW,SPC:DF_CLIMATE_CHANGE(1.0),I,A,ST_ANOM,KI,1854,0,,CELSIUS,SE,0.1,N,
DATAFLOW,SPC:DF_CLIMATE_CHANGE(1.0),I,A,ST_ANOM,KI,1855,0.2,,CELSIUS,SE,0.2,N,
DATAFLOW,SPC:DF_CLIMATE_CHANGE(1.0),I,A,ST_ANOM,KI,1856,-0.4,,CELSIUS,SE,0.2,N,
DATAFLOW,SPC:DF_CLIMATE_CHANGE(1.0),I,A,ST_ANOM,KI,1857,-0.6,,CELSIUS,SE,0.1,N,
DATAFLOW,SPC:DF_CLIMATE_CHANGE(1.0),I,A,ST_ANOM,KI,1858,-0.1,,CELSIUS,SE,0.1,N,
DATAFLOW,SPC:DF_CLIMATE_CHANGE(1.0),I,A,ST_ANOM,KI,1859,0.2,,CELSIUS,SE,0,N,
DATAFLOW,SPC:DF_CLIMATE_CHANGE(1.0),I,A,ST_ANOM,KI,1860,-0.4,,CELSIUS,SE,0.1,N,
DATAFLOW,SPC:DF_CLIMATE_CHANGE(1.0),I,A,ST_ANOM,KI,1861,-0.5,,CELSIUS,SE,0.1,N,
DATAFLOW,SPC:DF_CLIMATE_CHANGE(1.0),I,A,ST_ANOM,KI,1862,-0.4,,CELSIUS,SE,0,N,
DATAFLOW,SPC:DF_CLIMATE_CHANGE(1.0),I,A,ST_ANOM,KI,1863,-0.4,,CELSIUS,SE,0,N,
DATAFLOW,SPC:DF_CLIMATE_CHANGE(1.0),I,A,ST_ANOM,KI,1864,-0.3,,CELSIUS,SE,0,N,
DATAFLOW,SPC:DF_CLIMATE_CHANGE(1.0),I,A,ST_ANOM,KI,1865,-0.3,,CELSIUS,SE,0,N,
DATAFLOW,SPC:DF_CLIMATE_CHANGE(1.0),I,A,ST_ANOM,KI,1866,-0.3,,CELSIUS,SE,0,N,
DATAFLOW,SPC:DF_CLIMATE_CHANGE(1.0),I,A,ST_ANOM,KI,1867,-0.4,,CELSIUS,SE,0,N,
DATAFLOW,SPC:DF_CLIMATE_CHANGE(1.0),I,A,ST_ANOM,KI,1868,-0.4,,CELSIUS,SE,0,N,
DATAFLOW,SPC:DF_CLIMATE_CHANGE(1.0),I,A,ST_ANOM,KI,1869,-0.5,,CELSIUS,SE,0.1,N,
DATAFLOW,SPC:DF_CLIMATE_CHANGE(1.0),I,A,ST_ANOM,KI,1870,-1,,CELSIUS,SE,0.1,N,
DATAFLOW,SPC:DF_CLIMATE_CHANGE(1.0),I,A,ST_ANOM,KI,1871,-0.3,,CELSIUS,SE,0,N,
DATAFLOW,SPC:DF_CLIMATE_CHANGE(1.0),I,A,ST_ANOM,KI,1872,-0.5,,CELSIUS,SE,0.1,N,
DATAFLOW,SPC:DF_CLIMATE_CHANGE(1.0),I,A,ST_ANOM,KI,1873,-0.6,,CELSIUS,SE,0.1,N,
DATAFLOW,SPC:DF_CLIMATE_CHANGE(1.0),I,A,ST_ANOM,KI,1874,-0.5,,CELSIUS,SE,0,N,
DATAFLOW,SPC:DF_CLIMATE_CHANGE(1.0),I,A,ST_ANOM,KI,1875,-0.4,,CELSIUS,SE,0,N,
DATAFLOW,SPC:DF_CLIMATE_CHANGE(1.0),I,A,ST_ANOM,KI,1876,-0.4,,CELSIUS,SE,0.1,N,
DATAFLOW,SPC:DF_CLIMATE_CHANGE(1.0),I,A,ST_ANOM,KI,1877,0.2,,CELSIUS,SE,0.1,N,
DATAFLOW,SPC:DF_CLIMATE_CHANGE(1.0),I,A,ST_ANOM,KI,1878,-0.2,,CELSIUS,SE,0.1,N,
DATAFLOW,SPC:DF_CLIMATE_CHANGE(1.0),I,A,ST_ANOM,KI,1879,-0.9,,CELSIUS,SE,0,N,
DATAFLOW,SPC:DF_CLIMATE_CHANGE(1.0),I,A,ST_ANOM,KI,1880,-0.4,,CELSIUS,SE,0.1,N,
DATAFLOW,SPC:DF_CLIMATE_CHANGE(1.0),I,A,ST_ANOM,KI,1881,0.1,,CELSIUS,SE,0.1,N,
DATAFLOW,SPC:DF_CLIMATE_CHANGE(1.0),I,A,ST_ANOM,KI,1882,0.3,,CELSIUS,SE,0.1,N,
DATAFLOW,SPC:DF_CLIMATE_CHANGE(1.0),I,A,ST_ANOM,KI,1883,0,,CELSIUS,SE,0,N,
DATAFLOW,SPC:DF_CLIMATE_CHANGE(1.0),I,A,ST_ANOM,KI,1884,0.1,,CELSIUS,SE,0.1,N,
DATAFLOW,SPC:DF_CLIMATE_CHANGE(1.0),I,A,ST_ANOM,KI,1885,0,,CELSIUS,SE,0.1,N,
DATAFLOW,SPC:DF_CLIMATE_CHANGE(1.0),I,A,ST_ANOM,KI,1886,-0.7,,CELSIUS,SE,0.2,N,
DATAFLOW,SPC:DF_CLIMATE_CHANGE(1.0),I,A,ST_ANOM,KI,1887,-1,,CELSIUS,SE,0.2,N,
DATAFLOW,SPC:DF_CLIMATE_CHANGE(1.0),I,A,ST_ANOM,KI,1888,0.2,,CELSIUS,SE,0.1,N,
DATAFLOW,SPC:DF_CLIMATE_CHANGE(1.0),I,A,ST_ANOM,KI,1889,-0.5,,CELSIUS,SE,0.2,N,
DATAFLOW,SPC:DF_CLIMATE_CHANGE(1.0),I,A,ST_ANOM,KI,1890,-0.8,,CELSIUS,SE,0.1,N,
DATAFLOW,SPC:DF_CLIMATE_CHANGE(1.0),I,A,ST_ANOM,KI,1891,-0.2,,CELSIUS,SE,0,N,
DATAFLOW,SPC:DF_CLIMATE_CHANGE(1.0),I,A,ST_ANOM,KI,1892,-0.5,,CELSIUS,SE,0.1,N,
DATAFLOW,SPC:DF_CLIMATE_CHANGE(1.0),I,A,ST_ANOM,KI,1893,-0.6,,CELSIUS,SE,0,N,
DATAFLOW,SPC:DF_CLIMATE_CHANGE(1.0),I,A,ST_ANOM,KI,1894,-0.5,,CELSIUS,SE,0,N,
DATAFLOW,SPC:DF_CLIMATE_CHANGE(1.0),I,A,ST_ANOM,KI,1895,-0.2,,CELSIUS,SE,0,N,
DATAFLOW,SPC:DF_CLIMATE_CHANGE(1.0),I,A,ST_ANOM,KI,1896,0,,CELSIUS,SE,0,N,
DATAFLOW,SPC:DF_CLIMATE_CHANGE(1.0),I,A,ST_ANOM,KI,1897,-0.2,,CELSIUS,SE,0.2,N,
DATAFLOW,SPC:DF_CLIMATE_CHANGE(1.0),I,A,ST_ANOM,KI,1898,-0.7,,CELSIUS,SE,0.1,N,
DATAFLOW,SPC:DF_CLIMATE_CHANGE(1.0),I,A,ST_ANOM,KI,1899,-0.2,,CELSIUS,SE,0.2,N,
DATAFLOW,SPC:DF_CLIMATE_CHANGE(1.0),I,A,ST_ANOM,KI,1900,0.4,,CELSIUS,SE,0,N,
DATAFLOW,SPC:DF_CLIMATE_CHANGE(1.0),I,A,ST_ANOM,KI,1901,-0.1,,CELSIUS,SE,0.1,N,
DATAFLOW,SPC:DF_CLIMATE_CHANGE(1.0),I,A,ST_ANOM,KI,1902,0.1,,CELSIUS,SE,0.2,N,
DATAFLOW,SPC:DF_CLIMATE_CHANGE(1.0),I,A,ST_ANOM,KI,1903,-0.1,,CELSIUS,SE,0.2,N,
DATAFLOW,SPC:DF_CLIMATE_CHANGE(1.0),I,A,ST_ANOM,KI,1904,-0.6,,CELSIUS,SE,0.1,N,
DATAFLOW,SPC:DF_CLIMATE_CHANGE(1.0),I,A,ST_ANOM,KI,1905,0.2,,CELSIUS,SE,0.1,N,
DATAFLOW,SPC:DF_CLIMATE_CHANGE(1.0),I,A,ST_ANOM,KI,1906,-0.5,,CELSIUS,SE,0.1,N,
DATAFLOW,SPC:DF_CLIMATE_CHANGE(1.0),I,A,ST_ANOM,KI,1907,-0.3,,CELSIUS,SE,0.1,N,
DATAFLOW,SPC:DF_CLIMATE_CHANGE(1.0),I,A,ST_ANOM,KI,1908,-0.9,,CELSIUS,SE,0.2,N,
DATAFLOW,SPC:DF_CLIMATE_CHANGE(1.0),I,A,ST_ANOM,KI,1909,-1,,CELSIUS,SE,0.1,N,
DATAFLOW,SPC:DF_CLIMATE_CHANGE(1.0),I,A,ST_ANOM,KI,1910,-1.4,,CELSIUS,SE,0.1,N,
DATAFLOW,SPC:DF_CLIMATE_CHANGE(1.0),I,A,ST_ANOM,KI,1911,-0.6,,CELSIUS,SE,0.1,N,
DATAFLOW,SPC:DF_CLIMATE_CHANGE(1.0),I,A,ST_ANOM,KI,1912,-0.1,,CELSIUS,SE,0.1,N,
DATAFLOW,SPC:DF_CLIMATE_CHANGE(1.0),I,A,ST_ANOM,KI,1913,-0.4,,CELSIUS,SE,0.1,N,
DATAFLOW,SPC:DF_CLIMATE_CHANGE(1.0),I,A,ST_ANOM,KI,1914,0.2,,CELSIUS,SE,0.1,N,
DATAFLOW,SPC:DF_CLIMATE_CHANGE(1.0),I,A,ST_ANOM,KI,1915,-0.2,,CELSIUS,SE,0.2,N,
DATAFLOW,SPC:DF_CLIMATE_CHANGE(1.0),I,A,ST_ANOM,KI,1916,-1.5,,CELSIUS,SE,0.2,N,
DATAFLOW,SPC:DF_CLIMATE_CHANGE(1.0),I,A,ST_ANOM,KI,1917,-2.3,,CELSIUS,SE,0.2,N,
DATAFLOW,SPC:DF_CLIMATE_CHANGE(1.0),I,A,ST_ANOM,KI,1918,-0.3,,CELSIUS,SE,0.2,N,
DATAFLOW,SPC:DF_CLIMATE_CHANGE(1.0),I,A,ST_ANOM,KI,1919,-0.7,,CELSIUS,SE,0.2,N,
DATAFLOW,SPC:DF_CLIMATE_CHANGE(1.0),I,A,ST_ANOM,KI,1920,-0.3,,CELSIUS,SE,0.1,N,
DATAFLOW,SPC:DF_CLIMATE_CHANGE(1.0),I,A,ST_ANOM,KI,1921,-0.7,,CELSIUS,SE,0.1,N,
DATAFLOW,SPC:DF_CLIMATE_CHANGE(1.0),I,A,ST_ANOM,KI,1922,-0.6,,CELSIUS,SE,0.1,N,
DATAFLOW,SPC:DF_CLIMATE_CHANGE(1.0),I,A,ST_ANOM,KI,1923,-0.3,,CELSIUS,SE,0.1,N,
DATAFLOW,SPC:DF_CLIMATE_CHANGE(1.0),I,A,ST_ANOM,KI,1924,-0.6,,CELSIUS,SE,0.2,N,
DATAFLOW,SPC:DF_CLIMATE_CHANGE(1.0),I,A,ST_ANOM,KI,1925,-0.6,,CELSIUS,SE,0.2,N,
DATAFLOW,SPC:DF_CLIMATE_CHANGE(1.0),I,A,ST_ANOM,KI,1926,-0.2,,CELSIUS,SE,0.1,N,
DATAFLOW,SPC:DF_CLIMATE_CHANGE(1.0),I,A,ST_ANOM,KI,1927,-0.8,,CELSIUS,SE,0.1,N,
DATAFLOW,SPC:DF_CLIMATE_CHANGE(1.0),I,A,ST_ANOM,KI,1928,-0.4,,CELSIUS,SE,0.1,N,
DATAFLOW,SPC:DF_CLIMATE_CHANGE(1.0),I,A,ST_ANOM,KI,1929,-0.3,,CELSIUS,SE,0,N,
DATAFLOW,SPC:DF_CLIMATE_CHANGE(1.0),I,A,ST_ANOM,KI,1930,0.1,,CELSIUS,SE,0.1,N,
DATAFLOW,SPC:DF_CLIMATE_CHANGE(1.0),I,A,ST_ANOM,KI,1931,-0.2,,CELSIUS,SE,0.1,N,
DATAFLOW,SPC:DF_CLIMATE_CHANGE(1.0),I,A,ST_ANOM,KI,1932,-0.5,,CELSIUS,SE,0.1,N,
DATAFLOW,SPC:DF_CLIMATE_CHANGE(1.0),I,A,ST_ANOM,KI,1933,-1.1,,CELSIUS,SE,0.1,N,
DATAFLOW,SPC:DF_CLIMATE_CHANGE(1.0),I,A,ST_ANOM,KI,1934,-0.9,,CELSIUS,SE,0.2,N,
DATAFLOW,SPC:DF_CLIMATE_CHANGE(1.0),I,A,ST_ANOM,KI,1935,-0.5,,CELSIUS,SE,0.1,N,
DATAFLOW,SPC:DF_CLIMATE_CHANGE(1.0),I,A,ST_ANOM,KI,1936,-0.4,,CELSIUS,SE,0,N,
DATAFLOW,SPC:DF_CLIMATE_CHANGE(1.0),I,A,ST_ANOM,KI,1937,-0.5,,CELSIUS,SE,0.1,N,
DATAFLOW,SPC:DF_CLIMATE_CHANGE(1.0),I,A,ST_ANOM,KI,1938,-1.1,,CELSIUS,SE,0.1,N,
DATAFLOW,SPC:DF_CLIMATE_CHANGE(1.0),I,A,ST_ANOM,KI,1939,-0.6,,CELSIUS,SE,0.1,N,
DATAFLOW,SPC:DF_CLIMATE_CHANGE(1.0),I,A,ST_ANOM,KI,1940,0.4,,CELSIUS,SE,0.1,N,
DATAFLOW,SPC:DF_CLIMATE_CHANGE(1.0),I,A,ST_ANOM,KI,1941,0.7,,CELSIUS,SE,0,N,
DATAFLOW,SPC:DF_CLIMATE_CHANGE(1.0),I,A,ST_ANOM,KI,1942,-0.1,,CELSIUS,SE,0.2,N,
DATAFLOW,SPC:DF_CLIMATE_CHANGE(1.0),I,A,ST_ANOM,KI,1943,-0.7,,CELSIUS,SE,0.1,N,
DATAFLOW,SPC:DF_CLIMATE_CHANGE(1.0),I,A,ST_ANOM,KI,1944,-0.1,,CELSIUS,SE,0,N,
DATAFLOW,SPC:DF_CLIMATE_CHANGE(1.0),I,A,ST_ANOM,KI,1945,-0.5,,CELSIUS,SE,0.1,N,
DATAFLOW,SPC:DF_CLIMATE_CHANGE(1.0),I,A,ST_ANOM,KI,1946,0,,CELSIUS,SE,0.1,N,
DATAFLOW,SPC:DF_CLIMATE_CHANGE(1.0),I,A,ST_ANOM,KI,1947,0,,CELSIUS,SE,0.1,N,
DATAFLOW,SPC:DF_CLIMATE_CHANGE(1.0),I,A,ST_ANOM,KI,1948,-0.6,,CELSIUS,SE,0.3,N,
DATAFLOW,SPC:DF_CLIMATE_CHANGE(1.0),I,A,ST_ANOM,KI,1949,-0.8,,CELSIUS,SE,0.1,N,
DATAFLOW,SPC:DF_CLIMATE_CHANGE(1.0),I,A,ST_ANOM,KI,1950,-1.1,,CELSIUS,SE,0.1,N,
DATAFLOW,SPC:DF_CLIMATE_CHANGE(1.0),I,A,ST_ANOM,KI,1951,-0.1,,CELSIUS,SE,0.1,N,
DATAFLOW,SPC:DF_CLIMATE_CHANGE(1.0),I,A,ST_ANOM,KI,1952,-0.2,,CELSIUS,SE,0.1,N,
DATAFLOW,SPC:DF_CLIMATE_CHANGE(1.0),I,A,ST_ANOM,KI,1953,0,,CELSIUS,SE,0.1,N,
DATAFLOW,SPC:DF_CLIMATE_CHANGE(1.0),I,A,ST_ANOM,KI,1954,-0.6,,CELSIUS,SE,0.1,N,
DATAFLOW,SPC:DF_CLIMATE_CHANGE(1.0),I,A,ST_ANOM,KI,1955,-1,,CELSIUS,SE,0.1,N,
DATAFLOW,SPC:DF_CLIMATE_CHANGE(1.0),I,A,ST_ANOM,KI,1956,-0.8,,CELSIUS,SE,0.1,N,
DATAFLOW,SPC:DF_CLIMATE_CHANGE(1.0),I,A,ST_ANOM,KI,1957,-0.1,,CELSIUS,SE,0.1,N,
DATAFLOW,SPC:DF_CLIMATE_CHANGE(1.0),I,A,ST_ANOM,KI,1958,0.4,,CELSIUS,SE,0.1,N,
DATAFLOW,SPC:DF_CLIMATE_CHANGE(1.0),I,A,ST_ANOM,KI,1959,-0.1,,CELSIUS,SE,0,N,
DATAFLOW,SPC:DF_CLIMATE_CHANGE(1.0),I,A,ST_ANOM,KI,1960,-0.4,,CELSIUS,SE,0.1,N,
DATAFLOW,SPC:DF_CLIMATE_CHANGE(1.0),I,A,ST_ANOM,KI,1961,-0.4,,CELSIUS,SE,0,N,
DATAFLOW,SPC:DF_CLIMATE_CHANGE(1.0),I,A,ST_ANOM,KI,1962,-0.5,,CELSIUS,SE,0,N,
DATAFLOW,SPC:DF_CLIMATE_CHANGE(1.0),I,A,ST_ANOM,KI,1963,-0.2,,CELSIUS,SE,0.1,N,
DATAFLOW,SPC:DF_CLIMATE_CHANGE(1.0),I,A,ST_ANOM,KI,1964,-0.8,,CELSIUS,SE,0.1,N,
DATAFLOW,SPC:DF_CLIMATE_CHANGE(1.0),I,A,ST_ANOM,KI,1965,-0.1,,CELSIUS,SE,0.1,N,
DATAFLOW,SPC:DF_CLIMATE_CHANGE(1.0),I,A,ST_ANOM,KI,1966,0.3,,CELSIUS,SE,0.1,N,
DATAFLOW,SPC:DF_CLIMATE_CHANGE(1.0),I,A,ST_ANOM,KI,1967,-0.2,,CELSIUS,SE,0.1,N,
DATAFLOW,SPC:DF_CLIMATE_CHANGE(1.0),I,A,ST_ANOM,KI,1968,-0.1,,CELSIUS,SE,0.1,N,
DATAFLOW,SPC:DF_CLIMATE_CHANGE(1.0),I,A,ST_ANOM,KI,1969,0.6,,CELSIUS,SE,0.1,N,
DATAFLOW,SPC:DF_CLIMATE_CHANGE(1.0),I,A,ST_ANOM,KI,1970,-0.3,,CELSIUS,SE,0.2,N,
DATAFLOW,SPC:DF_CLIMATE_CHANGE(1.0),I,A,ST_ANOM,KI,1971,-1,,CELSIUS,SE,0.1,N,
DATAFLOW,SPC:DF_CLIMATE_CHANGE(1.0),I,A,ST_ANOM,KI,1972,0.2,,CELSIUS,SE,0.1,N,
DATAFLOW,SPC:DF_CLIMATE_CHANGE(1.0),I,A,ST_ANOM,KI,1973,-0.5,,CELSIUS,SE,0.2,N,
DATAFLOW,SPC:DF_CLIMATE_CHANGE(1.0),I,A,ST_ANOM,KI,1974,-0.9,,CELSIUS,SE,0.1,N,
DATAFLOW,SPC:DF_CLIMATE_CHANGE(1.0),I,A,ST_ANOM,KI,1975,-1.2,,CELSIUS,SE,0.2,N,
DATAFLOW,SPC:DF_CLIMATE_CHANGE(1.0),I,A,ST_ANOM,KI,1976,-0.5,,CELSIUS,SE,0.1,N,
DATAFLOW,SPC:DF_CLIMATE_CHANGE(1.0),I,A,ST_ANOM,KI,1977,0.2,,CELSIUS,SE,0.1,N,
DATAFLOW,SPC:DF_CLIMATE_CHANGE(1.0),I,A,ST_ANOM,KI,1978,0,,CELSIUS,SE,0.1,N,
DATAFLOW,SPC:DF_CLIMATE_CHANGE(1.0),I,A,ST_ANOM,KI,1979,0.2,,CELSIUS,SE,0.1,N,
DATAFLOW,SPC:DF_CLIMATE_CHANGE(1.0),I,A,ST_ANOM,KI,1980,0.4,,CELSIUS,SE,0,N,
DATAFLOW,SPC:DF_CLIMATE_CHANGE(1.0),I,A,ST_ANOM,KI,1981,-0.1,,CELSIUS,SE,0.1,N,
DATAFLOW,SPC:DF_CLIMATE_CHANGE(1.0),I,A,ST_ANOM,KI,1982,0.5,,CELSIUS,SE,0.1,N,
DATAFLOW,SPC:DF_CLIMATE_CHANGE(1.0),I,A,ST_ANOM,KI,1983,0,,CELSIUS,SE,0.1,N,
DATAFLOW,SPC:DF_CLIMATE_CHANGE(1.0),I,A,ST_ANOM,KI,1984,-0.5,,CELSIUS,SE,0,N,
DATAFLOW,SPC:DF_CLIMATE_CHANGE(1.0),I,A,ST_ANOM,KI,1985,-0.4,,CELSIUS,SE,0.1,N,
DATAFLOW,SPC:DF_CLIMATE_CHANGE(1.0),I,A,ST_ANOM,KI,1986,0.2,,CELSIUS,SE,0.1,N,
DATAFLOW,SPC:DF_CLIMATE_CHANGE(1.0),I,A,ST_ANOM,KI,1987,0.6,,CELSIUS,SE,0.1,N,
DATAFLOW,SPC:DF_CLIMATE_CHANGE(1.0),I,A,ST_ANOM,KI,1988,-0.4,,CELSIUS,SE,0.2,N,
DATAFLOW,SPC:DF_CLIMATE_CHANGE(1.0),I,A,ST_ANOM,KI,1989,-0.6,,CELSIUS,SE,0.1,N,
DATAFLOW,SPC:DF_CLIMATE_CHANGE(1.0),I,A,ST_ANOM,KI,1990,0.5,,CELSIUS,SE,0.1,N,
DATAFLOW,SPC:DF_CLIMATE_CHANGE(1.0),I,A,ST_ANOM,KI,1991,0.7,,CELSIUS,SE,0,N,
DATAFLOW,SPC:DF_CLIMATE_CHANGE(1.0),I,A,ST_ANOM,KI,1992,0.5,,CELSIUS,SE,0,N,
DATAFLOW,SPC:DF_CLIMATE_CHANGE(1.0),I,A,ST_ANOM,KI,1993,0.4,,CELSIUS,SE,0,N,
DATAFLOW,SPC:DF_CLIMATE_CHANGE(1.0),I,A,ST_ANOM,KI,1994,0.6,,CELSIUS,SE,0.1,N,
DATAFLOW,SPC:DF_CLIMATE_CHANGE(1.0),I,A,ST_ANOM,KI,1995,0.4,,CELSIUS,SE,0.1,N,
DATAFLOW,SPC:DF_CLIMATE_CHANGE(1.0),I,A,ST_ANOM,KI,1996,-0.1,,CELSIUS,SE,0,N,
DATAFLOW,SPC:DF_CLIMATE_CHANGE(1.0),I,A,ST_ANOM,KI,1997,0.6,,CELSIUS,SE,0,N,
DATAFLOW,SPC:DF_CLIMATE_CHANGE(1.0),I,A,ST_ANOM,KI,1998,-0.3,,CELSIUS,SE,0.2,N,
DATAFLOW,SPC:DF_CLIMATE_CHANGE(1.0),I,A,ST_ANOM,KI,1999,-0.9,,CELSIUS,SE,0.1,N,
DATAFLOW,SPC:DF_CLIMATE_CHANGE(1.0),I,A,ST_ANOM,KI,2000,-0.7,,CELSIUS,SE,0.1,N,
DATAFLOW,SPC:DF_CLIMATE_CHANGE(1.0),I,A,ST_ANOM,KI,2001,0,,CELSIUS,SE,0.1,N,
DATAFLOW,SPC:DF_CLIMATE_CHANGE(1.0),I,A,ST_ANOM,KI,2002,0.7,,CELSIUS,SE,0,N,
DATAFLOW,SPC:DF_CLIMATE_CHANGE(1.0),I,A,ST_ANOM,KI,2003,0.6,,CELSIUS,SE,0,N,
DATAFLOW,SPC:DF_CLIMATE_CHANGE(1.0),I,A,ST_ANOM,KI,2004,0.7,,CELSIUS,SE,0.1,N,
DATAFLOW,SPC:DF_CLIMATE_CHANGE(1.0),I,A,ST_ANOM,KI,2005,0.5,,CELSIUS,SE,0.1,N,
DATAFLOW,SPC:DF_CLIMATE_CHANGE(1.0),I,A,ST_ANOM,KI,2006,0.4,,CELSIUS,SE,0.2,N,
DATAFLOW,SPC:DF_CLIMATE_CHANGE(1.0),I,A,ST_ANOM,KI,2007,0.1,,CELSIUS,SE,0.2,N,
DATAFLOW,SPC:DF_CLIMATE_CHANGE(1.0),I,A,ST_ANOM,KI,2008,-0.8,,CELSIUS,SE,0.1,N,
DATAFLOW,SPC:DF_CLIMATE_CHANGE(1.0),I,A,ST_ANOM,KI,2009,0.4,,CELSIUS,SE,0.2,N,
DATAFLOW,SPC:DF_CLIMATE_CHANGE(1.0),I,A,ST_ANOM,KI,2010,-0.2,,CELSIUS,SE,0.3,N,
DATAFLOW,SPC:DF_CLIMATE_CHANGE(1.0),I,A,ST_ANOM,KI,2011,-0.6,,CELSIUS,SE,0.1,N,
DATAFLOW,SPC:DF_CLIMATE_CHANGE(1.0),I,A,ST_ANOM,KI,2012,0,,CELSIUS,SE,0.2,N,
DATAFLOW,SPC:DF_CLIMATE_CHANGE(1.0),I,A,ST_ANOM,KI,2013,0.1,,CELSIUS,SE,0,N,
DATAFLOW,SPC:DF_CLIMATE_CHANGE(1.0),I,A,ST_ANOM,KI,2014,0.7,,CELSIUS,SE,0.1,N,
DATAFLOW,SPC:DF_CLIMATE_CHANGE(1.0),I,A,ST_ANOM,KI,2015,1.2,,CELSIUS,SE,0,N,
DATAFLOW,SPC:DF_CLIMATE_CHANGE(1.0),I,A,ST_ANOM,KI,2016,0.7,,CELSIUS,SE,0.1,N,
DATAFLOW,SPC:DF_CLIMATE_CHANGE(1.0),I,A,ST_ANOM,KI,2017,0.3,,CELSIUS,SE,0.1,N,
DATAFLOW,SPC:DF_CLIMATE_CHANGE(1.0),I,A,ST_ANOM,KI,2018,0.6,,CELSIUS,SE,0.1,N,
DATAFLOW,SPC:DF_CLIMATE_CHANGE(1.0),I,A,ST_ANOM,KI,2019,0.9,,CELSIUS,SE,0,N,
DATAFLOW,SPC:DF_CLIMATE_CHANGE(1.0),I,A,ST_ANOM,KI,2020,0.3,,CELSIUS,SE,0.2,N,
DATAFLOW,SPC:DF_CLIMATE_CHANGE(1.0),I,A,ST_ANOM,KI,2021,-0.2,,CELSIUS,SE,0.1,N,
DATAFLOW,SPC:DF_CLIMATE_CHANGE(1.0),I,A,ST_ANOM,KI,2022,-0.6,,CELSIUS,SE,0.1,N,
DATAFLOW,SPC:DF_CLIMATE_CHANGE(1.0),I,A,ST_ANOM,KI,2023,0.7,,CELSIUS,SE,0.2,N,
DATAFLOW,SPC:DF_CLIMATE_CHANGE(1.0),I,A,ST_ANOM,KI,2024,0.9,,CELSIUS,SE,0.1,N,
DATAFLOW,SPC:DF_CLIMATE_CHANGE(1.0),I,A,ST_ANOM,KI,2025,0,,CELSIUS,SE,0.1,N,
DATAFLOW,SPC:DF_CLIMATE_CHANGE(1.0),I,A,ST_ANOM,TV,1850,0,,CELSIUS,SE,0,N,
DATAFLOW,SPC:DF_CLIMATE_CHANGE(1.0),I,A,ST_ANOM,TV,1851,-0.4,,CELSIUS,SE,0.1,N,
DATAFLOW,SPC:DF_CLIMATE_CHANGE(1.0),I,A,ST_ANOM,TV,1852,-0.1,,CELSIUS,SE,0,N,
DATAFLOW,SPC:DF_CLIMATE_CHANGE(1.0),I,A,ST_ANOM,TV,1853,-0.1,,CELSIUS,SE,0.1,N,
DATAFLOW,SPC:DF_CLIMATE_CHANGE(1.0),I,A,ST_ANOM,TV,1854,0,,CELSIUS,SE,0,N,
DATAFLOW,SPC:DF_CLIMATE_CHANGE(1.0),I,A,ST_ANOM,TV,1855,-0.2,,CELSIUS,SE,0.1,N,
DATAFLOW,SPC:DF_CLIMATE_CHANGE(1.0),I,A,ST_ANOM,TV,1856,-0.3,,CELSIUS,SE,0.1,N,
DATAFLOW,SPC:DF_CLIMATE_CHANGE(1.0),I,A,ST_ANOM,TV,1857,-0.5,,CELSIUS,SE,0,N,
DATAFLOW,SPC:DF_CLIMATE_CHANGE(1.0),I,A,ST_ANOM,TV,1858,-0.2,,CELSIUS,SE,0.1,N,
DATAFLOW,SPC:DF_CLIMATE_CHANGE(1.0),I,A,ST_ANOM,TV,1859,0.2,,CELSIUS,SE,0,N,
DATAFLOW,SPC:DF_CLIMATE_CHANGE(1.0),I,A,ST_ANOM,TV,1860,-0.2,,CELSIUS,SE,0,N,
DATAFLOW,SPC:DF_CLIMATE_CHANGE(1.0),I,A,ST_ANOM,TV,1861,-0.2,,CELSIUS,SE,0.1,N,
DATAFLOW,SPC:DF_CLIMATE_CHANGE(1.0),I,A,ST_ANOM,TV,1862,-0.1,,CELSIUS,SE,0,N,
DATAFLOW,SPC:DF_CLIMATE_CHANGE(1.0),I,A,ST_ANOM,TV,1863,0,,CELSIUS,SE,0,N,
DATAFLOW,SPC:DF_CLIMATE_CHANGE(1.0),I,A,ST_ANOM,TV,1864,0,,CELSIUS,SE,0,N,
DATAFLOW,SPC:DF_CLIMATE_CHANGE(1.0),I,A,ST_ANOM,TV,1865,0,,CELSIUS,SE,0,N,
DATAFLOW,SPC:DF_CLIMATE_CHANGE(1.0),I,A,ST_ANOM,TV,1866,0,,CELSIUS,SE,0,N,
DATAFLOW,SPC:DF_CLIMATE_CHANGE(1.0),I,A,ST_ANOM,TV,1867,0,,CELSIUS,SE,0,N,
DATAFLOW,SPC:DF_CLIMATE_CHANGE(1.0),I,A,ST_ANOM,TV,1868,0.1,,CELSIUS,SE,0,N,
DATAFLOW,SPC:DF_CLIMATE_CHANGE(1.0),I,A,ST_ANOM,TV,1869,0.2,,CELSIUS,SE,0.1,N,
DATAFLOW,SPC:DF_CLIMATE_CHANGE(1.0),I,A,ST_ANOM,TV,1870,-0.2,,CELSIUS,SE,0.1,N,
DATAFLOW,SPC:DF_CLIMATE_CHANGE(1.0),I,A,ST_ANOM,TV,1871,0,,CELSIUS,SE,0,N,
DATAFLOW,SPC:DF_CLIMATE_CHANGE(1.0),I,A,ST_ANOM,TV,1872,0,,CELSIUS,SE,0.1,N,
DATAFLOW,SPC:DF_CLIMATE_CHANGE(1.0),I,A,ST_ANOM,TV,1873,-0.3,,CELSIUS,SE,0.1,N,
DATAFLOW,SPC:DF_CLIMATE_CHANGE(1.0),I,A,ST_ANOM,TV,1874,-0.1,,CELSIUS,SE,0.1,N,
DATAFLOW,SPC:DF_CLIMATE_CHANGE(1.0),I,A,ST_ANOM,TV,1875,-0.3,,CELSIUS,SE,0.1,N,
DATAFLOW,SPC:DF_CLIMATE_CHANGE(1.0),I,A,ST_ANOM,TV,1876,-0.3,,CELSIUS,SE,0,N,
DATAFLOW,SPC:DF_CLIMATE_CHANGE(1.0),I,A,ST_ANOM,TV,1877,-0.2,,CELSIUS,SE,0,N,
DATAFLOW,SPC:DF_CLIMATE_CHANGE(1.0),I,A,ST_ANOM,TV,1878,-0.2,,CELSIUS,SE,0,N,
DATAFLOW,SPC:DF_CLIMATE_CHANGE(1.0),I,A,ST_ANOM,TV,1879,-0.5,,CELSIUS,SE,0,N,
DATAFLOW,SPC:DF_CLIMATE_CHANGE(1.0),I,A,ST_ANOM,TV,1880,-0.5,,CELSIUS,SE,0,N,
DATAFLOW,SPC:DF_CLIMATE_CHANGE(1.0),I,A,ST_ANOM,TV,1881,0.1,,CELSIUS,SE,0.1,N,
DATAFLOW,SPC:DF_CLIMATE_CHANGE(1.0),I,A,ST_ANOM,TV,1882,0.2,,CELSIUS,SE,0.1,N,
DATAFLOW,SPC:DF_CLIMATE_CHANGE(1.0),I,A,ST_ANOM,TV,1883,-0.3,,CELSIUS,SE,0.1,N,
DATAFLOW,SPC:DF_CLIMATE_CHANGE(1.0),I,A,ST_ANOM,TV,1884,-0.4,,CELSIUS,SE,0.1,N,
DATAFLOW,SPC:DF_CLIMATE_CHANGE(1.0),I,A,ST_ANOM,TV,1885,-0.4,,CELSIUS,SE,0.1,N,
DATAFLOW,SPC:DF_CLIMATE_CHANGE(1.0),I,A,ST_ANOM,TV,1886,-0.5,,CELSIUS,SE,0.1,N,
DATAFLOW,SPC:DF_CLIMATE_CHANGE(1.0),I,A,ST_ANOM,TV,1887,-0.5,,CELSIUS,SE,0.1,N,
DATAFLOW,SPC:DF_CLIMATE_CHANGE(1.0),I,A,ST_ANOM,TV,1888,-0.1,,CELSIUS,SE,0.1,N,
DATAFLOW,SPC:DF_CLIMATE_CHANGE(1.0),I,A,ST_ANOM,TV,1889,-0.4,,CELSIUS,SE,0.1,N,
DATAFLOW,SPC:DF_CLIMATE_CHANGE(1.0),I,A,ST_ANOM,TV,1890,-0.7,,CELSIUS,SE,0.1,N,
DATAFLOW,SPC:DF_CLIMATE_CHANGE(1.0),I,A,ST_ANOM,TV,1891,-0.4,,CELSIUS,SE,0.1,N,
DATAFLOW,SPC:DF_CLIMATE_CHANGE(1.0),I,A,ST_ANOM,TV,1892,-0.2,,CELSIUS,SE,0.1,N,
DATAFLOW,SPC:DF_CLIMATE_CHANGE(1.0),I,A,ST_ANOM,TV,1893,-0.6,,CELSIUS,SE,0,N,
DATAFLOW,SPC:DF_CLIMATE_CHANGE(1.0),I,A,ST_ANOM,TV,1894,-0.3,,CELSIUS,SE,0,N,
DATAFLOW,SPC:DF_CLIMATE_CHANGE(1.0),I,A,ST_ANOM,TV,1895,-0.3,,CELSIUS,SE,0,N,
DATAFLOW,SPC:DF_CLIMATE_CHANGE(1.0),I,A,ST_ANOM,TV,1896,-0.3,,CELSIUS,SE,0,N,
DATAFLOW,SPC:DF_CLIMATE_CHANGE(1.0),I,A,ST_ANOM,TV,1897,-0.1,,CELSIUS,SE,0.1,N,
DATAFLOW,SPC:DF_CLIMATE_CHANGE(1.0),I,A,ST_ANOM,TV,1898,-0.4,,CELSIUS,SE,0,N,
DATAFLOW,SPC:DF_CLIMATE_CHANGE(1.0),I,A,ST_ANOM,TV,1899,-0.3,,CELSIUS,SE,0.1,N,
DATAFLOW,SPC:DF_CLIMATE_CHANGE(1.0),I,A,ST_ANOM,TV,1900,0.1,,CELSIUS,SE,0.1,N,
DATAFLOW,SPC:DF_CLIMATE_CHANGE(1.0),I,A,ST_ANOM,TV,1901,0,,CELSIUS,SE,0.1,N,
DATAFLOW,SPC:DF_CLIMATE_CHANGE(1.0),I,A,ST_ANOM,TV,1902,-0.4,,CELSIUS,SE,0.1,N,
DATAFLOW,SPC:DF_CLIMATE_CHANGE(1.0),I,A,ST_ANOM,TV,1903,-0.3,,CELSIUS,SE,0.1,N,
DATAFLOW,SPC:DF_CLIMATE_CHANGE(1.0),I,A,ST_ANOM,TV,1904,-0.7,,CELSIUS,SE,0.1,N,
DATAFLOW,SPC:DF_CLIMATE_CHANGE(1.0),I,A,ST_ANOM,TV,1905,-0.3,,CELSIUS,SE,0.1,N,
DATAFLOW,SPC:DF_CLIMATE_CHANGE(1.0),I,A,ST_ANOM,TV,1906,-0.5,,CELSIUS,SE,0.1,N,
DATAFLOW,SPC:DF_CLIMATE_CHANGE(1.0),I,A,ST_ANOM,TV,1907,-0.4,,CELSIUS,SE,0.1,N,
DATAFLOW,SPC:DF_CLIMATE_CHANGE(1.0),I,A,ST_ANOM,TV,1908,-0.6,,CELSIUS,SE,0.1,N,
DATAFLOW,SPC:DF_CLIMATE_CHANGE(1.0),I,A,ST_ANOM,TV,1909,-0.8,,CELSIUS,SE,0.1,N,
DATAFLOW,SPC:DF_CLIMATE_CHANGE(1.0),I,A,ST_ANOM,TV,1910,-1.1,,CELSIUS,SE,0.1,N,
DATAFLOW,SPC:DF_CLIMATE_CHANGE(1.0),I,A,ST_ANOM,TV,1911,-0.7,,CELSIUS,SE,0.1,N,
DATAFLOW,SPC:DF_CLIMATE_CHANGE(1.0),I,A,ST_ANOM,TV,1912,-0.4,,CELSIUS,SE,0.1,N,
DATAFLOW,SPC:DF_CLIMATE_CHANGE(1.0),I,A,ST_ANOM,TV,1913,-0.6,,CELSIUS,SE,0.1,N,
DATAFLOW,SPC:DF_CLIMATE_CHANGE(1.0),I,A,ST_ANOM,TV,1914,-0.4,,CELSIUS,SE,0.1,N,
DATAFLOW,SPC:DF_CLIMATE_CHANGE(1.0),I,A,ST_ANOM,TV,1915,-0.3,,CELSIUS,SE,0.1,N,
DATAFLOW,SPC:DF_CLIMATE_CHANGE(1.0),I,A,ST_ANOM,TV,1916,-1,,CELSIUS,SE,0.1,N,
DATAFLOW,SPC:DF_CLIMATE_CHANGE(1.0),I,A,ST_ANOM,TV,1917,-1.5,,CELSIUS,SE,0.2,N,
DATAFLOW,SPC:DF_CLIMATE_CHANGE(1.0),I,A,ST_ANOM,TV,1918,-0.6,,CELSIUS,SE,0.1,N,
DATAFLOW,SPC:DF_CLIMATE_CHANGE(1.0),I,A,ST_ANOM,TV,1919,-0.9,,CELSIUS,SE,0.1,N,
DATAFLOW,SPC:DF_CLIMATE_CHANGE(1.0),I,A,ST_ANOM,TV,1920,-0.5,,CELSIUS,SE,0.1,N,
DATAFLOW,SPC:DF_CLIMATE_CHANGE(1.0),I,A,ST_ANOM,TV,1921,-0.5,,CELSIUS,SE,0.1,N,
DATAFLOW,SPC:DF_CLIMATE_CHANGE(1.0),I,A,ST_ANOM,TV,1922,-0.4,,CELSIUS,SE,0.1,N,
DATAFLOW,SPC:DF_CLIMATE_CHANGE(1.0),I,A,ST_ANOM,TV,1923,-0.4,,CELSIUS,SE,0,N,
DATAFLOW,SPC:DF_CLIMATE_CHANGE(1.0),I,A,ST_ANOM,TV,1924,-0.4,,CELSIUS,SE,0.1,N,
DATAFLOW,SPC:DF_CLIMATE_CHANGE(1.0),I,A,ST_ANOM,TV,1925,-0.5,,CELSIUS,SE,0.1,N,
DATAFLOW,SPC:DF_CLIMATE_CHANGE(1.0),I,A,ST_ANOM,TV,1926,-0.3,,CELSIUS,SE,0.1,N,
DATAFLOW,SPC:DF_CLIMATE_CHANGE(1.0),I,A,ST_ANOM,TV,1927,-0.6,,CELSIUS,SE,0.1,N,
DATAFLOW,SPC:DF_CLIMATE_CHANGE(1.0),I,A,ST_ANOM,TV,1928,-0.3,,CELSIUS,SE,0.1,N,
DATAFLOW,SPC:DF_CLIMATE_CHANGE(1.0),I,A,ST_ANOM,TV,1929,-0.3,,CELSIUS,SE,0,N,
DATAFLOW,SPC:DF_CLIMATE_CHANGE(1.0),I,A,ST_ANOM,TV,1930,-0.2,,CELSIUS,SE,0.1,N,
DATAFLOW,SPC:DF_CLIMATE_CHANGE(1.0),I,A,ST_ANOM,TV,1931,-0.2,,CELSIUS,SE,0,N,
DATAFLOW,SPC:DF_CLIMATE_CHANGE(1.0),I,A,ST_ANOM,TV,1932,-0.3,,CELSIUS,SE,0.1,N,
DATAFLOW,SPC:DF_CLIMATE_CHANGE(1.0),I,A,ST_ANOM,TV,1933,-0.7,,CELSIUS,SE,0.1,N,
DATAFLOW,SPC:DF_CLIMATE_CHANGE(1.0),I,A,ST_ANOM,TV,1934,-0.6,,CELSIUS,SE,0.1,N,
DATAFLOW,SPC:DF_CLIMATE_CHANGE(1.0),I,A,ST_ANOM,TV,1935,-0.4,,CELSIUS,SE,0,N,
DATAFLOW,SPC:DF_CLIMATE_CHANGE(1.0),I,A,ST_ANOM,TV,1936,-0.4,,CELSIUS,SE,0,N,
DATAFLOW,SPC:DF_CLIMATE_CHANGE(1.0),I,A,ST_ANOM,TV,1937,-0.4,,CELSIUS,SE,0,N,
DATAFLOW,SPC:DF_CLIMATE_CHANGE(1.0),I,A,ST_ANOM,TV,1938,-0.6,,CELSIUS,SE,0.1,N,
DATAFLOW,SPC:DF_CLIMATE_CHANGE(1.0),I,A,ST_ANOM,TV,1939,-0.5,,CELSIUS,SE,0.1,N,
DATAFLOW,SPC:DF_CLIMATE_CHANGE(1.0),I,A,ST_ANOM,TV,1940,0.1,,CELSIUS,SE,0.1,N,
DATAFLOW,SPC:DF_CLIMATE_CHANGE(1.0),I,A,ST_ANOM,TV,1941,0.3,,CELSIUS,SE,0,N,
DATAFLOW,SPC:DF_CLIMATE_CHANGE(1.0),I,A,ST_ANOM,TV,1942,0,,CELSIUS,SE,0.1,N,
DATAFLOW,SPC:DF_CLIMATE_CHANGE(1.0),I,A,ST_ANOM,TV,1943,-0.1,,CELSIUS,SE,0.1,N,
DATAFLOW,SPC:DF_CLIMATE_CHANGE(1.0),I,A,ST_ANOM,TV,1944,0.1,,CELSIUS,SE,0,N,
DATAFLOW,SPC:DF_CLIMATE_CHANGE(1.0),I,A,ST_ANOM,TV,1945,0,,CELSIUS,SE,0,N,
DATAFLOW,SPC:DF_CLIMATE_CHANGE(1.0),I,A,ST_ANOM,TV,1946,0.2,,CELSIUS,SE,0.1,N,
DATAFLOW,SPC:DF_CLIMATE_CHANGE(1.0),I,A,ST_ANOM,TV,1947,0,,CELSIUS,SE,0.1,N,
DATAFLOW,SPC:DF_CLIMATE_CHANGE(1.0),I,A,ST_ANOM,TV,1948,-0.3,,CELSIUS,SE,0.2,N,
DATAFLOW,SPC:DF_CLIMATE_CHANGE(1.0),I,A,ST_ANOM,TV,1949,-0.4,,CELSIUS,SE,0.1,N,
DATAFLOW,SPC:DF_CLIMATE_CHANGE(1.0),I,A,ST_ANOM,TV,1950,-0.7,,CELSIUS,SE,0.1,N,
DATAFLOW,SPC:DF_CLIMATE_CHANGE(1.0),I,A,ST_ANOM,TV,1951,-0.2,,CELSIUS,SE,0.1,N,
DATAFLOW,SPC:DF_CLIMATE_CHANGE(1.0),I,A,ST_ANOM,TV,1952,-0.2,,CELSIUS,SE,0,N,
DATAFLOW,SPC:DF_CLIMATE_CHANGE(1.0),I,A,ST_ANOM,TV,1953,-0.2,,CELSIUS,SE,0,N,
DATAFLOW,SPC:DF_CLIMATE_CHANGE(1.0),I,A,ST_ANOM,TV,1954,-0.5,,CELSIUS,SE,0.1,N,
DATAFLOW,SPC:DF_CLIMATE_CHANGE(1.0),I,A,ST_ANOM,TV,1955,-0.7,,CELSIUS,SE,0.1,N,
DATAFLOW,SPC:DF_CLIMATE_CHANGE(1.0),I,A,ST_ANOM,TV,1956,-0.6,,CELSIUS,SE,0,N,
DATAFLOW,SPC:DF_CLIMATE_CHANGE(1.0),I,A,ST_ANOM,TV,1957,-0.4,,CELSIUS,SE,0,N,
DATAFLOW,SPC:DF_CLIMATE_CHANGE(1.0),I,A,ST_ANOM,TV,1958,-0.1,,CELSIUS,SE,0,N,
DATAFLOW,SPC:DF_CLIMATE_CHANGE(1.0),I,A,ST_ANOM,TV,1959,-0.2,,CELSIUS,SE,0.1,N,
DATAFLOW,SPC:DF_CLIMATE_CHANGE(1.0),I,A,ST_ANOM,TV,1960,-0.3,,CELSIUS,SE,0.1,N,
DATAFLOW,SPC:DF_CLIMATE_CHANGE(1.0),I,A,ST_ANOM,TV,1961,-0.4,,CELSIUS,SE,0,N,
DATAFLOW,SPC:DF_CLIMATE_CHANGE(1.0),I,A,ST_ANOM,TV,1962,-0.4,,CELSIUS,SE,0,N,
DATAFLOW,SPC:DF_CLIMATE_CHANGE(1.0),I,A,ST_ANOM,TV,1963,-0.3,,CELSIUS,SE,0,N,
DATAFLOW,SPC:DF_CLIMATE_CHANGE(1.0),I,A,ST_ANOM,TV,1964,-0.6,,CELSIUS,SE,0.1,N,
DATAFLOW,SPC:DF_CLIMATE_CHANGE(1.0),I,A,ST_ANOM,TV,1965,-0.5,,CELSIUS,SE,0.1,N,
DATAFLOW,SPC:DF_CLIMATE_CHANGE(1.0),I,A,ST_ANOM,TV,1966,-0.1,,CELSIUS,SE,0,N,
DATAFLOW,SPC:DF_CLIMATE_CHANGE(1.0),I,A,ST_ANOM,TV,1967,-0.4,,CELSIUS,SE,0,N,
DATAFLOW,SPC:DF_CLIMATE_CHANGE(1.0),I,A,ST_ANOM,TV,1968,-0.3,,CELSIUS,SE,0.1,N,
DATAFLOW,SPC:DF_CLIMATE_CHANGE(1.0),I,A,ST_ANOM,TV,1969,0.3,,CELSIUS,SE,0,N,
DATAFLOW,SPC:DF_CLIMATE_CHANGE(1.0),I,A,ST_ANOM,TV,1970,-0.2,,CELSIUS,SE,0.1,N,
DATAFLOW,SPC:DF_CLIMATE_CHANGE(1.0),I,A,ST_ANOM,TV,1971,-0.6,,CELSIUS,SE,0.1,N,
DATAFLOW,SPC:DF_CLIMATE_CHANGE(1.0),I,A,ST_ANOM,TV,1972,-0.1,,CELSIUS,SE,0,N,
DATAFLOW,SPC:DF_CLIMATE_CHANGE(1.0),I,A,ST_ANOM,TV,1973,-0.2,,CELSIUS,SE,0.1,N,
DATAFLOW,SPC:DF_CLIMATE_CHANGE(1.0),I,A,ST_ANOM,TV,1974,-0.5,,CELSIUS,SE,0.1,N,
DATAFLOW,SPC:DF_CLIMATE_CHANGE(1.0),I,A,ST_ANOM,TV,1975,-0.7,,CELSIUS,SE,0.1,N,
DATAFLOW,SPC:DF_CLIMATE_CHANGE(1.0),I,A,ST_ANOM,TV,1976,-0.4,,CELSIUS,SE,0.1,N,
DATAFLOW,SPC:DF_CLIMATE_CHANGE(1.0),I,A,ST_ANOM,TV,1977,0.1,,CELSIUS,SE,0,N,
DATAFLOW,SPC:DF_CLIMATE_CHANGE(1.0),I,A,ST_ANOM,TV,1978,0,,CELSIUS,SE,0,N,
DATAFLOW,SPC:DF_CLIMATE_CHANGE(1.0),I,A,ST_ANOM,TV,1979,0.1,,CELSIUS,SE,0,N,
DATAFLOW,SPC:DF_CLIMATE_CHANGE(1.0),I,A,ST_ANOM,TV,1980,0.2,,CELSIUS,SE,0,N,
DATAFLOW,SPC:DF_CLIMATE_CHANGE(1.0),I,A,ST_ANOM,TV,1981,-0.1,,CELSIUS,SE,0.1,N,
DATAFLOW,SPC:DF_CLIMATE_CHANGE(1.0),I,A,ST_ANOM,TV,1982,0.1,,CELSIUS,SE,0,N,
DATAFLOW,SPC:DF_CLIMATE_CHANGE(1.0),I,A,ST_ANOM,TV,1983,-0.2,,CELSIUS,SE,0,N,
DATAFLOW,SPC:DF_CLIMATE_CHANGE(1.0),I,A,ST_ANOM,TV,1984,-0.1,,CELSIUS,SE,0,N,
DATAFLOW,SPC:DF_CLIMATE_CHANGE(1.0),I,A,ST_ANOM,TV,1985,-0.2,,CELSIUS,SE,0,N,
DATAFLOW,SPC:DF_CLIMATE_CHANGE(1.0),I,A,ST_ANOM,TV,1986,0,,CELSIUS,SE,0,N,
DATAFLOW,SPC:DF_CLIMATE_CHANGE(1.0),I,A,ST_ANOM,TV,1987,0.1,,CELSIUS,SE,0.1,N,
DATAFLOW,SPC:DF_CLIMATE_CHANGE(1.0),I,A,ST_ANOM,TV,1988,0,,CELSIUS,SE,0.1,N,
DATAFLOW,SPC:DF_CLIMATE_CHANGE(1.0),I,A,ST_ANOM,TV,1989,-0.2,,CELSIUS,SE,0.1,N,
DATAFLOW,SPC:DF_CLIMATE_CHANGE(1.0),I,A,ST_ANOM,TV,1990,0.3,,CELSIUS,SE,0,N,
DATAFLOW,SPC:DF_CLIMATE_CHANGE(1.0),I,A,ST_ANOM,TV,1991,0.4,,CELSIUS,SE,0,N,
DATAFLOW,SPC:DF_CLIMATE_CHANGE(1.0),I,A,ST_ANOM,TV,1992,0.2,,CELSIUS,SE,0.1,N,
DATAFLOW,SPC:DF_CLIMATE_CHANGE(1.0),I,A,ST_ANOM,TV,1993,0.1,,CELSIUS,SE,0,N,
DATAFLOW,SPC:DF_CLIMATE_CHANGE(1.0),I,A,ST_ANOM,TV,1994,0.3,,CELSIUS,SE,0,N,
DATAFLOW,SPC:DF_CLIMATE_CHANGE(1.0),I,A,ST_ANOM,TV,1995,0.4,,CELSIUS,SE,0,N,
DATAFLOW,SPC:DF_CLIMATE_CHANGE(1.0),I,A,ST_ANOM,TV,1996,0.1,,CELSIUS,SE,0,N,
DATAFLOW,SPC:DF_CLIMATE_CHANGE(1.0),I,A,ST_ANOM,TV,1997,0.1,,CELSIUS,SE,0,N,
DATAFLOW,SPC:DF_CLIMATE_CHANGE(1.0),I,A,ST_ANOM,TV,1998,-0.1,,CELSIUS,SE,0.1,N,
DATAFLOW,SPC:DF_CLIMATE_CHANGE(1.0),I,A,ST_ANOM,TV,1999,-0.2,,CELSIUS,SE,0,N,
DATAFLOW,SPC:DF_CLIMATE_CHANGE(1.0),I,A,ST_ANOM,TV,2000,-0.1,,CELSIUS,SE,0.1,N,
DATAFLOW,SPC:DF_CLIMATE_CHANGE(1.0),I,A,ST_ANOM,TV,2001,0.2,,CELSIUS,SE,0,N,
DATAFLOW,SPC:DF_CLIMATE_CHANGE(1.0),I,A,ST_ANOM,TV,2002,0.5,,CELSIUS,SE,0,N,
DATAFLOW,SPC:DF_CLIMATE_CHANGE(1.0),I,A,ST_ANOM,TV,2003,0.6,,CELSIUS,SE,0,N,
DATAFLOW,SPC:DF_CLIMATE_CHANGE(1.0),I,A,ST_ANOM,TV,2004,0.6,,CELSIUS,SE,0,N,
DATAFLOW,SPC:DF_CLIMATE_CHANGE(1.0),I,A,ST_ANOM,TV,2005,0.5,,CELSIUS,SE,0,N,
DATAFLOW,SPC:DF_CLIMATE_CHANGE(1.0),I,A,ST_ANOM,TV,2006,0.5,,CELSIUS,SE,0.1,N,
DATAFLOW,SPC:DF_CLIMATE_CHANGE(1.0),I,A,ST_ANOM,TV,2007,0.4,,CELSIUS,SE,0.1,N,
DATAFLOW,SPC:DF_CLIMATE_CHANGE(1.0),I,A,ST_ANOM,TV,2008,-0.1,,CELSIUS,SE,0.1,N,
DATAFLOW,SPC:DF_CLIMATE_CHANGE(1.0),I,A,ST_ANOM,TV,2009,0.4,,CELSIUS,SE,0.1,N,
DATAFLOW,SPC:DF_CLIMATE_CHANGE(1.0),I,A,ST_ANOM,TV,2010,0.2,,CELSIUS,SE,0.1,N,
DATAFLOW,SPC:DF_CLIMATE_CHANGE(1.0),I,A,ST_ANOM,TV,2011,-0.2,,CELSIUS,SE,0.1,N,
DATAFLOW,SPC:DF_CLIMATE_CHANGE(1.0),I,A,ST_ANOM,TV,2012,0.3,,CELSIUS,SE,0.1,N,
DATAFLOW,SPC:DF_CLIMATE_CHANGE(1.0),I,A,ST_ANOM,TV,2013,0.4,,CELSIUS,SE,0,N,
DATAFLOW,SPC:DF_CLIMATE_CHANGE(1.0),I,A,ST_ANOM,TV,2014,0.6,,CELSIUS,SE,0,N,
DATAFLOW,SPC:DF_CLIMATE_CHANGE(1.0),I,A,ST_ANOM,TV,2015,0.6,,CELSIUS,SE,0.1,N,
DATAFLOW,SPC:DF_CLIMATE_CHANGE(1.0),I,A,ST_ANOM,TV,2016,0.7,,CELSIUS,SE,0,N,
DATAFLOW,SPC:DF_CLIMATE_CHANGE(1.0),I,A,ST_ANOM,TV,2017,0.5,,CELSIUS,SE,0,N,
DATAFLOW,SPC:DF_CLIMATE_CHANGE(1.0),I,A,ST_ANOM,TV,2018,0.6,,CELSIUS,SE,0.1,N,
DATAFLOW,SPC:DF_CLIMATE_CHANGE(1.0),I,A,ST_ANOM,TV,2019,0.8,,CELSIUS,SE,0,N,
DATAFLOW,SPC:DF_CLIMATE_CHANGE(1.0),I,A,ST_ANOM,TV,2020,0.6,,CELSIUS,SE,0.1,N,
DATAFLOW,SPC:DF_CLIMATE_CHANGE(1.0),I,A,ST_ANOM,TV,2021,0.2,,CELSIUS,SE,0,N,
DATAFLOW,SPC:DF_CLIMATE_CHANGE(1.0),I,A,ST_ANOM,TV,2022,0,,CELSIUS,SE,0.1,N,
DATAFLOW,SPC:DF_CLIMATE_CHANGE(1.0),I,A,ST_ANOM,TV,2023,0.7,,CELSIUS,SE,0.1,N,
DATAFLOW,SPC:DF_CLIMATE_CHANGE(1.0),I,A,ST_ANOM,TV,2024,0.9,,CELSIUS,SE,0,N,
DATAFLOW,SPC:DF_CLIMATE_CHANGE(1.0),I,A,ST_ANOM,TV,2025,0.5,,CELSIUS,SE,0,N,
DATAFLOW,SPC:DF_CLIMATE_CHANGE(1.0),I,A,ST_ANOM,PG,1850,-0.1,,CELSIUS,SE,0.1,N,
DATAFLOW,SPC:DF_CLIMATE_CHANGE(1.0),I,A,ST_ANOM,PG,1851,0.3,,CELSIUS,SE,0.1,N,
DATAFLOW,SPC:DF_CLIMATE_CHANGE(1.0),I,A,ST_ANOM,PG,1852,0.1,,CELSIUS,SE,0.1,N,
DATAFLOW,SPC:DF_CLIMATE_CHANGE(1.0),I,A,ST_ANOM,PG,1853,0.1,,CELSIUS,SE,0.1,N,
DATAFLOW,SPC:DF_CLIMATE_CHANGE(1.0),I,A,ST_ANOM,PG,1854,-0.2,,CELSIUS,SE,0.1,N,
DATAFLOW,SPC:DF_CLIMATE_CHANGE(1.0),I,A,ST_ANOM,PG,1855,-0.5,,CELSIUS,SE,0.1,N,
DATAFLOW,SPC:DF_CLIMATE_CHANGE(1.0),I,A,ST_ANOM,PG,1856,-0.4,,CELSIUS,SE,0.1,N,
DATAFLOW,SPC:DF_CLIMATE_CHANGE(1.0),I,A,ST_ANOM,PG,1857,-0.3,,CELSIUS,SE,0.1,N,
DATAFLOW,SPC:DF_CLIMATE_CHANGE(1.0),I,A,ST_ANOM,PG,1858,-0.5,,CELSIUS,SE,0.1,N,
DATAFLOW,SPC:DF_CLIMATE_CHANGE(1.0),I,A,ST_ANOM,PG,1859,-0.1,,CELSIUS,SE,0.1,N,
DATAFLOW,SPC:DF_CLIMATE_CHANGE(1.0),I,A,ST_ANOM,PG,1860,-0.4,,CELSIUS,SE,0.1,N,
DATAFLOW,SPC:DF_CLIMATE_CHANGE(1.0),I,A,ST_ANOM,PG,1861,-0.9,,CELSIUS,SE,0.2,N,
DATAFLOW,SPC:DF_CLIMATE_CHANGE(1.0),I,A,ST_ANOM,PG,1862,-0.5,,CELSIUS,SE,0.1,N,
DATAFLOW,SPC:DF_CLIMATE_CHANGE(1.0),I,A,ST_ANOM,PG,1863,-0.3,,CELSIUS,SE,0.1,N,
DATAFLOW,SPC:DF_CLIMATE_CHANGE(1.0),I,A,ST_ANOM,PG,1864,0,,CELSIUS,SE,0.1,N,
DATAFLOW,SPC:DF_CLIMATE_CHANGE(1.0),I,A,ST_ANOM,PG,1865,-0.2,,CELSIUS,SE,0.1,N,
DATAFLOW,SPC:DF_CLIMATE_CHANGE(1.0),I,A,ST_ANOM,PG,1866,-0.3,,CELSIUS,SE,0.2,N,
DATAFLOW,SPC:DF_CLIMATE_CHANGE(1.0),I,A,ST_ANOM,PG,1867,-0.4,,CELSIUS,SE,0.1,N,
DATAFLOW,SPC:DF_CLIMATE_CHANGE(1.0),I,A,ST_ANOM,PG,1868,-0.5,,CELSIUS,SE,0.2,N,
DATAFLOW,SPC:DF_CLIMATE_CHANGE(1.0),I,A,ST_ANOM,PG,1869,0,,CELSIUS,SE,0.1,N,
DATAFLOW,SPC:DF_CLIMATE_CHANGE(1.0),I,A,ST_ANOM,PG,1870,-0.2,,CELSIUS,SE,0.1,N,
DATAFLOW,SPC:DF_CLIMATE_CHANGE(1.0),I,A,ST_ANOM,PG,1871,-0.3,,CELSIUS,SE,0.1,N,
DATAFLOW,SPC:DF_CLIMATE_CHANGE(1.0),I,A,ST_ANOM,PG,1872,-0.2,,CELSIUS,SE,0.1,N,
DATAFLOW,SPC:DF_CLIMATE_CHANGE(1.0),I,A,ST_ANOM,PG,1873,-0.3,,CELSIUS,SE,0.1,N,
DATAFLOW,SPC:DF_CLIMATE_CHANGE(1.0),I,A,ST_ANOM,PG,1874,0,,CELSIUS,SE,0.1,N,
DATAFLOW,SPC:DF_CLIMATE_CHANGE(1.0),I,A,ST_ANOM,PG,1875,-0.1,,CELSIUS,SE,0.1,N,
DATAFLOW,SPC:DF_CLIMATE_CHANGE(1.0),I,A,ST_ANOM,PG,1876,-0.1,,CELSIUS,SE,0.1,N,
DATAFLOW,SPC:DF_CLIMATE_CHANGE(1.0),I,A,ST_ANOM,PG,1877,-0.3,,CELSIUS,SE,0.1,N,
DATAFLOW,SPC:DF_CLIMATE_CHANGE(1.0),I,A,ST_ANOM,PG,1878,0.3,,CELSIUS,SE,0.1,N,
DATAFLOW,SPC:DF_CLIMATE_CHANGE(1.0),I,A,ST_ANOM,PG,1879,-0.1,,CELSIUS,SE,0.1,N,
DATAFLOW,SPC:DF_CLIMATE_CHANGE(1.0),I,A,ST_ANOM,PG,1880,-0.2,,CELSIUS,SE,0,N,
DATAFLOW,SPC:DF_CLIMATE_CHANGE(1.0),I,A,ST_ANOM,PG,1881,-0.1,,CELSIUS,SE,0.1,N,
DATAFLOW,SPC:DF_CLIMATE_CHANGE(1.0),I,A,ST_ANOM,PG,1882,-0.1,,CELSIUS,SE,0.1,N,
DATAFLOW,SPC:DF_CLIMATE_CHANGE(1.0),I,A,ST_ANOM,PG,1883,-0.5,,CELSIUS,SE,0.1,N,
DATAFLOW,SPC:DF_CLIMATE_CHANGE(1.0),I,A,ST_ANOM,PG,1884,-0.7,,CELSIUS,SE,0.1,N,
DATAFLOW,SPC:DF_CLIMATE_CHANGE(1.0),I,A,ST_ANOM,PG,1885,-0.8,,CELSIUS,SE,0.1,N,
DATAFLOW,SPC:DF_CLIMATE_CHANGE(1.0),I,A,ST_ANOM,PG,1886,-0.3,,CELSIUS,SE,0.1,N,
DATAFLOW,SPC:DF_CLIMATE_CHANGE(1.0),I,A,ST_ANOM,PG,1887,-0.3,,CELSIUS,SE,0.1,N,
DATAFLOW,SPC:DF_CLIMATE_CHANGE(1.0),I,A,ST_ANOM,PG,1888,-0.7,,CELSIUS,SE,0.1,N,
DATAFLOW,SPC:DF_CLIMATE_CHANGE(1.0),I,A,ST_ANOM,PG,1889,-0.1,,CELSIUS,SE,0.1,N,
DATAFLOW,SPC:DF_CLIMATE_CHANGE(1.0),I,A,ST_ANOM,PG,1890,-0.2,,CELSIUS,SE,0.1,N,
DATAFLOW,SPC:DF_CLIMATE_CHANGE(1.0),I,A,ST_ANOM,PG,1891,-0.4,,CELSIUS,SE,0.1,N,
DATAFLOW,SPC:DF_CLIMATE_CHANGE(1.0),I,A,ST_ANOM,PG,1892,-0.2,,CELSIUS,SE,0.1,N,
DATAFLOW,SPC:DF_CLIMATE_CHANGE(1.0),I,A,ST_ANOM,PG,1893,-0.1,,CELSIUS,SE,0,N,
DATAFLOW,SPC:DF_CLIMATE_CHANGE(1.0),I,A,ST_ANOM,PG,1894,-0.3,,CELSIUS,SE,0.1,N,
DATAFLOW,SPC:DF_CLIMATE_CHANGE(1.0),I,A,ST_ANOM,PG,1895,-0.4,,CELSIUS,SE,0.1,N,
DATAFLOW,SPC:DF_CLIMATE_CHANGE(1.0),I,A,ST_ANOM,PG,1896,-0.4,,CELSIUS,SE,0.1,N,
DATAFLOW,SPC:DF_CLIMATE_CHANGE(1.0),I,A,ST_ANOM,PG,1897,-0.1,,CELSIUS,SE,0.1,N,
DATAFLOW,SPC:DF_CLIMATE_CHANGE(1.0),I,A,ST_ANOM,PG,1898,-0.5,,CELSIUS,SE,0.1,N,
DATAFLOW,SPC:DF_CLIMATE_CHANGE(1.0),I,A,ST_ANOM,PG,1899,-0.7,,CELSIUS,SE,0.1,N,
DATAFLOW,SPC:DF_CLIMATE_CHANGE(1.0),I,A,ST_ANOM,PG,1900,-0.1,,CELSIUS,SE,0.1,N,
DATAFLOW,SPC:DF_CLIMATE_CHANGE(1.0),I,A,ST_ANOM,PG,1901,-0.5,,CELSIUS,SE,0.1,N,
DATAFLOW,SPC:DF_CLIMATE_CHANGE(1.0),I,A,ST_ANOM,PG,1902,-1,,CELSIUS,SE,0.1,N,
DATAFLOW,SPC:DF_CLIMATE_CHANGE(1.0),I,A,ST_ANOM,PG,1903,-0.7,,CELSIUS,SE,0.1,N,
DATAFLOW,SPC:DF_CLIMATE_CHANGE(1.0),I,A,ST_ANOM,PG,1904,-0.9,,CELSIUS,SE,0.1,N,
DATAFLOW,SPC:DF_CLIMATE_CHANGE(1.0),I,A,ST_ANOM,PG,1905,-0.9,,CELSIUS,SE,0.1,N,
DATAFLOW,SPC:DF_CLIMATE_CHANGE(1.0),I,A,ST_ANOM,PG,1906,-0.5,,CELSIUS,SE,0.1,N,
DATAFLOW,SPC:DF_CLIMATE_CHANGE(1.0),I,A,ST_ANOM,PG,1907,-0.4,,CELSIUS,SE,0.1,N,
DATAFLOW,SPC:DF_CLIMATE_CHANGE(1.0),I,A,ST_ANOM,PG,1908,-0.4,,CELSIUS,SE,0.1,N,
DATAFLOW,SPC:DF_CLIMATE_CHANGE(1.0),I,A,ST_ANOM,PG,1909,-0.3,,CELSIUS,SE,0.1,N,
DATAFLOW,SPC:DF_CLIMATE_CHANGE(1.0),I,A,ST_ANOM,PG,1910,-0.3,,CELSIUS,SE,0.1,N,
DATAFLOW,SPC:DF_CLIMATE_CHANGE(1.0),I,A,ST_ANOM,PG,1911,-0.9,,CELSIUS,SE,0.1,N,
DATAFLOW,SPC:DF_CLIMATE_CHANGE(1.0),I,A,ST_ANOM,PG,1912,-0.6,,CELSIUS,SE,0.1,N,
DATAFLOW,SPC:DF_CLIMATE_CHANGE(1.0),I,A,ST_ANOM,PG,1913,-0.7,,CELSIUS,SE,0.1,N,
DATAFLOW,SPC:DF_CLIMATE_CHANGE(1.0),I,A,ST_ANOM,PG,1914,-0.8,,CELSIUS,SE,0.1,N,
DATAFLOW,SPC:DF_CLIMATE_CHANGE(1.0),I,A,ST_ANOM,PG,1915,-0.4,,CELSIUS,SE,0.1,N,
DATAFLOW,SPC:DF_CLIMATE_CHANGE(1.0),I,A,ST_ANOM,PG,1916,-0.3,,CELSIUS,SE,0.1,N,
DATAFLOW,SPC:DF_CLIMATE_CHANGE(1.0),I,A,ST_ANOM,PG,1917,-0.7,,CELSIUS,SE,0.1,N,
DATAFLOW,SPC:DF_CLIMATE_CHANGE(1.0),I,A,ST_ANOM,PG,1918,-0.9,,CELSIUS,SE,0.1,N,
DATAFLOW,SPC:DF_CLIMATE_CHANGE(1.0),I,A,ST_ANOM,PG,1919,-1,,CELSIUS,SE,0.1,N,
DATAFLOW,SPC:DF_CLIMATE_CHANGE(1.0),I,A,ST_ANOM,PG,1920,-0.7,,CELSIUS,SE,0.1,N,
DATAFLOW,SPC:DF_CLIMATE_CHANGE(1.0),I,A,ST_ANOM,PG,1921,-0.3,,CELSIUS,SE,0.1,N,
DATAFLOW,SPC:DF_CLIMATE_CHANGE(1.0),I,A,ST_ANOM,PG,1922,-0.4,,CELSIUS,SE,0.1,N,
DATAFLOW,SPC:DF_CLIMATE_CHANGE(1.0),I,A,ST_ANOM,PG,1923,-0.7,,CELSIUS,SE,0.1,N,
DATAFLOW,SPC:DF_CLIMATE_CHANGE(1.0),I,A,ST_ANOM,PG,1924,-0.4,,CELSIUS,SE,0.1,N,
DATAFLOW,SPC:DF_CLIMATE_CHANGE(1.0),I,A,ST_ANOM,PG,1925,-0.7,,CELSIUS,SE,0.1,N,
DATAFLOW,SPC:DF_CLIMATE_CHANGE(1.0),I,A,ST_ANOM,PG,1926,-0.4,,CELSIUS,SE,0.1,N,
DATAFLOW,SPC:DF_CLIMATE_CHANGE(1.0),I,A,ST_ANOM,PG,1927,-0.4,,CELSIUS,SE,0.1,N,
DATAFLOW,SPC:DF_CLIMATE_CHANGE(1.0),I,A,ST_ANOM,PG,1928,-0.4,,CELSIUS,SE,0.1,N,
DATAFLOW,SPC:DF_CLIMATE_CHANGE(1.0),I,A,ST_ANOM,PG,1929,-0.6,,CELSIUS,SE,0.1,N,
DATAFLOW,SPC:DF_CLIMATE_CHANGE(1.0),I,A,ST_ANOM,PG,1930,-0.6,,CELSIUS,SE,0,N,
DATAFLOW,SPC:DF_CLIMATE_CHANGE(1.0),I,A,ST_ANOM,PG,1931,-0.3,,CELSIUS,SE,0,N,
DATAFLOW,SPC:DF_CLIMATE_CHANGE(1.0),I,A,ST_ANOM,PG,1932,-0.6,,CELSIUS,SE,0.1,N,
DATAFLOW,SPC:DF_CLIMATE_CHANGE(1.0),I,A,ST_ANOM,PG,1933,-0.3,,CELSIUS,SE,0,N,
DATAFLOW,SPC:DF_CLIMATE_CHANGE(1.0),I,A,ST_ANOM,PG,1934,-0.3,,CELSIUS,SE,0,N,
DATAFLOW,SPC:DF_CLIMATE_CHANGE(1.0),I,A,ST_ANOM,PG,1935,-0.4,,CELSIUS,SE,0,N,
DATAFLOW,SPC:DF_CLIMATE_CHANGE(1.0),I,A,ST_ANOM,PG,1936,-0.4,,CELSIUS,SE,0,N,
DATAFLOW,SPC:DF_CLIMATE_CHANGE(1.0),I,A,ST_ANOM,PG,1937,-0.5,,CELSIUS,SE,0.1,N,
DATAFLOW,SPC:DF_CLIMATE_CHANGE(1.0),I,A,ST_ANOM,PG,1938,-0.3,,CELSIUS,SE,0.1,N,
DATAFLOW,SPC:DF_CLIMATE_CHANGE(1.0),I,A,ST_ANOM,PG,1939,-0.5,,CELSIUS,SE,0,N,
DATAFLOW,SPC:DF_CLIMATE_CHANGE(1.0),I,A,ST_ANOM,PG,1940,-0.6,,CELSIUS,SE,0.1,N,
DATAFLOW,SPC:DF_CLIMATE_CHANGE(1.0),I,A,ST_ANOM,PG,1941,-0.5,,CELSIUS,SE,0.1,N,
DATAFLOW,SPC:DF_CLIMATE_CHANGE(1.0),I,A,ST_ANOM,PG,1942,-0.2,,CELSIUS,SE,0.1,N,
DATAFLOW,SPC:DF_CLIMATE_CHANGE(1.0),I,A,ST_ANOM,PG,1943,-0.1,,CELSIUS,SE,0.1,N,
DATAFLOW,SPC:DF_CLIMATE_CHANGE(1.0),I,A,ST_ANOM,PG,1944,-0.2,,CELSIUS,SE,0,N,
DATAFLOW,SPC:DF_CLIMATE_CHANGE(1.0),I,A,ST_ANOM,PG,1945,-0.1,,CELSIUS,SE,0.1,N,
DATAFLOW,SPC:DF_CLIMATE_CHANGE(1.0),I,A,ST_ANOM,PG,1946,-0.4,,CELSIUS,SE,0.2,N,
DATAFLOW,SPC:DF_CLIMATE_CHANGE(1.0),I,A,ST_ANOM,PG,1947,-0.5,,CELSIUS,SE,0.1,N,
DATAFLOW,SPC:DF_CLIMATE_CHANGE(1.0),I,A,ST_ANOM,PG,1948,-0.6,,CELSIUS,SE,0.1,N,
DATAFLOW,SPC:DF_CLIMATE_CHANGE(1.0),I,A,ST_ANOM,PG,1949,-0.8,,CELSIUS,SE,0,N,
DATAFLOW,SPC:DF_CLIMATE_CHANGE(1.0),I,A,ST_ANOM,PG,1950,-0.3,,CELSIUS,SE,0.1,N,
DATAFLOW,SPC:DF_CLIMATE_CHANGE(1.0),I,A,ST_ANOM,PG,1951,-0.5,,CELSIUS,SE,0,N,
DATAFLOW,SPC:DF_CLIMATE_CHANGE(1.0),I,A,ST_ANOM,PG,1952,-0.4,,CELSIUS,SE,0.1,N,
DATAFLOW,SPC:DF_CLIMATE_CHANGE(1.0),I,A,ST_ANOM,PG,1953,-0.5,,CELSIUS,SE,0,N,
DATAFLOW,SPC:DF_CLIMATE_CHANGE(1.0),I,A,ST_ANOM,PG,1954,-0.4,,CELSIUS,SE,0.1,N,
DATAFLOW,SPC:DF_CLIMATE_CHANGE(1.0),I,A,ST_ANOM,PG,1955,-0.4,,CELSIUS,SE,0.1,N,
DATAFLOW,SPC:DF_CLIMATE_CHANGE(1.0),I,A,ST_ANOM,PG,1956,-0.1,,CELSIUS,SE,0,N,
DATAFLOW,SPC:DF_CLIMATE_CHANGE(1.0),I,A,ST_ANOM,PG,1957,-0.4,,CELSIUS,SE,0,N,
DATAFLOW,SPC:DF_CLIMATE_CHANGE(1.0),I,A,ST_ANOM,PG,1958,-0.2,,CELSIUS,SE,0.1,N,
DATAFLOW,SPC:DF_CLIMATE_CHANGE(1.0),I,A,ST_ANOM,PG,1959,-0.4,,CELSIUS,SE,0.1,N,
DATAFLOW,SPC:DF_CLIMATE_CHANGE(1.0),I,A,ST_ANOM,PG,1960,-0.3,,CELSIUS,SE,0,N,
DATAFLOW,SPC:DF_CLIMATE_CHANGE(1.0),I,A,ST_ANOM,PG,1961,-0.4,,CELSIUS,SE,0.1,N,
DATAFLOW,SPC:DF_CLIMATE_CHANGE(1.0),I,A,ST_ANOM,PG,1962,0,,CELSIUS,SE,0.1,N,
DATAFLOW,SPC:DF_CLIMATE_CHANGE(1.0),I,A,ST_ANOM,PG,1963,-0.2,,CELSIUS,SE,0.1,N,
DATAFLOW,SPC:DF_CLIMATE_CHANGE(1.0),I,A,ST_ANOM,PG,1964,-0.1,,CELSIUS,SE,0.1,N,
DATAFLOW,SPC:DF_CLIMATE_CHANGE(1.0),I,A,ST_ANOM,PG,1965,-0.8,,CELSIUS,SE,0.1,N,
DATAFLOW,SPC:DF_CLIMATE_CHANGE(1.0),I,A,ST_ANOM,PG,1966,-0.5,,CELSIUS,SE,0,N,
DATAFLOW,SPC:DF_CLIMATE_CHANGE(1.0),I,A,ST_ANOM,PG,1967,-0.5,,CELSIUS,SE,0,N,
DATAFLOW,SPC:DF_CLIMATE_CHANGE(1.0),I,A,ST_ANOM,PG,1968,-0.2,,CELSIUS,SE,0.1,N,
DATAFLOW,SPC:DF_CLIMATE_CHANGE(1.0),I,A,ST_ANOM,PG,1969,-0.1,,CELSIUS,SE,0.1,N,
DATAFLOW,SPC:DF_CLIMATE_CHANGE(1.0),I,A,ST_ANOM,PG,1970,0.1,,CELSIUS,SE,0,N,
DATAFLOW,SPC:DF_CLIMATE_CHANGE(1.0),I,A,ST_ANOM,PG,1971,-0.1,,CELSIUS,SE,0.1,N,
DATAFLOW,SPC:DF_CLIMATE_CHANGE(1.0),I,A,ST_ANOM,PG,1972,-0.5,,CELSIUS,SE,0.1,N,
DATAFLOW,SPC:DF_CLIMATE_CHANGE(1.0),I,A,ST_ANOM,PG,1973,0.1,,CELSIUS,SE,0,N,
DATAFLOW,SPC:DF_CLIMATE_CHANGE(1.0),I,A,ST_ANOM,PG,1974,-0.2,,CELSIUS,SE,0,N,
DATAFLOW,SPC:DF_CLIMATE_CHANGE(1.0),I,A,ST_ANOM,PG,1975,-0.1,,CELSIUS,SE,0.1,N,
DATAFLOW,SPC:DF_CLIMATE_CHANGE(1.0),I,A,ST_ANOM,PG,1976,-0.3,,CELSIUS,SE,0.1,N,
DATAFLOW,SPC:DF_CLIMATE_CHANGE(1.0),I,A,ST_ANOM,PG,1977,-0.3,,CELSIUS,SE,0.1,N,
DATAFLOW,SPC:DF_CLIMATE_CHANGE(1.0),I,A,ST_ANOM,PG,1978,0,,CELSIUS,SE,0.1,N,
DATAFLOW,SPC:DF_CLIMATE_CHANGE(1.0),I,A,ST_ANOM,PG,1979,-0.1,,CELSIUS,SE,0,N,
DATAFLOW,SPC:DF_CLIMATE_CHANGE(1.0),I,A,ST_ANOM,PG,1980,-0.2,,CELSIUS,SE,0,N,
DATAFLOW,SPC:DF_CLIMATE_CHANGE(1.0),I,A,ST_ANOM,PG,1981,0.1,,CELSIUS,SE,0,N,
DATAFLOW,SPC:DF_CLIMATE_CHANGE(1.0),I,A,ST_ANOM,PG,1982,-0.5,,CELSIUS,SE,0.1,N,
DATAFLOW,SPC:DF_CLIMATE_CHANGE(1.0),I,A,ST_ANOM,PG,1983,0,,CELSIUS,SE,0,N,
DATAFLOW,SPC:DF_CLIMATE_CHANGE(1.0),I,A,ST_ANOM,PG,1984,-0.1,,CELSIUS,SE,0.1,N,
DATAFLOW,SPC:DF_CLIMATE_CHANGE(1.0),I,A,ST_ANOM,PG,1985,0,,CELSIUS,SE,0,N,
DATAFLOW,SPC:DF_CLIMATE_CHANGE(1.0),I,A,ST_ANOM,PG,1986,0,,CELSIUS,SE,0.1,N,
DATAFLOW,SPC:DF_CLIMATE_CHANGE(1.0),I,A,ST_ANOM,PG,1987,-0.1,,CELSIUS,SE,0.1,N,
DATAFLOW,SPC:DF_CLIMATE_CHANGE(1.0),I,A,ST_ANOM,PG,1988,0.3,,CELSIUS,SE,0.1,N,
DATAFLOW,SPC:DF_CLIMATE_CHANGE(1.0),I,A,ST_ANOM,PG,1989,0.2,,CELSIUS,SE,0.1,N,
DATAFLOW,SPC:DF_CLIMATE_CHANGE(1.0),I,A,ST_ANOM,PG,1990,0,,CELSIUS,SE,0.1,N,
DATAFLOW,SPC:DF_CLIMATE_CHANGE(1.0),I,A,ST_ANOM,PG,1991,-0.1,,CELSIUS,SE,0.1,N,
DATAFLOW,SPC:DF_CLIMATE_CHANGE(1.0),I,A,ST_ANOM,PG,1992,-0.2,,CELSIUS,SE,0.1,N,
DATAFLOW,SPC:DF_CLIMATE_CHANGE(1.0),I,A,ST_ANOM,PG,1993,-0.4,,CELSIUS,SE,0,N,
DATAFLOW,SPC:DF_CLIMATE_CHANGE(1.0),I,A,ST_ANOM,PG,1994,-0.2,,CELSIUS,SE,0.1,N,
DATAFLOW,SPC:DF_CLIMATE_CHANGE(1.0),I,A,ST_ANOM,PG,1995,0.2,,CELSIUS,SE,0,N,
DATAFLOW,SPC:DF_CLIMATE_CHANGE(1.0),I,A,ST_ANOM,PG,1996,0.4,,CELSIUS,SE,0,N,
DATAFLOW,SPC:DF_CLIMATE_CHANGE(1.0),I,A,ST_ANOM,PG,1997,-0.2,,CELSIUS,SE,0.1,N,
DATAFLOW,SPC:DF_CLIMATE_CHANGE(1.0),I,A,ST_ANOM,PG,1998,0.6,,CELSIUS,SE,0.1,N,
DATAFLOW,SPC:DF_CLIMATE_CHANGE(1.0),I,A,ST_ANOM,PG,1999,0.2,,CELSIUS,SE,0.1,N,
DATAFLOW,SPC:DF_CLIMATE_CHANGE(1.0),I,A,ST_ANOM,PG,2000,0.2,,CELSIUS,SE,0.1,N,
DATAFLOW,SPC:DF_CLIMATE_CHANGE(1.0),I,A,ST_ANOM,PG,2001,0.3,,CELSIUS,SE,0.1,N,
DATAFLOW,SPC:DF_CLIMATE_CHANGE(1.0),I,A,ST_ANOM,PG,2002,0.3,,CELSIUS,SE,0,N,
DATAFLOW,SPC:DF_CLIMATE_CHANGE(1.0),I,A,ST_ANOM,PG,2003,0.3,,CELSIUS,SE,0,N,
DATAFLOW,SPC:DF_CLIMATE_CHANGE(1.0),I,A,ST_ANOM,PG,2004,0.1,,CELSIUS,SE,0.1,N,
DATAFLOW,SPC:DF_CLIMATE_CHANGE(1.0),I,A,ST_ANOM,PG,2005,0.3,,CELSIUS,SE,0,N,
DATAFLOW,SPC:DF_CLIMATE_CHANGE(1.0),I,A,ST_ANOM,PG,2006,0.1,,CELSIUS,SE,0.1,N,
DATAFLOW,SPC:DF_CLIMATE_CHANGE(1.0),I,A,ST_ANOM,PG,2007,0.3,,CELSIUS,SE,0,N,
DATAFLOW,SPC:DF_CLIMATE_CHANGE(1.0),I,A,ST_ANOM,PG,2008,0.2,,CELSIUS,SE,0.1,N,
DATAFLOW,SPC:DF_CLIMATE_CHANGE(1.0),I,A,ST_ANOM,PG,2009,0.4,,CELSIUS,SE,0.1,N,
DATAFLOW,SPC:DF_CLIMATE_CHANGE(1.0),I,A,ST_ANOM,PG,2010,0.7,,CELSIUS,SE,0.1,N,
DATAFLOW,SPC:DF_CLIMATE_CHANGE(1.0),I,A,ST_ANOM,PG,2011,0.3,,CELSIUS,SE,0.1,N,
DATAFLOW,SPC:DF_CLIMATE_CHANGE(1.0),I,A,ST_ANOM,PG,2012,0.2,,CELSIUS,SE,0,N,
DATAFLOW,SPC:DF_CLIMATE_CHANGE(1.0),I,A,ST_ANOM,PG,2013,0.4,,CELSIUS,SE,0,N,
DATAFLOW,SPC:DF_CLIMATE_CHANGE(1.0),I,A,ST_ANOM,PG,2014,0.2,,CELSIUS,SE,0,N,
DATAFLOW,SPC:DF_CLIMATE_CHANGE(1.0),I,A,ST_ANOM,PG,2015,0.2,,CELSIUS,SE,0.1,N,
DATAFLOW,SPC:DF_CLIMATE_CHANGE(1.0),I,A,ST_ANOM,PG,2016,0.8,,CELSIUS,SE,0.1,N,
DATAFLOW,SPC:DF_CLIMATE_CHANGE(1.0),I,A,ST_ANOM,PG,2017,0.7,,CELSIUS,SE,0,N,
DATAFLOW,SPC:DF_CLIMATE_CHANGE(1.0),I,A,ST_ANOM,PG,2018,0.5,,CELSIUS,SE,0,N,
DATAFLOW,SPC:DF_CLIMATE_CHANGE(1.0),I,A,ST_ANOM,PG,2019,0.2,,CELSIUS,SE,0,N,
DATAFLOW,SPC:DF_CLIMATE_CHANGE(1.0),I,A,ST_ANOM,PG,2020,0.7,,CELSIUS,SE,0,N,
DATAFLOW,SPC:DF_CLIMATE_CHANGE(1.0),I,A,ST_ANOM,PG,2021,0.7,,CELSIUS,SE,0.1,N,
DATAFLOW,SPC:DF_CLIMATE_CHANGE(1.0),I,A,ST_ANOM,PG,2022,0.9,,CELSIUS,SE,0.1,N,
DATAFLOW,SPC:DF_CLIMATE_CHANGE(1.0),I,A,ST_ANOM,PG,2023,0.6,,CELSIUS,SE,0.1,N,
DATAFLOW,SPC:DF_CLIMATE_CHANGE(1.0),I,A,ST_ANOM,PG,2024,1,,CELSIUS,SE,0,N,
DATAFLOW,SPC:DF_CLIMATE_CHANGE(1.0),I,A,ST_ANOM,PG,2025,1.1,,CELSIUS,SE,0,N,
DATAFLOW,SPC:DF_CLIMATE_CHANGE(1.0),I,A,ST_ANOM,WS,1850,0.1,,CELSIUS,SE,0,N,
DATAFLOW,SPC:DF_CLIMATE_CHANGE(1.0),I,A,ST_ANOM,WS,1851,-0.3,,CELSIUS,SE,0,N,
DATAFLOW,SPC:DF_CLIMATE_CHANGE(1.0),I,A,ST_ANOM,WS,1852,0,,CELSIUS,SE,0,N,
DATAFLOW,SPC:DF_CLIMATE_CHANGE(1.0),I,A,ST_ANOM,WS,1853,0.3,,CELSIUS,SE,0.1,N,
DATAFLOW,SPC:DF_CLIMATE_CHANGE(1.0),I,A,ST_ANOM,WS,1854,0.1,,CELSIUS,SE,0.1,N,
DATAFLOW,SPC:DF_CLIMATE_CHANGE(1.0),I,A,ST_ANOM,WS,1855,-0.2,,CELSIUS,SE,0,N,
DATAFLOW,SPC:DF_CLIMATE_CHANGE(1.0),I,A,ST_ANOM,WS,1856,-0.2,,CELSIUS,SE,0.1,N,
DATAFLOW,SPC:DF_CLIMATE_CHANGE(1.0),I,A,ST_ANOM,WS,1857,-0.5,,CELSIUS,SE,0,N,
DATAFLOW,SPC:DF_CLIMATE_CHANGE(1.0),I,A,ST_ANOM,WS,1858,-0.2,,CELSIUS,SE,0.1,N,
DATAFLOW,SPC:DF_CLIMATE_CHANGE(1.0),I,A,ST_ANOM,WS,1859,0.1,,CELSIUS,SE,0,N,
DATAFLOW,SPC:DF_CLIMATE_CHANGE(1.0),I,A,ST_ANOM,WS,1860,-0.3,,CELSIUS,SE,0,N,
DATAFLOW,SPC:DF_CLIMATE_CHANGE(1.0),I,A,ST_ANOM,WS,1861,-0.6,,CELSIUS,SE,0.1,N,
DATAFLOW,SPC:DF_CLIMATE_CHANGE(1.0),I,A,ST_ANOM,WS,1862,-0.4,,CELSIUS,SE,0,N,
DATAFLOW,SPC:DF_CLIMATE_CHANGE(1.0),I,A,ST_ANOM,WS,1863,-0.4,,CELSIUS,SE,0,N,
DATAFLOW,SPC:DF_CLIMATE_CHANGE(1.0),I,A,ST_ANOM,WS,1864,-0.3,,CELSIUS,SE,0,N,
DATAFLOW,SPC:DF_CLIMATE_CHANGE(1.0),I,A,ST_ANOM,WS,1865,-0.3,,CELSIUS,SE,0,N,
DATAFLOW,SPC:DF_CLIMATE_CHANGE(1.0),I,A,ST_ANOM,WS,1866,-0.3,,CELSIUS,SE,0,N,
DATAFLOW,SPC:DF_CLIMATE_CHANGE(1.0),I,A,ST_ANOM,WS,1867,-0.2,,CELSIUS,SE,0,N,
DATAFLOW,SPC:DF_CLIMATE_CHANGE(1.0),I,A,ST_ANOM,WS,1868,-0.2,,CELSIUS,SE,0.1,N,
DATAFLOW,SPC:DF_CLIMATE_CHANGE(1.0),I,A,ST_ANOM,WS,1869,-0.1,,CELSIUS,SE,0.1,N,
DATAFLOW,SPC:DF_CLIMATE_CHANGE(1.0),I,A,ST_ANOM,WS,1870,-0.4,,CELSIUS,SE,0,N,
DATAFLOW,SPC:DF_CLIMATE_CHANGE(1.0),I,A,ST_ANOM,WS,1871,-0.1,,CELSIUS,SE,0,N,
DATAFLOW,SPC:DF_CLIMATE_CHANGE(1.0),I,A,ST_ANOM,WS,1872,-0.1,,CELSIUS,SE,0.1,N,
DATAFLOW,SPC:DF_CLIMATE_CHANGE(1.0),I,A,ST_ANOM,WS,1873,-0.5,,CELSIUS,SE,0,N,
DATAFLOW,SPC:DF_CLIMATE_CHANGE(1.0),I,A,ST_ANOM,WS,1874,-0.1,,CELSIUS,SE,0.1,N,
DATAFLOW,SPC:DF_CLIMATE_CHANGE(1.0),I,A,ST_ANOM,WS,1875,-0.2,,CELSIUS,SE,0.1,N,
DATAFLOW,SPC:DF_CLIMATE_CHANGE(1.0),I,A,ST_ANOM,WS,1876,-0.2,,CELSIUS,SE,0,N,
DATAFLOW,SPC:DF_CLIMATE_CHANGE(1.0),I,A,ST_ANOM,WS,1877,-0.2,,CELSIUS,SE,0,N,
DATAFLOW,SPC:DF_CLIMATE_CHANGE(1.0),I,A,ST_ANOM,WS,1878,-0.2,,CELSIUS,SE,0.1,N,
DATAFLOW,SPC:DF_CLIMATE_CHANGE(1.0),I,A,ST_ANOM,WS,1879,-0.4,,CELSIUS,SE,0.1,N,
DATAFLOW,SPC:DF_CLIMATE_CHANGE(1.0),I,A,ST_ANOM,WS,1880,-0.3,,CELSIUS,SE,0,N,
DATAFLOW,SPC:DF_CLIMATE_CHANGE(1.0),I,A,ST_ANOM,WS,1881,0.1,,CELSIUS,SE,0.1,N,
DATAFLOW,SPC:DF_CLIMATE_CHANGE(1.0),I,A,ST_ANOM,WS,1882,0,,CELSIUS,SE,0.1,N,
DATAFLOW,SPC:DF_CLIMATE_CHANGE(1.0),I,A,ST_ANOM,WS,1883,-0.4,,CELSIUS,SE,0.1,N,
DATAFLOW,SPC:DF_CLIMATE_CHANGE(1.0),I,A,ST_ANOM,WS,1884,-0.4,,CELSIUS,SE,0.1,N,
DATAFLOW,SPC:DF_CLIMATE_CHANGE(1.0),I,A,ST_ANOM,WS,1885,-0.5,,CELSIUS,SE,0.1,N,
DATAFLOW,SPC:DF_CLIMATE_CHANGE(1.0),I,A,ST_ANOM,WS,1886,-0.4,,CELSIUS,SE,0.1,N,
DATAFLOW,SPC:DF_CLIMATE_CHANGE(1.0),I,A,ST_ANOM,WS,1887,-0.4,,CELSIUS,SE,0.1,N,
DATAFLOW,SPC:DF_CLIMATE_CHANGE(1.0),I,A,ST_ANOM,WS,1888,-0.1,,CELSIUS,SE,0,N,
DATAFLOW,SPC:DF_CLIMATE_CHANGE(1.0),I,A,ST_ANOM,WS,1889,-0.2,,CELSIUS,SE,0,N,
DATAFLOW,SPC:DF_CLIMATE_CHANGE(1.0),I,A,ST_ANOM,WS,1890,-0.5,,CELSIUS,SE,0.1,N,
DATAFLOW,SPC:DF_CLIMATE_CHANGE(1.0),I,A,ST_ANOM,WS,1891,-0.4,,CELSIUS,SE,0.1,N,
DATAFLOW,SPC:DF_CLIMATE_CHANGE(1.0),I,A,ST_ANOM,WS,1892,-0.3,,CELSIUS,SE,0.1,N,
DATAFLOW,SPC:DF_CLIMATE_CHANGE(1.0),I,A,ST_ANOM,WS,1893,-0.7,,CELSIUS,SE,0.1,N,
DATAFLOW,SPC:DF_CLIMATE_CHANGE(1.0),I,A,ST_ANOM,WS,1894,-0.3,,CELSIUS,SE,0.1,N,
DATAFLOW,SPC:DF_CLIMATE_CHANGE(1.0),I,A,ST_ANOM,WS,1895,-0.2,,CELSIUS,SE,0.1,N,
DATAFLOW,SPC:DF_CLIMATE_CHANGE(1.0),I,A,ST_ANOM,WS,1896,-0.3,,CELSIUS,SE,0.1,N,
DATAFLOW,SPC:DF_CLIMATE_CHANGE(1.0),I,A,ST_ANOM,WS,1897,-0.2,,CELSIUS,SE,0.1,N,
DATAFLOW,SPC:DF_CLIMATE_CHANGE(1.0),I,A,ST_ANOM,WS,1898,-0.3,,CELSIUS,SE,0,N,
DATAFLOW,SPC:DF_CLIMATE_CHANGE(1.0),I,A,ST_ANOM,WS,1899,-0.2,,CELSIUS,SE,0.1,N,
DATAFLOW,SPC:DF_CLIMATE_CHANGE(1.0),I,A,ST_ANOM,WS,1900,0.2,,CELSIUS,SE,0.1,N,
DATAFLOW,SPC:DF_CLIMATE_CHANGE(1.0),I,A,ST_ANOM,WS,1901,0.1,,CELSIUS,SE,0.1,N,
DATAFLOW,SPC:DF_CLIMATE_CHANGE(1.0),I,A,ST_ANOM,WS,1902,-0.4,,CELSIUS,SE,0.1,N,
DATAFLOW,SPC:DF_CLIMATE_CHANGE(1.0),I,A,ST_ANOM,WS,1903,-0.2,,CELSIUS,SE,0.1,N,
DATAFLOW,SPC:DF_CLIMATE_CHANGE(1.0),I,A,ST_ANOM,WS,1904,-0.6,,CELSIUS,SE,0.1,N,
DATAFLOW,SPC:DF_CLIMATE_CHANGE(1.0),I,A,ST_ANOM,WS,1905,-0.4,,CELSIUS,SE,0,N,
DATAFLOW,SPC:DF_CLIMATE_CHANGE(1.0),I,A,ST_ANOM,WS,1906,-0.3,,CELSIUS,SE,0.1,N,
DATAFLOW,SPC:DF_CLIMATE_CHANGE(1.0),I,A,ST_ANOM,WS,1907,-0.4,,CELSIUS,SE,0.1,N,
DATAFLOW,SPC:DF_CLIMATE_CHANGE(1.0),I,A,ST_ANOM,WS,1908,-0.5,,CELSIUS,SE,0.1,N,
DATAFLOW,SPC:DF_CLIMATE_CHANGE(1.0),I,A,ST_ANOM,WS,1909,-0.8,,CELSIUS,SE,0.1,N,
DATAFLOW,SPC:DF_CLIMATE_CHANGE(1.0),I,A,ST_ANOM,WS,1910,-0.9,,CELSIUS,SE,0,N,
DATAFLOW,SPC:DF_CLIMATE_CHANGE(1.0),I,A,ST_ANOM,WS,1911,-0.6,,CELSIUS,SE,0.1,N,
DATAFLOW,SPC:DF_CLIMATE_CHANGE(1.0),I,A,ST_ANOM,WS,1912,-0.3,,CELSIUS,SE,0,N,
DATAFLOW,SPC:DF_CLIMATE_CHANGE(1.0),I,A,ST_ANOM,WS,1913,-0.5,,CELSIUS,SE,0,N,
DATAFLOW,SPC:DF_CLIMATE_CHANGE(1.0),I,A,ST_ANOM,WS,1914,-0.3,,CELSIUS,SE,0.1,N,
DATAFLOW,SPC:DF_CLIMATE_CHANGE(1.0),I,A,ST_ANOM,WS,1915,-0.2,,CELSIUS,SE,0.1,N,
DATAFLOW,SPC:DF_CLIMATE_CHANGE(1.0),I,A,ST_ANOM,WS,1916,-0.5,,CELSIUS,SE,0.1,N,
DATAFLOW,SPC:DF_CLIMATE_CHANGE(1.0),I,A,ST_ANOM,WS,1917,-1.1,,CELSIUS,SE,0.1,N,
DATAFLOW,SPC:DF_CLIMATE_CHANGE(1.0),I,A,ST_ANOM,WS,1918,-0.6,,CELSIUS,SE,0.1,N,
DATAFLOW,SPC:DF_CLIMATE_CHANGE(1.0),I,A,ST_ANOM,WS,1919,-0.8,,CELSIUS,SE,0.1,N,
DATAFLOW,SPC:DF_CLIMATE_CHANGE(1.0),I,A,ST_ANOM,WS,1920,-0.5,,CELSIUS,SE,0.1,N,
DATAFLOW,SPC:DF_CLIMATE_CHANGE(1.0),I,A,ST_ANOM,WS,1921,-0.5,,CELSIUS,SE,0.1,N,
DATAFLOW,SPC:DF_CLIMATE_CHANGE(1.0),I,A,ST_ANOM,WS,1922,-0.2,,CELSIUS,SE,0.1,N,
DATAFLOW,SPC:DF_CLIMATE_CHANGE(1.0),I,A,ST_ANOM,WS,1923,-0.4,,CELSIUS,SE,0,N,
DATAFLOW,SPC:DF_CLIMATE_CHANGE(1.0),I,A,ST_ANOM,WS,1924,-0.2,,CELSIUS,SE,0.1,N,
DATAFLOW,SPC:DF_CLIMATE_CHANGE(1.0),I,A,ST_ANOM,WS,1925,-0.3,,CELSIUS,SE,0.1,N,
DATAFLOW,SPC:DF_CLIMATE_CHANGE(1.0),I,A,ST_ANOM,WS,1926,-0.2,,CELSIUS,SE,0.1,N,
DATAFLOW,SPC:DF_CLIMATE_CHANGE(1.0),I,A,ST_ANOM,WS,1927,-0.4,,CELSIUS,SE,0.1,N,
DATAFLOW,SPC:DF_CLIMATE_CHANGE(1.0),I,A,ST_ANOM,WS,1928,-0.3,,CELSIUS,SE,0.1,N,
DATAFLOW,SPC:DF_CLIMATE_CHANGE(1.0),I,A,ST_ANOM,WS,1929,-0.3,,CELSIUS,SE,0,N,
DATAFLOW,SPC:DF_CLIMATE_CHANGE(1.0),I,A,ST_ANOM,WS,1930,-0.3,,CELSIUS,SE,0.1,N,
DATAFLOW,SPC:DF_CLIMATE_CHANGE(1.0),I,A,ST_ANOM,WS,1931,-0.2,,CELSIUS,SE,0,N,
DATAFLOW,SPC:DF_CLIMATE_CHANGE(1.0),I,A,ST_ANOM,WS,1932,-0.2,,CELSIUS,SE,0,N,
DATAFLOW,SPC:DF_CLIMATE_CHANGE(1.0),I,A,ST_ANOM,WS,1933,-0.6,,CELSIUS,SE,0.1,N,
DATAFLOW,SPC:DF_CLIMATE_CHANGE(1.0),I,A,ST_ANOM,WS,1934,-0.4,,CELSIUS,SE,0.1,N,
DATAFLOW,SPC:DF_CLIMATE_CHANGE(1.0),I,A,ST_ANOM,WS,1935,-0.4,,CELSIUS,SE,0.1,N,
DATAFLOW,SPC:DF_CLIMATE_CHANGE(1.0),I,A,ST_ANOM,WS,1936,-0.3,,CELSIUS,SE,0,N,
DATAFLOW,SPC:DF_CLIMATE_CHANGE(1.0),I,A,ST_ANOM,WS,1937,-0.3,,CELSIUS,SE,0,N,
DATAFLOW,SPC:DF_CLIMATE_CHANGE(1.0),I,A,ST_ANOM,WS,1938,-0.4,,CELSIUS,SE,0,N,
DATAFLOW,SPC:DF_CLIMATE_CHANGE(1.0),I,A,ST_ANOM,WS,1939,-0.6,,CELSIUS,SE,0,N,
DATAFLOW,SPC:DF_CLIMATE_CHANGE(1.0),I,A,ST_ANOM,WS,1940,0,,CELSIUS,SE,0.1,N,
DATAFLOW,SPC:DF_CLIMATE_CHANGE(1.0),I,A,ST_ANOM,WS,1941,0.1,,CELSIUS,SE,0,N,
DATAFLOW,SPC:DF_CLIMATE_CHANGE(1.0),I,A,ST_ANOM,WS,1942,0,,CELSIUS,SE,0.1,N,
DATAFLOW,SPC:DF_CLIMATE_CHANGE(1.0),I,A,ST_ANOM,WS,1943,-0.1,,CELSIUS,SE,0.1,N,
DATAFLOW,SPC:DF_CLIMATE_CHANGE(1.0),I,A,ST_ANOM,WS,1944,0.1,,CELSIUS,SE,0.1,N,
DATAFLOW,SPC:DF_CLIMATE_CHANGE(1.0),I,A,ST_ANOM,WS,1945,0.1,,CELSIUS,SE,0,N,
DATAFLOW,SPC:DF_CLIMATE_CHANGE(1.0),I,A,ST_ANOM,WS,1946,0.2,,CELSIUS,SE,0.1,N,
DATAFLOW,SPC:DF_CLIMATE_CHANGE(1.0),I,A,ST_ANOM,WS,1947,0.1,,CELSIUS,SE,0.1,N,
DATAFLOW,SPC:DF_CLIMATE_CHANGE(1.0),I,A,ST_ANOM,WS,1948,-0.2,,CELSIUS,SE,0.1,N,
DATAFLOW,SPC:DF_CLIMATE_CHANGE(1.0),I,A,ST_ANOM,WS,1949,-0.2,,CELSIUS,SE,0,N,
DATAFLOW,SPC:DF_CLIMATE_CHANGE(1.0),I,A,ST_ANOM,WS,1950,-0.4,,CELSIUS,SE,0.1,N,
DATAFLOW,SPC:DF_CLIMATE_CHANGE(1.0),I,A,ST_ANOM,WS,1951,-0.1,,CELSIUS,SE,0,N,
DATAFLOW,SPC:DF_CLIMATE_CHANGE(1.0),I,A,ST_ANOM,WS,1952,0,,CELSIUS,SE,0,N,
DATAFLOW,SPC:DF_CLIMATE_CHANGE(1.0),I,A,ST_ANOM,WS,1953,0.1,,CELSIUS,SE,0.1,N,
DATAFLOW,SPC:DF_CLIMATE_CHANGE(1.0),I,A,ST_ANOM,WS,1954,-0.1,,CELSIUS,SE,0.1,N,
DATAFLOW,SPC:DF_CLIMATE_CHANGE(1.0),I,A,ST_ANOM,WS,1955,-0.4,,CELSIUS,SE,0.1,N,
DATAFLOW,SPC:DF_CLIMATE_CHANGE(1.0),I,A,ST_ANOM,WS,1956,-0.4,,CELSIUS,SE,0.1,N,
DATAFLOW,SPC:DF_CLIMATE_CHANGE(1.0),I,A,ST_ANOM,WS,1957,-0.2,,CELSIUS,SE,0,N,
DATAFLOW,SPC:DF_CLIMATE_CHANGE(1.0),I,A,ST_ANOM,WS,1958,0,,CELSIUS,SE,0,N,
DATAFLOW,SPC:DF_CLIMATE_CHANGE(1.0),I,A,ST_ANOM,WS,1959,0.1,,CELSIUS,SE,0.1,N,
DATAFLOW,SPC:DF_CLIMATE_CHANGE(1.0),I,A,ST_ANOM,WS,1960,-0.1,,CELSIUS,SE,0.1,N,
DATAFLOW,SPC:DF_CLIMATE_CHANGE(1.0),I,A,ST_ANOM,WS,1961,0,,CELSIUS,SE,0.1,N,
DATAFLOW,SPC:DF_CLIMATE_CHANGE(1.0),I,A,ST_ANOM,WS,1962,-0.1,,CELSIUS,SE,0,N,
DATAFLOW,SPC:DF_CLIMATE_CHANGE(1.0),I,A,ST_ANOM,WS,1963,0,,CELSIUS,SE,0,N,
DATAFLOW,SPC:DF_CLIMATE_CHANGE(1.0),I,A,ST_ANOM,WS,1964,-0.2,,CELSIUS,SE,0.1,N,
DATAFLOW,SPC:DF_CLIMATE_CHANGE(1.0),I,A,ST_ANOM,WS,1965,-0.3,,CELSIUS,SE,0,N,
DATAFLOW,SPC:DF_CLIMATE_CHANGE(1.0),I,A,ST_ANOM,WS,1966,0.1,,CELSIUS,SE,0,N,
DATAFLOW,SPC:DF_CLIMATE_CHANGE(1.0),I,A,ST_ANOM,WS,1967,-0.3,,CELSIUS,SE,0,N,
DATAFLOW,SPC:DF_CLIMATE_CHANGE(1.0),I,A,ST_ANOM,WS,1968,-0.1,,CELSIUS,SE,0.1,N,
DATAFLOW,SPC:DF_CLIMATE_CHANGE(1.0),I,A,ST_ANOM,WS,1969,0.3,,CELSIUS,SE,0,N,
DATAFLOW,SPC:DF_CLIMATE_CHANGE(1.0),I,A,ST_ANOM,WS,1970,0,,CELSIUS,SE,0.1,N,
DATAFLOW,SPC:DF_CLIMATE_CHANGE(1.0),I,A,ST_ANOM,WS,1971,-0.3,,CELSIUS,SE,0.1,N,
DATAFLOW,SPC:DF_CLIMATE_CHANGE(1.0),I,A,ST_ANOM,WS,1972,-0.2,,CELSIUS,SE,0,N,
DATAFLOW,SPC:DF_CLIMATE_CHANGE(1.0),I,A,ST_ANOM,WS,1973,0,,CELSIUS,SE,0.1,N,
DATAFLOW,SPC:DF_CLIMATE_CHANGE(1.0),I,A,ST_ANOM,WS,1974,-0.4,,CELSIUS,SE,0.1,N,
DATAFLOW,SPC:DF_CLIMATE_CHANGE(1.0),I,A,ST_ANOM,WS,1975,-0.4,,CELSIUS,SE,0.1,N,
DATAFLOW,SPC:DF_CLIMATE_CHANGE(1.0),I,A,ST_ANOM,WS,1976,-0.4,,CELSIUS,SE,0.1,N,
DATAFLOW,SPC:DF_CLIMATE_CHANGE(1.0),I,A,ST_ANOM,WS,1977,0,,CELSIUS,SE,0,N,
DATAFLOW,SPC:DF_CLIMATE_CHANGE(1.0),I,A,ST_ANOM,WS,1978,0,,CELSIUS,SE,0.1,N,
DATAFLOW,SPC:DF_CLIMATE_CHANGE(1.0),I,A,ST_ANOM,WS,1979,0,,CELSIUS,SE,0,N,
DATAFLOW,SPC:DF_CLIMATE_CHANGE(1.0),I,A,ST_ANOM,WS,1980,0.2,,CELSIUS,SE,0,N,
DATAFLOW,SPC:DF_CLIMATE_CHANGE(1.0),I,A,ST_ANOM,WS,1981,-0.1,,CELSIUS,SE,0.1,N,
DATAFLOW,SPC:DF_CLIMATE_CHANGE(1.0),I,A,ST_ANOM,WS,1982,0,,CELSIUS,SE,0.1,N,
DATAFLOW,SPC:DF_CLIMATE_CHANGE(1.0),I,A,ST_ANOM,WS,1983,-0.2,,CELSIUS,SE,0.1,N,
DATAFLOW,SPC:DF_CLIMATE_CHANGE(1.0),I,A,ST_ANOM,WS,1984,0,,CELSIUS,SE,0.1,N,
DATAFLOW,SPC:DF_CLIMATE_CHANGE(1.0),I,A,ST_ANOM,WS,1985,-0.2,,CELSIUS,SE,0,N,
DATAFLOW,SPC:DF_CLIMATE_CHANGE(1.0),I,A,ST_ANOM,WS,1986,0,,CELSIUS,SE,0,N,
DATAFLOW,SPC:DF_CLIMATE_CHANGE(1.0),I,A,ST_ANOM,WS,1987,0,,CELSIUS,SE,0.1,N,
DATAFLOW,SPC:DF_CLIMATE_CHANGE(1.0),I,A,ST_ANOM,WS,1988,0.1,,CELSIUS,SE,0.1,N,
DATAFLOW,SPC:DF_CLIMATE_CHANGE(1.0),I,A,ST_ANOM,WS,1989,-0.2,,CELSIUS,SE,0.1,N,
DATAFLOW,SPC:DF_CLIMATE_CHANGE(1.0),I,A,ST_ANOM,WS,1990,0.1,,CELSIUS,SE,0.1,N,
DATAFLOW,SPC:DF_CLIMATE_CHANGE(1.0),I,A,ST_ANOM,WS,1991,0.4,,CELSIUS,SE,0,N,
DATAFLOW,SPC:DF_CLIMATE_CHANGE(1.0),I,A,ST_ANOM,WS,1992,0.2,,CELSIUS,SE,0.1,N,
DATAFLOW,SPC:DF_CLIMATE_CHANGE(1.0),I,A,ST_ANOM,WS,1993,0.1,,CELSIUS,SE,0,N,
DATAFLOW,SPC:DF_CLIMATE_CHANGE(1.0),I,A,ST_ANOM,WS,1994,0.3,,CELSIUS,SE,0,N,
DATAFLOW,SPC:DF_CLIMATE_CHANGE(1.0),I,A,ST_ANOM,WS,1995,0.3,,CELSIUS,SE,0,N,
DATAFLOW,SPC:DF_CLIMATE_CHANGE(1.0),I,A,ST_ANOM,WS,1996,0.1,,CELSIUS,SE,0,N,
DATAFLOW,SPC:DF_CLIMATE_CHANGE(1.0),I,A,ST_ANOM,WS,1997,-0.1,,CELSIUS,SE,0.1,N,
DATAFLOW,SPC:DF_CLIMATE_CHANGE(1.0),I,A,ST_ANOM,WS,1998,-0.2,,CELSIUS,SE,0,N,
DATAFLOW,SPC:DF_CLIMATE_CHANGE(1.0),I,A,ST_ANOM,WS,1999,0,,CELSIUS,SE,0,N,
DATAFLOW,SPC:DF_CLIMATE_CHANGE(1.0),I,A,ST_ANOM,WS,2000,0.2,,CELSIUS,SE,0,N,
DATAFLOW,SPC:DF_CLIMATE_CHANGE(1.0),I,A,ST_ANOM,WS,2001,0.2,,CELSIUS,SE,0,N,
DATAFLOW,SPC:DF_CLIMATE_CHANGE(1.0),I,A,ST_ANOM,WS,2002,0.4,,CELSIUS,SE,0,N,
DATAFLOW,SPC:DF_CLIMATE_CHANGE(1.0),I,A,ST_ANOM,WS,2003,0.5,,CELSIUS,SE,0,N,
DATAFLOW,SPC:DF_CLIMATE_CHANGE(1.0),I,A,ST_ANOM,WS,2004,0.5,,CELSIUS,SE,0,N,
DATAFLOW,SPC:DF_CLIMATE_CHANGE(1.0),I,A,ST_ANOM,WS,2005,0.6,,CELSIUS,SE,0,N,
DATAFLOW,SPC:DF_CLIMATE_CHANGE(1.0),I,A,ST_ANOM,WS,2006,0.5,,CELSIUS,SE,0,N,
DATAFLOW,SPC:DF_CLIMATE_CHANGE(1.0),I,A,ST_ANOM,WS,2007,0.5,,CELSIUS,SE,0.1,N,
DATAFLOW,SPC:DF_CLIMATE_CHANGE(1.0),I,A,ST_ANOM,WS,2008,0,,CELSIUS,SE,0.1,N,
DATAFLOW,SPC:DF_CLIMATE_CHANGE(1.0),I,A,ST_ANOM,WS,2009,0.4,,CELSIUS,SE,0,N,
DATAFLOW,SPC:DF_CLIMATE_CHANGE(1.0),I,A,ST_ANOM,WS,2010,0.4,,CELSIUS,SE,0.1,N,
DATAFLOW,SPC:DF_CLIMATE_CHANGE(1.0),I,A,ST_ANOM,WS,2011,0,,CELSIUS,SE,0.1,N,
DATAFLOW,SPC:DF_CLIMATE_CHANGE(1.0),I,A,ST_ANOM,WS,2012,0.4,,CELSIUS,SE,0.1,N,
DATAFLOW,SPC:DF_CLIMATE_CHANGE(1.0),I,A,ST_ANOM,WS,2013,0.5,,CELSIUS,SE,0,N,
DATAFLOW,SPC:DF_CLIMATE_CHANGE(1.0),I,A,ST_ANOM,WS,2014,0.6,,CELSIUS,SE,0,N,
DATAFLOW,SPC:DF_CLIMATE_CHANGE(1.0),I,A,ST_ANOM,WS,2015,0.5,,CELSIUS,SE,0.1,N,
DATAFLOW,SPC:DF_CLIMATE_CHANGE(1.0),I,A,ST_ANOM,WS,2016,0.6,,CELSIUS,SE,0,N,
DATAFLOW,SPC:DF_CLIMATE_CHANGE(1.0),I,A,ST_ANOM,WS,2017,0.6,,CELSIUS,SE,0,N,
DATAFLOW,SPC:DF_CLIMATE_CHANGE(1.0),I,A,ST_ANOM,WS,2018,0.6,,CELSIUS,SE,0.1,N,
DATAFLOW,SPC:DF_CLIMATE_CHANGE(1.0),I,A,ST_ANOM,WS,2019,0.7,,CELSIUS,SE,0,N,
DATAFLOW,SPC:DF_CLIMATE_CHANGE(1.0),I,A,ST_ANOM,WS,2020,0.6,,CELSIUS,SE,0.1,N,
DATAFLOW,SPC:DF_CLIMATE_CHANGE(1.0),I,A,ST_ANOM,WS,2021,0.3,,CELSIUS,SE,0,N,
DATAFLOW,SPC:DF_CLIMATE_CHANGE(1.0),I,A,ST_ANOM,WS,2022,0.2,,CELSIUS,SE,0,N,
DATAFLOW,SPC:DF_CLIMATE_CHANGE(1.0),I,A,ST_ANOM,WS,2023,0.6,,CELSIUS,SE,0,N,
DATAFLOW,SPC:DF_CLIMATE_CHANGE(1.0),I,A,ST_ANOM,WS,2024,0.8,,CELSIUS,SE,0.1,N,
DATAFLOW,SPC:DF_CLIMATE_CHANGE(1.0),I,A,ST_ANOM,WS,2025,0.5,,CELSIUS,SE,0,N,
